{
  "0": {
    "img_file": "0.jpg",
    "car_pos": [
      0.0,
      0.0
    ],
    "car_vel": [
      0.7249664277566925,
      0.0
    ],
    "ball_in_frame": 1
  },
  "1": {
    "img_file": "1.jpg",
    "car_pos": [
      0.15262451110667216,
      0.0
    ],
    "car_vel": [
      0.7249664277566925,
      0.0
    ],
    "ball_in_frame": 1
  },
  "2": {
    "img_file": "2.jpg",
    "car_pos": [
      0.30524902221334416,
      0.0
    ],
    "car_vel": [
      0.7249664277566925,
      0.0
    ],
    "ball_in_frame": 1
  },
  "3": {
    "img_file": "3.jpg",
    "car_pos": [
      0.4578735333200163,
      0.0
    ],
    "car_vel": [
      0.7249664277566925,
      0.0
    ],
    "ball_in_frame": 1
  },
  "4": {
    "img_file": "4.jpg",
    "car_pos": [
      0.6104980444266883,
      0.0
    ],
    "car_vel": [
      0.7249664277566925,
      0.0
    ],
    "ball_in_frame": 1
  },
  "5": {
    "img_file": "5.jpg",
    "car_pos": [
      0.7631225555333605,
      0.0
    ],
    "car_vel": [
      0.7249664277566925,
      0.0
    ],
    "ball_in_frame": 1
  },
  "6": {
    "img_file": "6.jpg",
    "car_pos": [
      0.9157470666400327,
      0.0
    ],
    "car_vel": [
      0.7249664277566925,
      0.0
    ],
    "ball_in_frame": 1
  },
  "7": {
    "img_file": "7.jpg",
    "car_pos": [
      1.0683715777467049,
      0.0
    ],
    "car_vel": [
      0.7249664277566925,
      0.0
    ],
    "ball_in_frame": 1
  },
  "8": {
    "img_file": "8.jpg",
    "car_pos": [
      1.220996088853377,
      0.0
    ],
    "car_vel": [
      0.7249664277566925,
      0.0
    ],
    "ball_in_frame": 1
  },
  "9": {
    "img_file": "9.jpg",
    "car_pos": [
      1.373620599960049,
      0.0
    ],
    "car_vel": [
      0.7249664277566925,
      0.0
    ],
    "ball_in_frame": 1
  },
  "ball_trj": {
    "pos": [
      [
        3.4364755804458733,
        3.5351288355922414,
        3.631631387563477,
        3.72598323635958,
        3.8181843819805503,
        3.9082348244263887,
        3.9961345636970935,
        4.081883599792667,
        4.1654819327131065,
        4.246929562458415
      ],
      [
        -1.3106631825902082,
        -1.386854987269384,
        -1.461385762558304,
        -1.5342555084569671,
        -1.605464224965374,
        -1.6750119120835247,
        -1.7428985698114186,
        -1.8091241981490562,
        -1.8736887970964375,
        -1.9365923666535625
      ]
    ],
    "vel": [
      [
        0.4737108819861875,
        0.4634950419043079,
        0.45327920182242826,
        0.4430633617405486,
        0.432847521658669,
        0.4226316815767893,
        0.41241584149490973,
        0.40220000141303014,
        0.39198416133115044,
        0.38176832124927085
      ],
      [
        -0.36585601702794546,
        -0.35796612742422745,
        -0.3500762378205094,
        -0.3421863482167914,
        -0.33429645861307333,
        -0.3264065690093553,
        -0.3185166794056372,
        -0.3106267898019192,
        -0.3027369001982011,
        -0.29484701059448315
      ]
    ]
  }
}