{
  "0": {
    "img_file": "0.jpg",
    "car_pos": [
      0.0,
      0.0
    ],
    "car_vel": [
      0.13784206337777527,
      0.0
    ],
    "ball_in_frame": 1
  },
  "1": {
    "img_file": "1.jpg",
    "car_pos": [
      0.02901938176374216,
      0.0
    ],
    "car_vel": [
      0.13784206337777527,
      0.0
    ],
    "ball_in_frame": 1
  },
  "2": {
    "img_file": "2.jpg",
    "car_pos": [
      0.05803876352748431,
      0.0
    ],
    "car_vel": [
      0.13784206337777527,
      0.0
    ],
    "ball_in_frame": 1
  },
  "3": {
    "img_file": "3.jpg",
    "car_pos": [
      0.08705814529122649,
      0.0
    ],
    "car_vel": [
      0.13784206337777527,
      0.0
    ],
    "ball_in_frame": 1
  },
  "4": {
    "img_file": "4.jpg",
    "car_pos": [
      0.11607752705496864,
      0.0
    ],
    "car_vel": [
      0.13784206337777527,
      0.0
    ],
    "ball_in_frame": 1
  },
  "5": {
    "img_file": "5.jpg",
    "car_pos": [
      0.1450969088187108,
      0.0
    ],
    "car_vel": [
      0.13784206337777527,
      0.0
    ],
    "ball_in_frame": 1
  },
  "6": {
    "img_file": "6.jpg",
    "car_pos": [
      0.17411629058245298,
      0.0
    ],
    "car_vel": [
      0.13784206337777527,
      0.0
    ],
    "ball_in_frame": 1
  },
  "7": {
    "img_file": "7.jpg",
    "car_pos": [
      0.20313567234619515,
      0.0
    ],
    "car_vel": [
      0.13784206337777527,
      0.0
    ],
    "ball_in_frame": 1
  },
  "8": {
    "img_file": "8.jpg",
    "car_pos": [
      0.23215505410993725,
      0.0
    ],
    "car_vel": [
      0.13784206337777527,
      0.0
    ],
    "ball_in_frame": 1
  },
  "9": {
    "img_file": "9.jpg",
    "car_pos": [
      0.2611744358736795,
      0.0
    ],
    "car_vel": [
      0.13784206337777527,
      0.0
    ],
    "ball_in_frame": 1
  },
  "ball_trj": {
    "pos": [
      [
        2.818091089374909,
        2.8435675151550055,
        2.8683427053974464,
        2.892416660102231,
        2.91578937926936,
        2.9384608628988333,
        2.9604311109906507,
        2.981700123544812,
        3.0022679005613178,
        3.022134442040168
      ],
      [
        0.33545803952247744,
        0.43084143580150114,
        0.5235994156366915,
        0.613731979028049,
        0.7012391259755734,
        0.7861208564792647,
        0.8683771705391224,
        0.9480080681551472,
        1.0250135493273391,
        1.0993936140556975
      ]
    ],
    "vel": [
      [
        0.12267845685739037,
        0.11934758805352522,
        0.11601671924966006,
        0.1126858504457949,
        0.10935498164192975,
        0.1060241128380646,
        0.10269324403419944,
        0.09936237523033428,
        0.09603150642646913,
        0.09270063762260397
      ],
      [
        0.4593064963794659,
        0.4468357682712585,
        0.4343650401630511,
        0.42189431205484373,
        0.40942358394663636,
        0.3969528558384289,
        0.3844821277302215,
        0.3720113996220141,
        0.35954067151380675,
        0.3470699434055993
      ]
    ]
  }
}