{
  "0": {
    "img_file": "0.jpg",
    "car_pos": [
      0.0,
      0.0
    ],
    "car_vel": [
      0.5333805745832778,
      0.0
    ],
    "ball_in_frame": 1
  },
  "1": {
    "img_file": "1.jpg",
    "car_pos": [
      0.11229064728069006,
      0.0
    ],
    "car_vel": [
      0.5333805745832778,
      0.0
    ],
    "ball_in_frame": 1
  },
  "2": {
    "img_file": "2.jpg",
    "car_pos": [
      0.2245812945613802,
      0.0
    ],
    "car_vel": [
      0.5333805745832778,
      0.0
    ],
    "ball_in_frame": 1
  },
  "3": {
    "img_file": "3.jpg",
    "car_pos": [
      0.33687194184207025,
      0.0
    ],
    "car_vel": [
      0.5333805745832778,
      0.0
    ],
    "ball_in_frame": 1
  },
  "4": {
    "img_file": "4.jpg",
    "car_pos": [
      0.4491625891227603,
      0.0
    ],
    "car_vel": [
      0.5333805745832778,
      0.0
    ],
    "ball_in_frame": 1
  },
  "5": {
    "img_file": "5.jpg",
    "car_pos": [
      0.5614532364034504,
      0.0
    ],
    "car_vel": [
      0.5333805745832778,
      0.0
    ],
    "ball_in_frame": 1
  },
  "6": {
    "img_file": "6.jpg",
    "car_pos": [
      0.6737438836841405,
      0.0
    ],
    "car_vel": [
      0.5333805745832778,
      0.0
    ],
    "ball_in_frame": 1
  },
  "7": {
    "img_file": "7.jpg",
    "car_pos": [
      0.7860345309648304,
      0.0
    ],
    "car_vel": [
      0.5333805745832778,
      0.0
    ],
    "ball_in_frame": 1
  },
  "8": {
    "img_file": "8.jpg",
    "car_pos": [
      0.8983251782455205,
      0.0
    ],
    "car_vel": [
      0.5333805745832778,
      0.0
    ],
    "ball_in_frame": 1
  },
  "9": {
    "img_file": "9.jpg",
    "car_pos": [
      1.0106158255262108,
      0.0
    ],
    "car_vel": [
      0.5333805745832778,
      0.0
    ],
    "ball_in_frame": 1
  },
  "ball_trj": {
    "pos": [
      [
        3.2444594221354133,
        3.3094793297338,
        3.3734839789447935,
        3.436473369768395,
        3.4984475022046038,
        3.5594063762534205,
        3.6193499919148446,
        3.678278349188876,
        3.7361914480755156,
        3.7930892885747625
      ],
      [
        -1.8635168215077296,
        -2.024947584468688,
        -2.1838576742676414,
        -2.340247090904591,
        -2.4941158343795364,
        -2.645463904692477,
        -2.7942913018434123,
        -2.9405980258323434,
        -3.0843840766592683,
        -3.22564945432419
      ]
    ],
    "vel": [
      [
        0.31125579976239137,
        0.3064333224222774,
        0.3016108450821634,
        0.2967883677420494,
        0.2919658904019354,
        0.2871434130618214,
        0.2823209357217074,
        0.2774984583815934,
        0.27267598104147944,
        0.2678535037013654
      ],
      [
        -0.7727827228243134,
        -0.7608095253047915,
        -0.7488363277852698,
        -0.736863130265748,
        -0.7248899327462262,
        -0.7129167352267043,
        -0.7009435377071824,
        -0.6889703401876607,
        -0.6769971426681388,
        -0.6650239451486171
      ]
    ]
  }
}