{
  "0": {
    "img_file": "0.jpg",
    "car_pos": [
      0.0,
      0.0
    ],
    "car_vel": [
      0.2388379726941452,
      0.0
    ],
    "ball_in_frame": 1
  },
  "1": {
    "img_file": "1.jpg",
    "car_pos": [
      0.050281678461925314,
      0.0
    ],
    "car_vel": [
      0.2388379726941452,
      0.0
    ],
    "ball_in_frame": 1
  },
  "2": {
    "img_file": "2.jpg",
    "car_pos": [
      0.10056335692385067,
      0.0
    ],
    "car_vel": [
      0.2388379726941452,
      0.0
    ],
    "ball_in_frame": 1
  },
  "3": {
    "img_file": "3.jpg",
    "car_pos": [
      0.1508450353857759,
      0.0
    ],
    "car_vel": [
      0.2388379726941452,
      0.0
    ],
    "ball_in_frame": 1
  },
  "4": {
    "img_file": "4.jpg",
    "car_pos": [
      0.2011267138477012,
      0.0
    ],
    "car_vel": [
      0.2388379726941452,
      0.0
    ],
    "ball_in_frame": 1
  },
  "5": {
    "img_file": "5.jpg",
    "car_pos": [
      0.2514083923096265,
      0.0
    ],
    "car_vel": [
      0.2388379726941452,
      0.0
    ],
    "ball_in_frame": 1
  },
  "6": {
    "img_file": "6.jpg",
    "car_pos": [
      0.3016900707715518,
      0.0
    ],
    "car_vel": [
      0.2388379726941452,
      0.0
    ],
    "ball_in_frame": 1
  },
  "7": {
    "img_file": "7.jpg",
    "car_pos": [
      0.3519717492334771,
      0.0
    ],
    "car_vel": [
      0.2388379726941452,
      0.0
    ],
    "ball_in_frame": 1
  },
  "8": {
    "img_file": "8.jpg",
    "car_pos": [
      0.40225342769540245,
      0.0
    ],
    "car_vel": [
      0.2388379726941452,
      0.0
    ],
    "ball_in_frame": 1
  },
  "9": {
    "img_file": "9.jpg",
    "car_pos": [
      0.4525351061573278,
      0.0
    ],
    "car_vel": [
      0.2388379726941452,
      0.0
    ],
    "ball_in_frame": 1
  },
  "ball_trj": {
    "pos": [
      [
        3.52679033996828,
        3.63553690688056,
        3.7416426391541715,
        3.8451075367891145,
        3.945931599785389,
        4.044114828142996,
        4.139657221861935,
        4.232558780942204,
        4.322819505383805,
        4.410439395186739
      ],
      [
        0.585962467883633,
        0.6123470089515739,
        0.6380908198157392,
        0.663193900476129,
        0.6876562509327435,
        0.7114778711855825,
        0.7346587612346458,
        0.7571989210799339,
        0.7790983507214465,
        0.8003570501591837
      ]
    ],
    "vel": [
      [
        0.5228181751001667,
        0.5102742105664919,
        0.4977302460328171,
        0.48518628149914234,
        0.47264231696546743,
        0.46009835243179265,
        0.44755438789811786,
        0.43501042336444307,
        0.42246645883076817,
        0.4099224942970934
      ],
      [
        0.12684830430668528,
        0.12380483583875188,
        0.12076136737081847,
        0.11771789890288505,
        0.11467443043495162,
        0.11163096196701822,
        0.1085874934990848,
        0.10554402503115137,
        0.10250055656321795,
        0.09945708809528453
      ]
    ]
  }
}