{
  "0": {
    "img_file": "0.jpg",
    "car_pos": [
      0.0,
      0.0
    ],
    "car_vel": [
      0.8133975770979806,
      0.0
    ],
    "ball_in_frame": 1
  },
  "1": {
    "img_file": "1.jpg",
    "car_pos": [
      0.17124159517852222,
      0.0
    ],
    "car_vel": [
      0.8133975770979806,
      0.0
    ],
    "ball_in_frame": 1
  },
  "2": {
    "img_file": "2.jpg",
    "car_pos": [
      0.3424831903570444,
      0.0
    ],
    "car_vel": [
      0.8133975770979806,
      0.0
    ],
    "ball_in_frame": 1
  },
  "3": {
    "img_file": "3.jpg",
    "car_pos": [
      0.5137247855355667,
      0.0
    ],
    "car_vel": [
      0.8133975770979806,
      0.0
    ],
    "ball_in_frame": 1
  },
  "4": {
    "img_file": "4.jpg",
    "car_pos": [
      0.6849663807140889,
      0.0
    ],
    "car_vel": [
      0.8133975770979806,
      0.0
    ],
    "ball_in_frame": 1
  },
  "5": {
    "img_file": "5.jpg",
    "car_pos": [
      0.8562079758926111,
      0.0
    ],
    "car_vel": [
      0.8133975770979806,
      0.0
    ],
    "ball_in_frame": 1
  },
  "6": {
    "img_file": "6.jpg",
    "car_pos": [
      1.0274495710711333,
      0.0
    ],
    "car_vel": [
      0.8133975770979806,
      0.0
    ],
    "ball_in_frame": 1
  },
  "7": {
    "img_file": "7.jpg",
    "car_pos": [
      1.1986911662496558,
      0.0
    ],
    "car_vel": [
      0.8133975770979806,
      0.0
    ],
    "ball_in_frame": 1
  },
  "8": {
    "img_file": "8.jpg",
    "car_pos": [
      1.3699327614281778,
      0.0
    ],
    "car_vel": [
      0.8133975770979806,
      0.0
    ],
    "ball_in_frame": 1
  },
  "9": {
    "img_file": "9.jpg",
    "car_pos": [
      1.5411743566067004,
      0.0
    ],
    "car_vel": [
      0.8133975770979806,
      0.0
    ],
    "ball_in_frame": 1
  },
  "ball_trj": {
    "pos": [
      [
        3.497645605848755,
        3.616501635382826,
        3.733469419629441,
        3.848548958588601,
        3.9617402522603067,
        4.0730433006445566,
        4.18245810374135,
        4.28998466155069,
        4.395622974072575,
        4.4993730413070026
      ],
      [
        -1.4599913127456596,
        -1.5830016930628084,
        -1.7040578286365267,
        -1.823159719466815,
        -1.9403073655536738,
        -2.0555007668971026,
        -2.168739923497101,
        -2.280024835353669,
        -2.3893555024668074,
        -2.496731924836514
      ]
    ],
    "vel": [
      [
        0.5690507228445414,
        0.5600815577291292,
        0.5511123926137169,
        0.5421432274983048,
        0.5331740623828926,
        0.5242048972674803,
        0.5152357321520682,
        0.506266567036656,
        0.49729740192124366,
        0.48832823680583154
      ],
      [
        -0.588940637772102,
        -0.5796579752408091,
        -0.5703753127095162,
        -0.5610926501782234,
        -0.5518099876469305,
        -0.5425273251156376,
        -0.5332446625843448,
        -0.5239620000530518,
        -0.514679337521759,
        -0.505396674990466
      ]
    ]
  }
}