{
  "0": {
    "img_file": "0.jpg",
    "car_pos": [
      0.0,
      0.0
    ],
    "car_vel": [
      0.09764202953282375,
      0.0
    ],
    "ball_in_frame": 1
  },
  "1": {
    "img_file": "1.jpg",
    "car_pos": [
      0.020556216743752374,
      0.0
    ],
    "car_vel": [
      0.09764202953282375,
      0.0
    ],
    "ball_in_frame": 1
  },
  "2": {
    "img_file": "2.jpg",
    "car_pos": [
      0.04111243348750475,
      0.0
    ],
    "car_vel": [
      0.09764202953282375,
      0.0
    ],
    "ball_in_frame": 1
  },
  "3": {
    "img_file": "3.jpg",
    "car_pos": [
      0.0616686502312571,
      0.0
    ],
    "car_vel": [
      0.09764202953282375,
      0.0
    ],
    "ball_in_frame": 1
  },
  "4": {
    "img_file": "4.jpg",
    "car_pos": [
      0.08222486697500947,
      0.0
    ],
    "car_vel": [
      0.09764202953282375,
      0.0
    ],
    "ball_in_frame": 1
  },
  "5": {
    "img_file": "5.jpg",
    "car_pos": [
      0.10278108371876184,
      0.0
    ],
    "car_vel": [
      0.09764202953282375,
      0.0
    ],
    "ball_in_frame": 1
  },
  "6": {
    "img_file": "6.jpg",
    "car_pos": [
      0.1233373004625142,
      0.0
    ],
    "car_vel": [
      0.09764202953282375,
      0.0
    ],
    "ball_in_frame": 1
  },
  "7": {
    "img_file": "7.jpg",
    "car_pos": [
      0.14389351720626659,
      0.0
    ],
    "car_vel": [
      0.09764202953282375,
      0.0
    ],
    "ball_in_frame": 1
  },
  "8": {
    "img_file": "8.jpg",
    "car_pos": [
      0.16444973395001897,
      0.0
    ],
    "car_vel": [
      0.09764202953282375,
      0.0
    ],
    "ball_in_frame": 1
  },
  "9": {
    "img_file": "9.jpg",
    "car_pos": [
      0.18500595069377135,
      0.0
    ],
    "car_vel": [
      0.09764202953282375,
      0.0
    ],
    "ball_in_frame": 1
  },
  "ball_trj": {
    "pos": [
      [
        3.3946064565270473,
        3.3526985875656736,
        3.312704528309735,
        3.2746242787592315,
        3.2384578389141625,
        3.2042052087745283,
        3.171866388340329,
        3.141441377611564,
        3.1129301765882342,
        3.0863327852703395
      ],
      [
        0.7351225823075793,
        0.777367817033901,
        0.8176838355478182,
        0.8560706378493308,
        0.8925282239384391,
        0.9270565938151429,
        0.9596557474794418,
        0.9903256849313367,
        1.0190664061708268,
        1.0458779111979124
      ]
    ],
    "vel": [
      [
        -0.2036076756169311,
        -0.1945170795161158,
        -0.1854264834153005,
        -0.17633588731448518,
        -0.16724529121366985,
        -0.15815469511285452,
        -0.1490640990120392,
        -0.1399735029112239,
        -0.1308829068104086,
        -0.12179231070959326
      ],
      [
        0.205246753454489,
        0.19608297644556752,
        0.18691919943664603,
        0.17775542242772457,
        0.16859164541880312,
        0.1594278684098816,
        0.15026409140096011,
        0.14110031439203866,
        0.13193653738311717,
        0.12277276037419568
      ]
    ]
  }
}