{
  "0": {
    "img_file": "0.jpg",
    "car_pos": [
      0.0,
      0.0
    ],
    "car_vel": [
      0.5568927545871933,
      0.0
    ],
    "ball_in_frame": 1
  },
  "1": {
    "img_file": "1.jpg",
    "car_pos": [
      0.11724057991309332,
      0.0
    ],
    "car_vel": [
      0.5568927545871933,
      0.0
    ],
    "ball_in_frame": 1
  },
  "2": {
    "img_file": "2.jpg",
    "car_pos": [
      0.23448115982618664,
      0.0
    ],
    "car_vel": [
      0.5568927545871933,
      0.0
    ],
    "ball_in_frame": 1
  },
  "3": {
    "img_file": "3.jpg",
    "car_pos": [
      0.35172173973928,
      0.0
    ],
    "car_vel": [
      0.5568927545871933,
      0.0
    ],
    "ball_in_frame": 1
  },
  "4": {
    "img_file": "4.jpg",
    "car_pos": [
      0.46896231965237334,
      0.0
    ],
    "car_vel": [
      0.5568927545871933,
      0.0
    ],
    "ball_in_frame": 1
  },
  "5": {
    "img_file": "5.jpg",
    "car_pos": [
      0.5862028995654667,
      0.0
    ],
    "car_vel": [
      0.5568927545871933,
      0.0
    ],
    "ball_in_frame": 1
  },
  "6": {
    "img_file": "6.jpg",
    "car_pos": [
      0.70344347947856,
      0.0
    ],
    "car_vel": [
      0.5568927545871933,
      0.0
    ],
    "ball_in_frame": 1
  },
  "7": {
    "img_file": "7.jpg",
    "car_pos": [
      0.8206840593916532,
      0.0
    ],
    "car_vel": [
      0.5568927545871933,
      0.0
    ],
    "ball_in_frame": 1
  },
  "8": {
    "img_file": "8.jpg",
    "car_pos": [
      0.9379246393047467,
      0.0
    ],
    "car_vel": [
      0.5568927545871933,
      0.0
    ],
    "ball_in_frame": 1
  },
  "9": {
    "img_file": "9.jpg",
    "car_pos": [
      1.05516521921784,
      0.0
    ],
    "car_vel": [
      0.5568927545871933,
      0.0
    ],
    "ball_in_frame": 1
  },
  "ball_trj": {
    "pos": [
      [
        2.683374724440147,
        2.591929960020154,
        2.502004438109722,
        2.4135981587088517,
        2.3267111218175414,
        2.2413433274357937,
        2.1574947755636065,
        2.07516546620098,
        1.9943553993479153,
        1.9150645750044124
      ],
      [
        1.8027848360458103,
        1.9384010398638531,
        2.071764146928545,
        2.2028741572398847,
        2.331731070797874,
        2.458334887602511,
        2.5826856076537963,
        2.7047832309517306,
        2.8246277574963132,
        2.9422191872875425
      ]
    ],
    "vel": [
      [
        -0.43797083195517433,
        -0.43075443003475883,
        -0.42353802811434327,
        -0.4163216261939278,
        -0.40910522427351226,
        -0.40188882235309675,
        -0.39467242043268125,
        -0.38745601851226574,
        -0.3802396165918502,
        -0.37302321467143473
      ],
      [
        0.6495280729249145,
        0.6388258633464947,
        0.628123653768075,
        0.6174214441896553,
        0.6067192346112354,
        0.5960170250328156,
        0.5853148154543959,
        0.5746126058759762,
        0.5639103962975563,
        0.5532081867191367
      ]
    ]
  }
}