{
  "0": {
    "img_file": "0.jpg",
    "car_pos": [
      0.0,
      0.0
    ],
    "car_vel": [
      0.8293389411940678,
      0.0
    ],
    "ball_in_frame": 1
  },
  "1": {
    "img_file": "1.jpg",
    "car_pos": [
      0.1745976718303301,
      0.0
    ],
    "car_vel": [
      0.8293389411940678,
      0.0
    ],
    "ball_in_frame": 1
  },
  "2": {
    "img_file": "2.jpg",
    "car_pos": [
      0.34919534366066,
      0.0
    ],
    "car_vel": [
      0.8293389411940678,
      0.0
    ],
    "ball_in_frame": 1
  },
  "3": {
    "img_file": "3.jpg",
    "car_pos": [
      0.5237930154909901,
      0.0
    ],
    "car_vel": [
      0.8293389411940678,
      0.0
    ],
    "ball_in_frame": 1
  },
  "4": {
    "img_file": "4.jpg",
    "car_pos": [
      0.6983906873213201,
      0.0
    ],
    "car_vel": [
      0.8293389411940678,
      0.0
    ],
    "ball_in_frame": 1
  },
  "5": {
    "img_file": "5.jpg",
    "car_pos": [
      0.8729883591516502,
      0.0
    ],
    "car_vel": [
      0.8293389411940678,
      0.0
    ],
    "ball_in_frame": 1
  },
  "6": {
    "img_file": "6.jpg",
    "car_pos": [
      1.04758603098198,
      0.0
    ],
    "car_vel": [
      0.8293389411940678,
      0.0
    ],
    "ball_in_frame": 1
  },
  "7": {
    "img_file": "7.jpg",
    "car_pos": [
      1.2221837028123104,
      0.0
    ],
    "car_vel": [
      0.8293389411940678,
      0.0
    ],
    "ball_in_frame": 1
  },
  "8": {
    "img_file": "8.jpg",
    "car_pos": [
      1.39678137464264,
      0.0
    ],
    "car_vel": [
      0.8293389411940678,
      0.0
    ],
    "ball_in_frame": 1
  },
  "9": {
    "img_file": "9.jpg",
    "car_pos": [
      1.5713790464729704,
      0.0
    ],
    "car_vel": [
      0.8293389411940678,
      0.0
    ],
    "ball_in_frame": 1
  },
  "ball_trj": {
    "pos": [
      [
        1.7473767221682066,
        1.6588168215929104,
        1.572025844433029,
        1.4870037906885623,
        1.4037506603595098,
        1.322266453445872,
        1.2425511699476486,
        1.1646048098648396,
        1.0884273731974452,
        1.0140188599454654
      ],
      [
        1.3827280542979221,
        1.4860044267395591,
        1.5872179243102404,
        1.6863685470099667,
        1.7834562948387378,
        1.8784811677965532,
        1.971443165883413,
        2.062342289099318,
        2.1511785374442676,
        2.237951910918261
      ]
    ],
    "vel": [
      [
        -0.42486072084426535,
        -0.4164583346210463,
        -0.40805594839782733,
        -0.39965356217460835,
        -0.3912511759513893,
        -0.38284878972817027,
        -0.3744464035049513,
        -0.3660440172817323,
        -0.3576416310585132,
        -0.3492392448352942
      ],
      [
        0.4954620969162937,
        0.48566344127925576,
        0.4758647856422178,
        0.4660661300051798,
        0.45626747436814186,
        0.4464688187311039,
        0.4366701630940659,
        0.42687150745702795,
        0.41707285181999,
        0.4072741961829521
      ]
    ]
  }
}