{
  "0": {
    "img_file": "0.jpg",
    "car_pos": [
      0.0,
      0.0
    ],
    "car_vel": [
      0.678353245584718,
      0.0
    ],
    "ball_in_frame": 1
  },
  "1": {
    "img_file": "1.jpg",
    "car_pos": [
      0.14281120959678278,
      0.0
    ],
    "car_vel": [
      0.678353245584718,
      0.0
    ],
    "ball_in_frame": 1
  },
  "2": {
    "img_file": "2.jpg",
    "car_pos": [
      0.28562241919356535,
      0.0
    ],
    "car_vel": [
      0.678353245584718,
      0.0
    ],
    "ball_in_frame": 1
  },
  "3": {
    "img_file": "3.jpg",
    "car_pos": [
      0.4284336287903481,
      0.0
    ],
    "car_vel": [
      0.678353245584718,
      0.0
    ],
    "ball_in_frame": 1
  },
  "4": {
    "img_file": "4.jpg",
    "car_pos": [
      0.5712448383871308,
      0.0
    ],
    "car_vel": [
      0.678353245584718,
      0.0
    ],
    "ball_in_frame": 1
  },
  "5": {
    "img_file": "5.jpg",
    "car_pos": [
      0.7140560479839135,
      0.0
    ],
    "car_vel": [
      0.678353245584718,
      0.0
    ],
    "ball_in_frame": 1
  },
  "6": {
    "img_file": "6.jpg",
    "car_pos": [
      0.8568672575806963,
      0.0
    ],
    "car_vel": [
      0.678353245584718,
      0.0
    ],
    "ball_in_frame": 1
  },
  "7": {
    "img_file": "7.jpg",
    "car_pos": [
      0.9996784671774791,
      0.0
    ],
    "car_vel": [
      0.678353245584718,
      0.0
    ],
    "ball_in_frame": 1
  },
  "8": {
    "img_file": "8.jpg",
    "car_pos": [
      1.1424896767742618,
      0.0
    ],
    "car_vel": [
      0.678353245584718,
      0.0
    ],
    "ball_in_frame": 1
  },
  "9": {
    "img_file": "9.jpg",
    "car_pos": [
      1.285300886371045,
      0.0
    ],
    "car_vel": [
      0.678353245584718,
      0.0
    ],
    "ball_in_frame": 1
  },
  "ball_trj": {
    "pos": [
      [
        3.507233288622429,
        3.4688224443898763,
        3.431658627593434,
        3.3957418382331026,
        3.3610720763088815,
        3.3276493418207704,
        3.29547363476877,
        3.26454495515288,
        3.2348633029731,
        3.206428678229431
      ],
      [
        1.3734125414475737,
        1.447781586842995,
        1.5197362036608006,
        1.5892763919009898,
        1.6564021515635634,
        1.721113482648521,
        1.7834103851558627,
        1.843292859085588,
        1.9007609044376974,
        1.955814521212191
      ]
    ],
    "vel": [
      [
        -0.18541320026538624,
        -0.1794898199438618,
        -0.17356643962233737,
        -0.1676430593008129,
        -0.16171967897928846,
        -0.155796298657764,
        -0.14987291833623959,
        -0.14394953801471516,
        -0.13802615769319068,
        -0.13210277737166626
      ],
      [
        0.35898723350008926,
        0.3475186977564133,
        0.33605016201273735,
        0.3245816262690613,
        0.3131130905253854,
        0.3016445547817094,
        0.2901760190380334,
        0.27870748329435746,
        0.26723894755068145,
        0.25577041180700544
      ]
    ]
  }
}