{
  "0": {
    "img_file": "0.jpg",
    "car_pos": [
      0.0,
      0.0
    ],
    "car_vel": [
      0.0,
      0.0
    ],
    "ball_in_frame": 1
  },
  "1": {
    "img_file": "1.jpg",
    "car_pos": [
      0.0,
      0.0
    ],
    "car_vel": [
      0.0,
      0.0
    ],
    "ball_in_frame": 1
  },
  "2": {
    "img_file": "2.jpg",
    "car_pos": [
      0.0,
      0.0
    ],
    "car_vel": [
      0.0,
      0.0
    ],
    "ball_in_frame": 1
  },
  "3": {
    "img_file": "3.jpg",
    "car_pos": [
      0.0,
      0.0
    ],
    "car_vel": [
      0.0,
      0.0
    ],
    "ball_in_frame": 1
  },
  "4": {
    "img_file": "4.jpg",
    "car_pos": [
      0.0,
      0.0
    ],
    "car_vel": [
      0.0,
      0.0
    ],
    "ball_in_frame": 1
  },
  "5": {
    "img_file": "5.jpg",
    "car_pos": [
      0.0,
      0.0
    ],
    "car_vel": [
      0.0,
      0.0
    ],
    "ball_in_frame": 1
  },
  "6": {
    "img_file": "6.jpg",
    "car_pos": [
      0.0,
      0.0
    ],
    "car_vel": [
      0.0,
      0.0
    ],
    "ball_in_frame": 1
  },
  "7": {
    "img_file": "7.jpg",
    "car_pos": [
      0.0,
      0.0
    ],
    "car_vel": [
      0.0,
      0.0
    ],
    "ball_in_frame": 1
  },
  "8": {
    "img_file": "8.jpg",
    "car_pos": [
      0.0,
      0.0
    ],
    "car_vel": [
      0.0,
      0.0
    ],
    "ball_in_frame": 1
  },
  "9": {
    "img_file": "9.jpg",
    "car_pos": [
      0.0,
      0.0
    ],
    "car_vel": [
      0.0,
      0.0
    ],
    "ball_in_frame": 1
  },
  "ball_trj": {
    "pos": [
      [
        3.720123304830965,
        3.86024225050284,
        3.998199253098811,
        4.133994312618878,
        4.267627429063039,
        4.399098602431297,
        4.528407832723651,
        4.6555551199401,
        4.780540464080645,
        4.903363865145286
      ],
      [
        0.44004889439156747,
        0.5467529460803096,
        0.6518106245065829,
        0.7552219296703884,
        0.8569868615717253,
        0.9571054202105946,
        1.0555776055869954,
        1.1524034177009277,
        1.2475828565523925,
        1.3411159221413886
      ]
    ],
    "vel": [
      [
        0.6706996067466808,
        0.6604303771361353,
        0.6501611475255897,
        0.6398919179150442,
        0.6296226883044986,
        0.6193534586939531,
        0.6090842290834075,
        0.598814999472862,
        0.5885457698623164,
        0.5782765402517709
      ],
      [
        0.5107543820198851,
        0.502934109023161,
        0.4951138360264371,
        0.48729356302971305,
        0.479473290032989,
        0.47165301703626494,
        0.46383274403954095,
        0.45601247104281695,
        0.4481921980460929,
        0.44037192504936884
      ]
    ]
  }
}