{
  "0": {
    "img_file": "0.jpg",
    "car_pos": [
      0.0,
      0.0
    ],
    "car_vel": [
      0.0,
      0.0
    ],
    "ball_in_frame": 1
  },
  "1": {
    "img_file": "1.jpg",
    "car_pos": [
      0.0,
      0.0
    ],
    "car_vel": [
      0.0,
      0.0
    ],
    "ball_in_frame": 1
  },
  "2": {
    "img_file": "2.jpg",
    "car_pos": [
      0.0,
      0.0
    ],
    "car_vel": [
      0.0,
      0.0
    ],
    "ball_in_frame": 1
  },
  "3": {
    "img_file": "3.jpg",
    "car_pos": [
      0.0,
      0.0
    ],
    "car_vel": [
      0.0,
      0.0
    ],
    "ball_in_frame": 1
  },
  "4": {
    "img_file": "4.jpg",
    "car_pos": [
      0.0,
      0.0
    ],
    "car_vel": [
      0.0,
      0.0
    ],
    "ball_in_frame": 1
  },
  "5": {
    "img_file": "5.jpg",
    "car_pos": [
      0.0,
      0.0
    ],
    "car_vel": [
      0.0,
      0.0
    ],
    "ball_in_frame": 1
  },
  "6": {
    "img_file": "6.jpg",
    "car_pos": [
      0.0,
      0.0
    ],
    "car_vel": [
      0.0,
      0.0
    ],
    "ball_in_frame": 1
  },
  "7": {
    "img_file": "7.jpg",
    "car_pos": [
      0.0,
      0.0
    ],
    "car_vel": [
      0.0,
      0.0
    ],
    "ball_in_frame": 1
  },
  "8": {
    "img_file": "8.jpg",
    "car_pos": [
      0.0,
      0.0
    ],
    "car_vel": [
      0.0,
      0.0
    ],
    "ball_in_frame": 1
  },
  "9": {
    "img_file": "9.jpg",
    "car_pos": [
      0.0,
      0.0
    ],
    "car_vel": [
      0.0,
      0.0
    ],
    "ball_in_frame": 1
  },
  "ball_trj": {
    "pos": [
      [
        2.8158033553157997,
        2.786757350743201,
        2.758592390632045,
        2.7313084749823324,
        2.704905603794063,
        2.679383777067236,
        2.654742994801853,
        2.6309832569979124,
        2.6081045636554157,
        2.586106914774361
      ],
      [
        1.4743862357075013,
        1.5591350370345491,
        1.641313176299057,
        1.7209206535010255,
        1.7979574686404542,
        1.8724236217173427,
        1.9443191127316917,
        2.013643941683501,
        2.0803981085727705,
        2.1445816133995006
      ]
    ],
    "vel": [
      [
        -0.14006100231577176,
        -0.13587604112391702,
        -0.1316910799320623,
        -0.12750611874020756,
        -0.12332115754835282,
        -0.11913619635649808,
        -0.11495123516464334,
        -0.11076627397278861,
        -0.10658131278093388,
        -0.10239635158907916
      ],
      [
        0.4086621287020087,
        0.39645148390494467,
        0.3842408391078807,
        0.3720301943108167,
        0.35981954951375267,
        0.3476089047166887,
        0.3353982599196247,
        0.3231876151225608,
        0.31097697032549676,
        0.29876632552843274
      ]
    ]
  }
}