{
  "0": {
    "img_file": "0.jpg",
    "car_pos": [
      0.0,
      0.0
    ],
    "car_vel": [
      0.0,
      0.0
    ],
    "ball_in_frame": 1
  },
  "1": {
    "img_file": "1.jpg",
    "car_pos": [
      0.0,
      0.0
    ],
    "car_vel": [
      0.0,
      0.0
    ],
    "ball_in_frame": 1
  },
  "2": {
    "img_file": "2.jpg",
    "car_pos": [
      0.0,
      0.0
    ],
    "car_vel": [
      0.0,
      0.0
    ],
    "ball_in_frame": 1
  },
  "3": {
    "img_file": "3.jpg",
    "car_pos": [
      0.0,
      0.0
    ],
    "car_vel": [
      0.0,
      0.0
    ],
    "ball_in_frame": 1
  },
  "4": {
    "img_file": "4.jpg",
    "car_pos": [
      0.0,
      0.0
    ],
    "car_vel": [
      0.0,
      0.0
    ],
    "ball_in_frame": 1
  },
  "5": {
    "img_file": "5.jpg",
    "car_pos": [
      0.0,
      0.0
    ],
    "car_vel": [
      0.0,
      0.0
    ],
    "ball_in_frame": 1
  },
  "6": {
    "img_file": "6.jpg",
    "car_pos": [
      0.0,
      0.0
    ],
    "car_vel": [
      0.0,
      0.0
    ],
    "ball_in_frame": 1
  },
  "7": {
    "img_file": "7.jpg",
    "car_pos": [
      0.0,
      0.0
    ],
    "car_vel": [
      0.0,
      0.0
    ],
    "ball_in_frame": 1
  },
  "8": {
    "img_file": "8.jpg",
    "car_pos": [
      0.0,
      0.0
    ],
    "car_vel": [
      0.0,
      0.0
    ],
    "ball_in_frame": 1
  },
  "9": {
    "img_file": "9.jpg",
    "car_pos": [
      0.0,
      0.0
    ],
    "car_vel": [
      0.0,
      0.0
    ],
    "ball_in_frame": 1
  },
  "ball_trj": {
    "pos": [
      [
        3.3703883794581677,
        3.4457113637849783,
        3.518654256153335,
        3.589217056563237,
        3.6573997650146843,
        3.7232023815076776,
        3.786624906042216,
        3.847667338618301,
        3.90632967923593,
        3.9626119278951055
      ],
      [
        0.7539149103421219,
        0.7954161209227779,
        0.835605956251219,
        0.8744844163274454,
        0.9120515011514568,
        0.9483072107232537,
        0.9832515450428355,
        1.0168845041102026,
        1.0492060879253549,
        1.0802162964882924
      ]
    ],
    "vel": [
      [
        0.36343689395368045,
        0.3521314571510219,
        0.3408260203483633,
        0.3295205835457048,
        0.3182151467430462,
        0.3069097099403876,
        0.2956042731377291,
        0.28429883633507047,
        0.27299339953241186,
        0.26168796272975325
      ],
      [
        0.20024526648212593,
        0.19401623403410562,
        0.18778720158608528,
        0.181558169138065,
        0.17532913669004468,
        0.16910010424202437,
        0.16287107179400406,
        0.15664203934598375,
        0.15041300689796344,
        0.14418397444994313
      ]
    ]
  }
}