{
  "0": {
    "img_file": "0.jpg",
    "car_pos": [
      0.0,
      0.0
    ],
    "car_vel": [
      0.0,
      0.0
    ],
    "ball_in_frame": 1
  },
  "1": {
    "img_file": "1.jpg",
    "car_pos": [
      0.0,
      0.0
    ],
    "car_vel": [
      0.0,
      0.0
    ],
    "ball_in_frame": 1
  },
  "2": {
    "img_file": "2.jpg",
    "car_pos": [
      0.0,
      0.0
    ],
    "car_vel": [
      0.0,
      0.0
    ],
    "ball_in_frame": 1
  },
  "3": {
    "img_file": "3.jpg",
    "car_pos": [
      0.0,
      0.0
    ],
    "car_vel": [
      0.0,
      0.0
    ],
    "ball_in_frame": 1
  },
  "4": {
    "img_file": "4.jpg",
    "car_pos": [
      0.0,
      0.0
    ],
    "car_vel": [
      0.0,
      0.0
    ],
    "ball_in_frame": 1
  },
  "5": {
    "img_file": "5.jpg",
    "car_pos": [
      0.0,
      0.0
    ],
    "car_vel": [
      0.0,
      0.0
    ],
    "ball_in_frame": 1
  },
  "6": {
    "img_file": "6.jpg",
    "car_pos": [
      0.0,
      0.0
    ],
    "car_vel": [
      0.0,
      0.0
    ],
    "ball_in_frame": 1
  },
  "7": {
    "img_file": "7.jpg",
    "car_pos": [
      0.0,
      0.0
    ],
    "car_vel": [
      0.0,
      0.0
    ],
    "ball_in_frame": 1
  },
  "8": {
    "img_file": "8.jpg",
    "car_pos": [
      0.0,
      0.0
    ],
    "car_vel": [
      0.0,
      0.0
    ],
    "ball_in_frame": 1
  },
  "9": {
    "img_file": "9.jpg",
    "car_pos": [
      0.0,
      0.0
    ],
    "car_vel": [
      0.0,
      0.0
    ],
    "ball_in_frame": 1
  },
  "ball_trj": {
    "pos": [
      [
        2.966482266153105,
        3.027535346713439,
        3.0876161629939776,
        3.14672471499472,
        3.204861002715667,
        3.2620250261568184,
        3.3182167853181737,
        3.3734362801997335,
        3.427683510801498,
        3.4809584771234667
      ],
      [
        -1.9366106986735572,
        -2.0959565367763346,
        -2.252764808140471,
        -2.407035512765967,
        -2.5587686506528224,
        -2.707964221801039,
        -2.8546222262106133,
        -2.998742663881548,
        -3.1403255348138397,
        -3.2793708390074934
      ]
    ],
    "vel": [
      [
        0.29231126032610155,
        0.28769300499707195,
        0.2830747496680424,
        0.2784564943390128,
        0.2738382390099833,
        0.2692199836809537,
        0.26460172835192414,
        0.25998347302289454,
        0.255365217693865,
        0.25074696236483546
      ],
      [
        -0.7629194519924607,
        -0.7508660099839187,
        -0.7388125679753768,
        -0.7267591259668347,
        -0.7147056839582926,
        -0.7026522419497505,
        -0.6905987999412084,
        -0.6785453579326663,
        -0.6664919159241244,
        -0.6544384739155823
      ]
    ]
  }
}