{
  "0": {
    "img_file": "0.jpg",
    "car_pos": [
      0.0,
      0.0
    ],
    "car_vel": [
      0.0,
      0.0
    ],
    "ball_in_frame": 1
  },
  "1": {
    "img_file": "1.jpg",
    "car_pos": [
      0.0,
      0.0
    ],
    "car_vel": [
      0.0,
      0.0
    ],
    "ball_in_frame": 1
  },
  "2": {
    "img_file": "2.jpg",
    "car_pos": [
      0.0,
      0.0
    ],
    "car_vel": [
      0.0,
      0.0
    ],
    "ball_in_frame": 1
  },
  "3": {
    "img_file": "3.jpg",
    "car_pos": [
      0.0,
      0.0
    ],
    "car_vel": [
      0.0,
      0.0
    ],
    "ball_in_frame": 1
  },
  "4": {
    "img_file": "4.jpg",
    "car_pos": [
      0.0,
      0.0
    ],
    "car_vel": [
      0.0,
      0.0
    ],
    "ball_in_frame": 1
  },
  "5": {
    "img_file": "5.jpg",
    "car_pos": [
      0.0,
      0.0
    ],
    "car_vel": [
      0.0,
      0.0
    ],
    "ball_in_frame": 1
  },
  "6": {
    "img_file": "6.jpg",
    "car_pos": [
      0.0,
      0.0
    ],
    "car_vel": [
      0.0,
      0.0
    ],
    "ball_in_frame": 1
  },
  "7": {
    "img_file": "7.jpg",
    "car_pos": [
      0.0,
      0.0
    ],
    "car_vel": [
      0.0,
      0.0
    ],
    "ball_in_frame": 1
  },
  "8": {
    "img_file": "8.jpg",
    "car_pos": [
      0.0,
      0.0
    ],
    "car_vel": [
      0.0,
      0.0
    ],
    "ball_in_frame": 1
  },
  "9": {
    "img_file": "9.jpg",
    "car_pos": [
      0.0,
      0.0
    ],
    "car_vel": [
      0.0,
      0.0
    ],
    "ball_in_frame": 1
  },
  "ball_trj": {
    "pos": [
      [
        3.583050747968538,
        3.6984504699278764,
        3.8112235759428765,
        3.9213700660135364,
        4.028889940139859,
        4.133783198321842,
        4.236049840559485,
        4.335689866852789,
        4.432703277201755,
        4.5270900716063815
      ],
      [
        -1.2974325359464922,
        -1.328043157443265,
        -1.3579570498221123,
        -1.3871742130830342,
        -1.415694647226031,
        -1.4435183522511026,
        -1.4706453281582488,
        -1.4970755749474698,
        -1.5228090926187656,
        -1.547845881172136
      ]
    ],
    "vel": [
      [
        0.554386892174664,
        0.5419104664390536,
        0.5294340407034431,
        0.5169576149678328,
        0.5044811892322224,
        0.49200476349661204,
        0.4795283377610017,
        0.46705191202539126,
        0.45457548628978084,
        0.4420990605541705
      ],
      [
        -0.14705518376474194,
        -0.143745720454597,
        -0.14043625714445204,
        -0.1371267938343071,
        -0.13381733052416211,
        -0.13050786721401714,
        -0.1271984039038722,
        -0.12388894059372724,
        -0.12057947728358226,
        -0.1172700139734373
      ]
    ]
  }
}