{
  "0": {
    "img_file": "0.jpg",
    "car_pos": [
      0.0,
      0.0
    ],
    "car_vel": [
      0.6685161086689019,
      0.0
    ],
    "ball_in_frame": 1
  },
  "1": {
    "img_file": "1.jpg",
    "car_pos": [
      0.14074023340397934,
      0.0
    ],
    "car_vel": [
      0.6685161086689019,
      0.0
    ],
    "ball_in_frame": 1
  },
  "2": {
    "img_file": "2.jpg",
    "car_pos": [
      0.28148046680795863,
      0.0
    ],
    "car_vel": [
      0.6685161086689019,
      0.0
    ],
    "ball_in_frame": 1
  },
  "3": {
    "img_file": "3.jpg",
    "car_pos": [
      0.422220700211938,
      0.0
    ],
    "car_vel": [
      0.6685161086689019,
      0.0
    ],
    "ball_in_frame": 1
  },
  "4": {
    "img_file": "4.jpg",
    "car_pos": [
      0.5629609336159174,
      0.0
    ],
    "car_vel": [
      0.6685161086689019,
      0.0
    ],
    "ball_in_frame": 1
  },
  "5": {
    "img_file": "5.jpg",
    "car_pos": [
      0.7037011670198967,
      0.0
    ],
    "car_vel": [
      0.6685161086689019,
      0.0
    ],
    "ball_in_frame": 1
  },
  "6": {
    "img_file": "6.jpg",
    "car_pos": [
      0.844441400423876,
      0.0
    ],
    "car_vel": [
      0.6685161086689019,
      0.0
    ],
    "ball_in_frame": 1
  },
  "7": {
    "img_file": "7.jpg",
    "car_pos": [
      0.9851816338278554,
      0.0
    ],
    "car_vel": [
      0.6685161086689019,
      0.0
    ],
    "ball_in_frame": 1
  },
  "8": {
    "img_file": "8.jpg",
    "car_pos": [
      1.1259218672318347,
      0.0
    ],
    "car_vel": [
      0.6685161086689019,
      0.0
    ],
    "ball_in_frame": 1
  },
  "9": {
    "img_file": "9.jpg",
    "car_pos": [
      1.266662100635814,
      0.0
    ],
    "car_vel": [
      0.6685161086689019,
      0.0
    ],
    "ball_in_frame": 1
  },
  "ball_trj": {
    "pos": [
      [
        2.9077587493276473,
        2.877512531524676,
        2.848803892377966,
        2.821632831887517,
        2.7959993500533287,
        2.7719034468754016,
        2.749345122353735,
        2.72832437648833,
        2.7088412092791865,
        2.6908956207263035
      ],
      [
        -0.4188956063583973,
        -0.46297165593198597,
        -0.504807081784681,
        -0.5444018839164824,
        -0.5817560623273901,
        -0.6168696170174042,
        -0.6497425479865244,
        -0.680374855234751,
        -0.7087665387620842,
        -0.7349175985685236
      ]
    ],
    "vel": [
      [
        -0.14732128387273352,
        -0.14001778525549352,
        -0.13271428663825358,
        -0.12541078802101358,
        -0.11810728940377363,
        -0.11080379078653364,
        -0.1035002921692937,
        -0.09619679355205374,
        -0.08889329493481377,
        -0.08158979631757379
      ],
      [
        -0.21468271681166845,
        -0.20403975413742353,
        -0.19339679146317865,
        -0.18275382878893373,
        -0.17211086611468884,
        -0.16146790344044387,
        -0.150824940766199,
        -0.14018197809195412,
        -0.12953901541770918,
        -0.11889605274346429
      ]
    ]
  }
}