{
  "0": {
    "img_file": "0.jpg",
    "car_pos": [
      0.0,
      0.0
    ],
    "car_vel": [
      0.0,
      0.0
    ],
    "ball_in_frame": 1
  },
  "1": {
    "img_file": "1.jpg",
    "car_pos": [
      0.0,
      0.0
    ],
    "car_vel": [
      0.0,
      0.0
    ],
    "ball_in_frame": 1
  },
  "2": {
    "img_file": "2.jpg",
    "car_pos": [
      0.0,
      0.0
    ],
    "car_vel": [
      0.0,
      0.0
    ],
    "ball_in_frame": 1
  },
  "3": {
    "img_file": "3.jpg",
    "car_pos": [
      0.0,
      0.0
    ],
    "car_vel": [
      0.0,
      0.0
    ],
    "ball_in_frame": 1
  },
  "4": {
    "img_file": "4.jpg",
    "car_pos": [
      0.0,
      0.0
    ],
    "car_vel": [
      0.0,
      0.0
    ],
    "ball_in_frame": 1
  },
  "5": {
    "img_file": "5.jpg",
    "car_pos": [
      0.0,
      0.0
    ],
    "car_vel": [
      0.0,
      0.0
    ],
    "ball_in_frame": 1
  },
  "6": {
    "img_file": "6.jpg",
    "car_pos": [
      0.0,
      0.0
    ],
    "car_vel": [
      0.0,
      0.0
    ],
    "ball_in_frame": 1
  },
  "7": {
    "img_file": "7.jpg",
    "car_pos": [
      0.0,
      0.0
    ],
    "car_vel": [
      0.0,
      0.0
    ],
    "ball_in_frame": 1
  },
  "8": {
    "img_file": "8.jpg",
    "car_pos": [
      0.0,
      0.0
    ],
    "car_vel": [
      0.0,
      0.0
    ],
    "ball_in_frame": 1
  },
  "9": {
    "img_file": "9.jpg",
    "car_pos": [
      0.0,
      0.0
    ],
    "car_vel": [
      0.0,
      0.0
    ],
    "ball_in_frame": 1
  },
  "ball_trj": {
    "pos": [
      [
        2.263911773639947,
        2.2020805995256807,
        2.141404016634043,
        2.0818820249650343,
        2.0235146245186546,
        1.9663018152949032,
        1.9102435972937806,
        1.855339970515287,
        1.8015909349594221,
        1.7489964906261872
      ],
      [
        -1.8659822616796804,
        -1.997719754289113,
        -2.1269972749695487,
        -2.2538148237209885,
        -2.3781724005434324,
        -2.5000700054368794,
        -2.6195076384013314,
        -2.7364852994367856,
        -2.851002988543245,
        -2.9630607057207046
      ]
    ],
    "vel": [
      [
        -0.29644023119650786,
        -0.29095592288902117,
        -0.28547161458153447,
        -0.2799873062740478,
        -0.2745029979665611,
        -0.2690186896590744,
        -0.26353438135158774,
        -0.25805007304410105,
        -0.25256576473661435,
        -0.2470814564291276
      ],
      [
        -0.6315955232261687,
        -0.6199106565634367,
        -0.6082257899007045,
        -0.5965409232379724,
        -0.5848560565752403,
        -0.573171189912508,
        -0.561486323249776,
        -0.5498014565870438,
        -0.5381165899243117,
        -0.5264317232615796
      ]
    ]
  }
}