{
  "0": {
    "img_file": "0.jpg",
    "car_pos": [
      0.0,
      0.0
    ],
    "car_vel": [
      0.29681993509853277,
      0.0
    ],
    "ball_in_frame": 1
  },
  "1": {
    "img_file": "1.jpg",
    "car_pos": [
      0.062488407389164786,
      0.0
    ],
    "car_vel": [
      0.29681993509853277,
      0.0
    ],
    "ball_in_frame": 1
  },
  "2": {
    "img_file": "2.jpg",
    "car_pos": [
      0.1249768147783296,
      0.0
    ],
    "car_vel": [
      0.29681993509853277,
      0.0
    ],
    "ball_in_frame": 1
  },
  "3": {
    "img_file": "3.jpg",
    "car_pos": [
      0.18746522216749437,
      0.0
    ],
    "car_vel": [
      0.29681993509853277,
      0.0
    ],
    "ball_in_frame": 1
  },
  "4": {
    "img_file": "4.jpg",
    "car_pos": [
      0.24995362955665917,
      0.0
    ],
    "car_vel": [
      0.29681993509853277,
      0.0
    ],
    "ball_in_frame": 1
  },
  "5": {
    "img_file": "5.jpg",
    "car_pos": [
      0.31244203694582395,
      0.0
    ],
    "car_vel": [
      0.29681993509853277,
      0.0
    ],
    "ball_in_frame": 1
  },
  "6": {
    "img_file": "6.jpg",
    "car_pos": [
      0.3749304443349888,
      0.0
    ],
    "car_vel": [
      0.29681993509853277,
      0.0
    ],
    "ball_in_frame": 1
  },
  "7": {
    "img_file": "7.jpg",
    "car_pos": [
      0.43741885172415357,
      0.0
    ],
    "car_vel": [
      0.29681993509853277,
      0.0
    ],
    "ball_in_frame": 1
  },
  "8": {
    "img_file": "8.jpg",
    "car_pos": [
      0.49990725911331835,
      0.0
    ],
    "car_vel": [
      0.29681993509853277,
      0.0
    ],
    "ball_in_frame": 1
  },
  "9": {
    "img_file": "9.jpg",
    "car_pos": [
      0.5623956665024832,
      0.0
    ],
    "car_vel": [
      0.29681993509853277,
      0.0
    ],
    "ball_in_frame": 1
  },
  "ball_trj": {
    "pos": [
      [
        3.590797352247779,
        3.5907966131326345,
        3.5907958589399294,
        3.59079513848097,
        3.590794490194792,
        3.5907939149667536,
        3.5907933581247637,
        3.590792770191897,
        3.5907921120760986,
        3.590791192754395
      ],
      [
        0.5598926184541514,
        0.5598934998363265,
        0.5598943991982402,
        0.5598952583332403,
        0.5598960314034324,
        0.5598967173530413,
        0.5598973813776017,
        0.5598980824775017,
        0.5598988672693472,
        0.559899963544772
      ]
    ],
    "vel": [
      [
        3.3622250409752854e-05,
        7.993862206055372e-05,
        7.515502600468125e-05,
        2.1207573862501767e-05,
        -3.62803433381219e-05,
        -8.455579786700453e-05,
        -8.335753505975298e-05,
        -3.1333462650662104e-05,
        2.6484506579710704e-05,
        5.290269270105513e-07
      ],
      [
        -4.009395899015173e-05,
        -9.532544061046177e-05,
        -8.962108406822198e-05,
        -2.5289669381470827e-05,
        4.326368937890093e-05,
        0.00010083134384947348,
        9.940243593081546e-05,
        3.736461870412063e-05,
        -3.1582321460943e-05,
        -6.308555690874266e-07
      ]
    ]
  }
}