{
  "0": {
    "img_file": "0.jpg",
    "car_pos": [
      0.0,
      0.0
    ],
    "car_vel": [
      0.40249377731643454,
      0.0
    ],
    "ball_in_frame": 1
  },
  "1": {
    "img_file": "1.jpg",
    "car_pos": [
      0.08473553206661784,
      0.0
    ],
    "car_vel": [
      0.40249377731643454,
      0.0
    ],
    "ball_in_frame": 1
  },
  "2": {
    "img_file": "2.jpg",
    "car_pos": [
      0.16947106413323582,
      0.0
    ],
    "car_vel": [
      0.40249377731643454,
      0.0
    ],
    "ball_in_frame": 1
  },
  "3": {
    "img_file": "3.jpg",
    "car_pos": [
      0.2542065961998534,
      0.0
    ],
    "car_vel": [
      0.40249377731643454,
      0.0
    ],
    "ball_in_frame": 1
  },
  "4": {
    "img_file": "4.jpg",
    "car_pos": [
      0.3389421282664712,
      0.0
    ],
    "car_vel": [
      0.40249377731643454,
      0.0
    ],
    "ball_in_frame": 1
  },
  "5": {
    "img_file": "5.jpg",
    "car_pos": [
      0.423677660333089,
      0.0
    ],
    "car_vel": [
      0.40249377731643454,
      0.0
    ],
    "ball_in_frame": 1
  },
  "6": {
    "img_file": "6.jpg",
    "car_pos": [
      0.5084131923997068,
      0.0
    ],
    "car_vel": [
      0.40249377731643454,
      0.0
    ],
    "ball_in_frame": 1
  },
  "7": {
    "img_file": "7.jpg",
    "car_pos": [
      0.5931487244663247,
      0.0
    ],
    "car_vel": [
      0.40249377731643454,
      0.0
    ],
    "ball_in_frame": 1
  },
  "8": {
    "img_file": "8.jpg",
    "car_pos": [
      0.6778842565329426,
      0.0
    ],
    "car_vel": [
      0.40249377731643454,
      0.0
    ],
    "ball_in_frame": 1
  },
  "9": {
    "img_file": "9.jpg",
    "car_pos": [
      0.7626197885995605,
      0.0
    ],
    "car_vel": [
      0.40249377731643454,
      0.0
    ],
    "ball_in_frame": 1
  },
  "ball_trj": {
    "pos": [
      [
        2.211193323863089,
        2.1369772121758333,
        2.0650551039232328,
        1.995426999105288,
        1.9280928977219982,
        1.8630527997733637,
        1.8003067052593846,
        1.7398546141800608,
        1.6816965265353923,
        1.6258324423253796
      ],
      [
        0.05813402588154987,
        0.011005252384296171,
        -0.034666781251276424,
        -0.07888207502516809,
        -0.12164062893737915,
        -0.16294244298790883,
        -0.2027875171767577,
        -0.2411758515039255,
        -0.27810744596941217,
        -0.313582300573218
      ]
    ],
    "vel": [
      [
        -0.35797478867177124,
        -0.3470782723571583,
        -0.33618175604254547,
        -0.32528523972793255,
        -0.31438872341331964,
        -0.3034922070987067,
        -0.29259569078409386,
        -0.28169917446948095,
        -0.27080265815486804,
        -0.25990614184025507
      ],
      [
        -0.22732143128344728,
        -0.22040191694046257,
        -0.2134824025974779,
        -0.20656288825449318,
        -0.19964337391150846,
        -0.19272385956852378,
        -0.18580434522553907,
        -0.17888483088255439,
        -0.17196531653956967,
        -0.16504580219658493
      ]
    ]
  }
}