{
  "0": {
    "img_file": "0.jpg",
    "car_pos": [
      0.0,
      0.0
    ],
    "car_vel": [
      0.0,
      0.0
    ],
    "ball_in_frame": 1
  },
  "1": {
    "img_file": "1.jpg",
    "car_pos": [
      0.0,
      0.0
    ],
    "car_vel": [
      0.0,
      0.0
    ],
    "ball_in_frame": 1
  },
  "2": {
    "img_file": "2.jpg",
    "car_pos": [
      0.0,
      0.0
    ],
    "car_vel": [
      0.0,
      0.0
    ],
    "ball_in_frame": 1
  },
  "3": {
    "img_file": "3.jpg",
    "car_pos": [
      0.0,
      0.0
    ],
    "car_vel": [
      0.0,
      0.0
    ],
    "ball_in_frame": 1
  },
  "4": {
    "img_file": "4.jpg",
    "car_pos": [
      0.0,
      0.0
    ],
    "car_vel": [
      0.0,
      0.0
    ],
    "ball_in_frame": 1
  },
  "5": {
    "img_file": "5.jpg",
    "car_pos": [
      0.0,
      0.0
    ],
    "car_vel": [
      0.0,
      0.0
    ],
    "ball_in_frame": 1
  },
  "6": {
    "img_file": "6.jpg",
    "car_pos": [
      0.0,
      0.0
    ],
    "car_vel": [
      0.0,
      0.0
    ],
    "ball_in_frame": 1
  },
  "7": {
    "img_file": "7.jpg",
    "car_pos": [
      0.0,
      0.0
    ],
    "car_vel": [
      0.0,
      0.0
    ],
    "ball_in_frame": 1
  },
  "8": {
    "img_file": "8.jpg",
    "car_pos": [
      0.0,
      0.0
    ],
    "car_vel": [
      0.0,
      0.0
    ],
    "ball_in_frame": 1
  },
  "9": {
    "img_file": "9.jpg",
    "car_pos": [
      0.0,
      0.0
    ],
    "car_vel": [
      0.0,
      0.0
    ],
    "ball_in_frame": 1
  },
  "ball_trj": {
    "pos": [
      [
        3.056892760312941,
        2.9717174621176436,
        2.8879173244089538,
        2.805492347186873,
        2.7244425304514,
        2.6447678742025356,
        2.5664683784402795,
        2.489544043164632,
        2.4139948683755925,
        2.3398208540731624
      ],
      [
        -2.0744038028699796,
        -2.2195761538445744,
        -2.3624046881840863,
        -2.5028894058885154,
        -2.6410303069578607,
        -2.776827391392124,
        -2.9102806591913035,
        -3.0413901103554,
        -3.170155744884414,
        -3.2965775627783422
      ]
    ],
    "vel": [
      [
        -0.40784867258335833,
        -0.4013166602719688,
        -0.3947846479605792,
        -0.3882526356491897,
        -0.38172062333780016,
        -0.3751886110264106,
        -0.368656598715021,
        -0.3621245864036315,
        -0.35559257409224193,
        -0.3490605617808525
      ],
      [
        -0.6951352316376471,
        -0.6840021026210026,
        -0.672868973604358,
        -0.6617358445877136,
        -0.6506027155710691,
        -0.6394695865544245,
        -0.62833645753778,
        -0.6172033285211356,
        -0.606070199504491,
        -0.5949370704878467
      ]
    ]
  }
}