{
  "0": {
    "img_file": "0.jpg",
    "car_pos": [
      0.0,
      0.0
    ],
    "car_vel": [
      0.0,
      0.0
    ],
    "ball_in_frame": 1
  },
  "1": {
    "img_file": "1.jpg",
    "car_pos": [
      0.0,
      0.0
    ],
    "car_vel": [
      0.0,
      0.0
    ],
    "ball_in_frame": 1
  },
  "2": {
    "img_file": "2.jpg",
    "car_pos": [
      0.0,
      0.0
    ],
    "car_vel": [
      0.0,
      0.0
    ],
    "ball_in_frame": 1
  },
  "3": {
    "img_file": "3.jpg",
    "car_pos": [
      0.0,
      0.0
    ],
    "car_vel": [
      0.0,
      0.0
    ],
    "ball_in_frame": 1
  },
  "4": {
    "img_file": "4.jpg",
    "car_pos": [
      0.0,
      0.0
    ],
    "car_vel": [
      0.0,
      0.0
    ],
    "ball_in_frame": 1
  },
  "5": {
    "img_file": "5.jpg",
    "car_pos": [
      0.0,
      0.0
    ],
    "car_vel": [
      0.0,
      0.0
    ],
    "ball_in_frame": 1
  },
  "6": {
    "img_file": "6.jpg",
    "car_pos": [
      0.0,
      0.0
    ],
    "car_vel": [
      0.0,
      0.0
    ],
    "ball_in_frame": 1
  },
  "7": {
    "img_file": "7.jpg",
    "car_pos": [
      0.0,
      0.0
    ],
    "car_vel": [
      0.0,
      0.0
    ],
    "ball_in_frame": 1
  },
  "8": {
    "img_file": "8.jpg",
    "car_pos": [
      0.0,
      0.0
    ],
    "car_vel": [
      0.0,
      0.0
    ],
    "ball_in_frame": 1
  },
  "9": {
    "img_file": "9.jpg",
    "car_pos": [
      0.0,
      0.0
    ],
    "car_vel": [
      0.0,
      0.0
    ],
    "ball_in_frame": 1
  },
  "ball_trj": {
    "pos": [
      [
        1.7116718773302586,
        1.6419098596528423,
        1.573507595574245,
        1.5064650850944663,
        1.4407823282135066,
        1.3764593249313655,
        1.313496075248043,
        1.2518925791635394,
        1.1916488366778548,
        1.1327648477909882
      ],
      [
        -2.159395794314622,
        -2.2801053561962688,
        -2.3984621297463145,
        -2.5144661149647582,
        -2.628117311851601,
        -2.739415720406842,
        -2.848361340630481,
        -2.9549541725225197,
        -3.0591942160829557,
        -3.1610814713117907
      ]
    ],
    "vel": [
      [
        -0.33459899876492116,
        -0.32814016917053207,
        -0.321681339576143,
        -0.3152225099817539,
        -0.3087636803873648,
        -0.30230485079297575,
        -0.2958460211985866,
        -0.2893871916041975,
        -0.2829283620098085,
        -0.27646953241541933
      ],
      [
        -0.5789582912253768,
        -0.5677825466502695,
        -0.5566068020751622,
        -0.5454310575000549,
        -0.5342553129249475,
        -0.5230795683498403,
        -0.511903823774733,
        -0.5007280791996256,
        -0.4895523346245183,
        -0.47837659004941097
      ]
    ]
  }
}