{
  "0": {
    "img_file": "0.jpg",
    "car_pos": [
      0.0,
      0.0
    ],
    "car_vel": [
      0.0,
      0.0
    ],
    "ball_in_frame": 1
  },
  "1": {
    "img_file": "1.jpg",
    "car_pos": [
      0.0,
      0.0
    ],
    "car_vel": [
      0.0,
      0.0
    ],
    "ball_in_frame": 1
  },
  "2": {
    "img_file": "2.jpg",
    "car_pos": [
      0.0,
      0.0
    ],
    "car_vel": [
      0.0,
      0.0
    ],
    "ball_in_frame": 1
  },
  "3": {
    "img_file": "3.jpg",
    "car_pos": [
      0.0,
      0.0
    ],
    "car_vel": [
      0.0,
      0.0
    ],
    "ball_in_frame": 1
  },
  "4": {
    "img_file": "4.jpg",
    "car_pos": [
      0.0,
      0.0
    ],
    "car_vel": [
      0.0,
      0.0
    ],
    "ball_in_frame": 1
  },
  "5": {
    "img_file": "5.jpg",
    "car_pos": [
      0.0,
      0.0
    ],
    "car_vel": [
      0.0,
      0.0
    ],
    "ball_in_frame": 1
  },
  "6": {
    "img_file": "6.jpg",
    "car_pos": [
      0.0,
      0.0
    ],
    "car_vel": [
      0.0,
      0.0
    ],
    "ball_in_frame": 1
  },
  "7": {
    "img_file": "7.jpg",
    "car_pos": [
      0.0,
      0.0
    ],
    "car_vel": [
      0.0,
      0.0
    ],
    "ball_in_frame": 1
  },
  "8": {
    "img_file": "8.jpg",
    "car_pos": [
      0.0,
      0.0
    ],
    "car_vel": [
      0.0,
      0.0
    ],
    "ball_in_frame": 1
  },
  "9": {
    "img_file": "9.jpg",
    "car_pos": [
      0.0,
      0.0
    ],
    "car_vel": [
      0.0,
      0.0
    ],
    "ball_in_frame": 1
  },
  "ball_trj": {
    "pos": [
      [
        2.6625059045823254,
        2.6426716549127556,
        2.623202031939668,
        2.6040970356630613,
        2.585356666082937,
        2.5669809231992935,
        2.5489698070121323,
        2.5313233175214522,
        2.5140414547272543,
        2.4971242186295375
      ],
      [
        -2.542388081125838,
        -2.6888699722944316,
        -2.8326589857912707,
        -2.973755121616355,
        -3.112158379769685,
        -3.2478687602512615,
        -3.3808862630610825,
        -3.511210888199149,
        -3.638842635665461,
        -3.7637815054600194
      ]
    ],
    "vel": [
      [
        -0.09507867433459961,
        -0.0933466975263118,
        -0.09161472071802403,
        -0.08988274390973623,
        -0.08815076710144842,
        -0.08641879029316063,
        -0.08468681348487285,
        -0.08295483667658504,
        -0.08122285986829725,
        -0.07949088306000945
      ],
      [
        -0.7021845675212363,
        -0.6893933985804026,
        -0.6766022296395688,
        -0.6638110606987351,
        -0.6510198917579013,
        -0.6382287228170677,
        -0.625437553876234,
        -0.6126463849354002,
        -0.5998552159945665,
        -0.5870640470537327
      ]
    ]
  }
}