{
  "0": {
    "img_file": "0.jpg",
    "car_pos": [
      0.0,
      0.0
    ],
    "car_vel": [
      0.0,
      0.0
    ],
    "ball_in_frame": 1
  },
  "1": {
    "img_file": "1.jpg",
    "car_pos": [
      0.0,
      0.0
    ],
    "car_vel": [
      0.0,
      0.0
    ],
    "ball_in_frame": 1
  },
  "2": {
    "img_file": "2.jpg",
    "car_pos": [
      0.0,
      0.0
    ],
    "car_vel": [
      0.0,
      0.0
    ],
    "ball_in_frame": 1
  },
  "3": {
    "img_file": "3.jpg",
    "car_pos": [
      0.0,
      0.0
    ],
    "car_vel": [
      0.0,
      0.0
    ],
    "ball_in_frame": 1
  },
  "4": {
    "img_file": "4.jpg",
    "car_pos": [
      0.0,
      0.0
    ],
    "car_vel": [
      0.0,
      0.0
    ],
    "ball_in_frame": 1
  },
  "5": {
    "img_file": "5.jpg",
    "car_pos": [
      0.0,
      0.0
    ],
    "car_vel": [
      0.0,
      0.0
    ],
    "ball_in_frame": 1
  },
  "6": {
    "img_file": "6.jpg",
    "car_pos": [
      0.0,
      0.0
    ],
    "car_vel": [
      0.0,
      0.0
    ],
    "ball_in_frame": 1
  },
  "7": {
    "img_file": "7.jpg",
    "car_pos": [
      0.0,
      0.0
    ],
    "car_vel": [
      0.0,
      0.0
    ],
    "ball_in_frame": 1
  },
  "8": {
    "img_file": "8.jpg",
    "car_pos": [
      0.0,
      0.0
    ],
    "car_vel": [
      0.0,
      0.0
    ],
    "ball_in_frame": 1
  },
  "9": {
    "img_file": "9.jpg",
    "car_pos": [
      0.0,
      0.0
    ],
    "car_vel": [
      0.0,
      0.0
    ],
    "ball_in_frame": 1
  },
  "ball_trj": {
    "pos": [
      [
        5.288511802797698,
        5.4255085884006995,
        5.560124472312775,
        5.692359454533927,
        5.822213535064153,
        5.9496867139034535,
        6.074778991051829,
        6.197490366509281,
        6.317820840275807,
        6.435770412351408
      ],
      [
        -0.605961102520263,
        -0.6813328463443835,
        -0.7553946856219923,
        -0.8281466203530901,
        -0.8995886505376762,
        -0.9697207761757509,
        -1.0385429972673146,
        -1.1060553138123665,
        -1.1722577258109073,
        -1.2371502332629365
      ]
    ],
    "vel": [
      [
        0.6563893731302016,
        0.6450800900983077,
        0.6337708070664139,
        0.6224615240345198,
        0.611152241002626,
        0.5998429579707321,
        0.5885336749388381,
        0.5772243919069442,
        0.5659151088750503,
        0.5546058258431563
      ],
      [
        -0.36112680646253614,
        -0.3549047598666071,
        -0.34868271327067796,
        -0.3424606666747489,
        -0.33623862007881977,
        -0.3300165734828907,
        -0.3237945268869616,
        -0.31757248029103247,
        -0.3113504336951034,
        -0.3051283870991743
      ]
    ]
  }
}