{
  "0": {
    "img_file": "0.jpg",
    "car_pos": [
      0.0,
      0.0
    ],
    "car_vel": [
      0.0,
      0.0
    ],
    "ball_in_frame": 1
  },
  "1": {
    "img_file": "1.jpg",
    "car_pos": [
      0.0,
      0.0
    ],
    "car_vel": [
      0.0,
      0.0
    ],
    "ball_in_frame": 1
  },
  "2": {
    "img_file": "2.jpg",
    "car_pos": [
      0.0,
      0.0
    ],
    "car_vel": [
      0.0,
      0.0
    ],
    "ball_in_frame": 1
  },
  "3": {
    "img_file": "3.jpg",
    "car_pos": [
      0.0,
      0.0
    ],
    "car_vel": [
      0.0,
      0.0
    ],
    "ball_in_frame": 1
  },
  "4": {
    "img_file": "4.jpg",
    "car_pos": [
      0.0,
      0.0
    ],
    "car_vel": [
      0.0,
      0.0
    ],
    "ball_in_frame": 1
  },
  "5": {
    "img_file": "5.jpg",
    "car_pos": [
      0.0,
      0.0
    ],
    "car_vel": [
      0.0,
      0.0
    ],
    "ball_in_frame": 1
  },
  "6": {
    "img_file": "6.jpg",
    "car_pos": [
      0.0,
      0.0
    ],
    "car_vel": [
      0.0,
      0.0
    ],
    "ball_in_frame": 1
  },
  "7": {
    "img_file": "7.jpg",
    "car_pos": [
      0.0,
      0.0
    ],
    "car_vel": [
      0.0,
      0.0
    ],
    "ball_in_frame": 1
  },
  "8": {
    "img_file": "8.jpg",
    "car_pos": [
      0.0,
      0.0
    ],
    "car_vel": [
      0.0,
      0.0
    ],
    "ball_in_frame": 1
  },
  "9": {
    "img_file": "9.jpg",
    "car_pos": [
      0.0,
      0.0
    ],
    "car_vel": [
      0.0,
      0.0
    ],
    "ball_in_frame": 1
  },
  "ball_trj": {
    "pos": [
      [
        3.872532639072804,
        3.9539242554558496,
        4.032958650658616,
        4.109635824681104,
        4.183955777523313,
        4.2559185091852445,
        4.325524019666897,
        4.39277230896827,
        4.457663377089366,
        4.520197224030184
      ],
      [
        0.3557181214958175,
        0.40240270657366173,
        0.4477352372553856,
        0.4917157135409898,
        0.5343441354304743,
        0.5756205029238383,
        0.6155448160210826,
        0.654117074722207,
        0.6913372790272113,
        0.7272054289360955
      ]
    ],
    "vel": [
      [
        0.39220857812262566,
        0.3810117775163028,
        0.36981497690997994,
        0.3586181763036571,
        0.3474213756973343,
        0.33622457509101145,
        0.32502777448468867,
        0.3138309738783658,
        0.30263417327204295,
        0.2914373726657201
      ],
      [
        0.22496290831054427,
        0.21854064992897435,
        0.21211839154740444,
        0.20569613316583452,
        0.19927387478426462,
        0.19285161640269466,
        0.18642935802112476,
        0.18000709963955486,
        0.17358484125798496,
        0.16716258287641503
      ]
    ]
  }
}