{
  "0": {
    "img_file": "0.jpg",
    "car_pos": [
      0.0,
      0.0
    ],
    "car_vel": [
      0.97761692520603,
      0.0
    ],
    "ball_in_frame": 1
  },
  "1": {
    "img_file": "1.jpg",
    "car_pos": [
      0.20581408951705898,
      0.0
    ],
    "car_vel": [
      0.97761692520603,
      0.0
    ],
    "ball_in_frame": 1
  },
  "2": {
    "img_file": "2.jpg",
    "car_pos": [
      0.4116281790341179,
      0.0
    ],
    "car_vel": [
      0.97761692520603,
      0.0
    ],
    "ball_in_frame": 1
  },
  "3": {
    "img_file": "3.jpg",
    "car_pos": [
      0.6174422685511768,
      0.0
    ],
    "car_vel": [
      0.97761692520603,
      0.0
    ],
    "ball_in_frame": 1
  },
  "4": {
    "img_file": "4.jpg",
    "car_pos": [
      0.8232563580682358,
      0.0
    ],
    "car_vel": [
      0.97761692520603,
      0.0
    ],
    "ball_in_frame": 1
  },
  "5": {
    "img_file": "5.jpg",
    "car_pos": [
      1.0290704475852948,
      0.0
    ],
    "car_vel": [
      0.97761692520603,
      0.0
    ],
    "ball_in_frame": 1
  },
  "6": {
    "img_file": "6.jpg",
    "car_pos": [
      1.2348845371023536,
      0.0
    ],
    "car_vel": [
      0.97761692520603,
      0.0
    ],
    "ball_in_frame": 1
  },
  "7": {
    "img_file": "7.jpg",
    "car_pos": [
      1.4406986266194126,
      0.0
    ],
    "car_vel": [
      0.97761692520603,
      0.0
    ],
    "ball_in_frame": 1
  },
  "8": {
    "img_file": "8.jpg",
    "car_pos": [
      1.6465127161364719,
      0.0
    ],
    "car_vel": [
      0.97761692520603,
      0.0
    ],
    "ball_in_frame": 1
  },
  "9": {
    "img_file": "9.jpg",
    "car_pos": [
      1.8523268056535307,
      0.0
    ],
    "car_vel": [
      0.97761692520603,
      0.0
    ],
    "ball_in_frame": 1
  },
  "ball_trj": {
    "pos": [
      [
        3.840018030645217,
        3.9754327772892015,
        4.109086350086557,
        4.240978749037281,
        4.371109974141377,
        4.499480025398842,
        4.626088902809678,
        4.750936606373884,
        4.874023136091461,
        4.995348491962407
      ],
      [
        2.4627416038696186,
        2.6218628278699376,
        2.7789145568920626,
        2.933896790935994,
        3.086809530001732,
        3.237652774089277,
        3.3864265231986277,
        3.5331307773297853,
        3.677765536482749,
        3.8203308006575196
      ]
    ],
    "vel": [
      [
        0.6474028344446717,
        0.6390372586731804,
        0.6306716829016891,
        0.6223061071301977,
        0.6139405313587064,
        0.6055749555872151,
        0.5972093798157238,
        0.5888438040442325,
        0.5804782282727412,
        0.5721126525012499
      ],
      [
        0.7607408645747229,
        0.7509107634283035,
        0.7410806622818843,
        0.7312505611354649,
        0.7214204599890457,
        0.7115903588426264,
        0.7017602576962071,
        0.6919301565497878,
        0.6821000554033686,
        0.6722699542569494
      ]
    ]
  }
}