{
  "0": {
    "img_file": "0.jpg",
    "car_pos": [
      0.0,
      0.0
    ],
    "car_vel": [
      0.0,
      0.0
    ],
    "ball_in_frame": 1
  },
  "1": {
    "img_file": "1.jpg",
    "car_pos": [
      0.0,
      0.0
    ],
    "car_vel": [
      0.0,
      0.0
    ],
    "ball_in_frame": 1
  },
  "2": {
    "img_file": "2.jpg",
    "car_pos": [
      0.0,
      0.0
    ],
    "car_vel": [
      0.0,
      0.0
    ],
    "ball_in_frame": 1
  },
  "3": {
    "img_file": "3.jpg",
    "car_pos": [
      0.0,
      0.0
    ],
    "car_vel": [
      0.0,
      0.0
    ],
    "ball_in_frame": 1
  },
  "4": {
    "img_file": "4.jpg",
    "car_pos": [
      0.0,
      0.0
    ],
    "car_vel": [
      0.0,
      0.0
    ],
    "ball_in_frame": 1
  },
  "5": {
    "img_file": "5.jpg",
    "car_pos": [
      0.0,
      0.0
    ],
    "car_vel": [
      0.0,
      0.0
    ],
    "ball_in_frame": 1
  },
  "6": {
    "img_file": "6.jpg",
    "car_pos": [
      0.0,
      0.0
    ],
    "car_vel": [
      0.0,
      0.0
    ],
    "ball_in_frame": 1
  },
  "7": {
    "img_file": "7.jpg",
    "car_pos": [
      0.0,
      0.0
    ],
    "car_vel": [
      0.0,
      0.0
    ],
    "ball_in_frame": 1
  },
  "8": {
    "img_file": "8.jpg",
    "car_pos": [
      0.0,
      0.0
    ],
    "car_vel": [
      0.0,
      0.0
    ],
    "ball_in_frame": 1
  },
  "9": {
    "img_file": "9.jpg",
    "car_pos": [
      0.0,
      0.0
    ],
    "car_vel": [
      0.0,
      0.0
    ],
    "ball_in_frame": 1
  },
  "ball_trj": {
    "pos": [
      [
        3.764726015395828,
        3.7853161375816633,
        3.8051103435033724,
        3.824108633160956,
        3.8423110065544135,
        3.8597174636837455,
        3.8763280045489514,
        3.8921426291500314,
        3.907161337486986,
        3.9213841295598146
      ],
      [
        -0.6808406882481194,
        -0.748057441494143,
        -0.8126759145236924,
        -0.8746961073367675,
        -0.9341180199333688,
        -0.990941652313496,
        -1.0451670044771488,
        -1.0967940764243276,
        -1.1458228681550322,
        -1.1922533796692627
      ]
    ],
    "vel": [
      [
        0.09969338151001467,
        0.09591277925541715,
        0.09213217700081963,
        0.08835157474622213,
        0.0845709724916246,
        0.08079037023702706,
        0.07700976798242956,
        0.07322916572783206,
        0.06944856347323454,
        0.06566796121863701
      ],
      [
        -0.3254504934327377,
        -0.3131086624044855,
        -0.30076683137623333,
        -0.28842500034798113,
        -0.2760831693197289,
        -0.2637413382914767,
        -0.2513995072632245,
        -0.23905767623497234,
        -0.22671584520672017,
        -0.21437401417846796
      ]
    ]
  }
}