{
  "0": {
    "img_file": "0.jpg",
    "car_pos": [
      0.0,
      0.0
    ],
    "car_vel": [
      0.0,
      0.0
    ],
    "ball_in_frame": 1
  },
  "1": {
    "img_file": "1.jpg",
    "car_pos": [
      0.0,
      0.0
    ],
    "car_vel": [
      0.0,
      0.0
    ],
    "ball_in_frame": 1
  },
  "2": {
    "img_file": "2.jpg",
    "car_pos": [
      0.0,
      0.0
    ],
    "car_vel": [
      0.0,
      0.0
    ],
    "ball_in_frame": 1
  },
  "3": {
    "img_file": "3.jpg",
    "car_pos": [
      0.0,
      0.0
    ],
    "car_vel": [
      0.0,
      0.0
    ],
    "ball_in_frame": 1
  },
  "4": {
    "img_file": "4.jpg",
    "car_pos": [
      0.0,
      0.0
    ],
    "car_vel": [
      0.0,
      0.0
    ],
    "ball_in_frame": 1
  },
  "5": {
    "img_file": "5.jpg",
    "car_pos": [
      0.0,
      0.0
    ],
    "car_vel": [
      0.0,
      0.0
    ],
    "ball_in_frame": 1
  },
  "6": {
    "img_file": "6.jpg",
    "car_pos": [
      0.0,
      0.0
    ],
    "car_vel": [
      0.0,
      0.0
    ],
    "ball_in_frame": 1
  },
  "7": {
    "img_file": "7.jpg",
    "car_pos": [
      0.0,
      0.0
    ],
    "car_vel": [
      0.0,
      0.0
    ],
    "ball_in_frame": 1
  },
  "8": {
    "img_file": "8.jpg",
    "car_pos": [
      0.0,
      0.0
    ],
    "car_vel": [
      0.0,
      0.0
    ],
    "ball_in_frame": 1
  },
  "9": {
    "img_file": "9.jpg",
    "car_pos": [
      0.0,
      0.0
    ],
    "car_vel": [
      0.0,
      0.0
    ],
    "ball_in_frame": 1
  },
  "ball_trj": {
    "pos": [
      [
        4.2919203174716305,
        4.379384647735645,
        4.4653440826596835,
        4.549798622243746,
        4.632748266487833,
        4.714193015391944,
        4.794132868956079,
        4.872567827180238,
        4.949497890064422,
        5.02492305760863
      ],
      [
        -2.2548978760546854,
        -2.386405995280988,
        -2.5156514097544482,
        -2.6426341194750647,
        -2.7673541244428383,
        -2.8898114246577684,
        -3.010006020119855,
        -3.1279379108290977,
        -3.2436070967854977,
        -3.357013577989055
      ]
    ],
    "vel": [
      [
        0.41902969518650973,
        0.4118814423216246,
        0.40473318945673953,
        0.39758493659185445,
        0.3904366837269694,
        0.38328843086208425,
        0.3761401779971992,
        0.36899192513231405,
        0.361843672267429,
        0.3546954194025439
      ],
      [
        -0.6300374901129426,
        -0.6192896425369365,
        -0.6085417949609306,
        -0.5977939473849245,
        -0.5870460998089186,
        -0.5762982522329126,
        -0.5655504046569066,
        -0.5548025570809006,
        -0.5440547095048947,
        -0.5333068619288887
      ]
    ]
  }
}