{
  "0": {
    "img_file": "0.jpg",
    "car_pos": [
      0.0,
      0.0
    ],
    "car_vel": [
      0.9048912394787268,
      0.0
    ],
    "ball_in_frame": 1
  },
  "1": {
    "img_file": "1.jpg",
    "car_pos": [
      0.19050341883762678,
      0.0
    ],
    "car_vel": [
      0.9048912394787268,
      0.0
    ],
    "ball_in_frame": 1
  },
  "2": {
    "img_file": "2.jpg",
    "car_pos": [
      0.38100683767525345,
      0.0
    ],
    "car_vel": [
      0.9048912394787268,
      0.0
    ],
    "ball_in_frame": 1
  },
  "3": {
    "img_file": "3.jpg",
    "car_pos": [
      0.5715102565128802,
      0.0
    ],
    "car_vel": [
      0.9048912394787268,
      0.0
    ],
    "ball_in_frame": 1
  },
  "4": {
    "img_file": "4.jpg",
    "car_pos": [
      0.7620136753505069,
      0.0
    ],
    "car_vel": [
      0.9048912394787268,
      0.0
    ],
    "ball_in_frame": 1
  },
  "5": {
    "img_file": "5.jpg",
    "car_pos": [
      0.9525170941881336,
      0.0
    ],
    "car_vel": [
      0.9048912394787268,
      0.0
    ],
    "ball_in_frame": 1
  },
  "6": {
    "img_file": "6.jpg",
    "car_pos": [
      1.1430205130257605,
      0.0
    ],
    "car_vel": [
      0.9048912394787268,
      0.0
    ],
    "ball_in_frame": 1
  },
  "7": {
    "img_file": "7.jpg",
    "car_pos": [
      1.333523931863387,
      0.0
    ],
    "car_vel": [
      0.9048912394787268,
      0.0
    ],
    "ball_in_frame": 1
  },
  "8": {
    "img_file": "8.jpg",
    "car_pos": [
      1.5240273507010142,
      0.0
    ],
    "car_vel": [
      0.9048912394787268,
      0.0
    ],
    "ball_in_frame": 1
  },
  "9": {
    "img_file": "9.jpg",
    "car_pos": [
      1.7145307695386407,
      0.0
    ],
    "car_vel": [
      0.9048912394787268,
      0.0
    ],
    "ball_in_frame": 1
  },
  "ball_trj": {
    "pos": [
      [
        2.726901434070625,
        2.7245391145773747,
        2.722414368069887,
        2.7205271945481617,
        2.7188775940121994,
        2.7174655664619998,
        2.7162911118975623,
        2.715354230318888,
        2.714654921725976,
        2.7141931861188264
      ],
      [
        -0.03745898956373078,
        -0.06437665100649409,
        -0.08858726574495823,
        -0.11009083377912321,
        -0.12888735510898935,
        -0.14497682973455622,
        -0.15835925765582393,
        -0.16903463887279252,
        -0.17700297338546195,
        -0.18226426119383227
      ]
    ],
    "vel": [
      [
        -0.011785253434125174,
        -0.010656781751752728,
        -0.009528310069380314,
        -0.008399838387007912,
        -0.0072713667046355145,
        -0.00614289502226311,
        -0.005014423339890687,
        -0.003885951657518233,
        -0.0027574799751457144,
        -0.0016290082927731125
      ],
      [
        -0.13428812777583576,
        -0.12142965593041491,
        -0.10857118408499411,
        -0.09571271223957328,
        -0.08285424039415246,
        -0.06999576854873157,
        -0.05713729670331075,
        -0.04427882485788992,
        -0.03142035301246904,
        -0.01856188116704821
      ]
    ]
  }
}