{
  "0": {
    "img_file": "0.jpg",
    "car_pos": [
      0.0,
      0.0
    ],
    "car_vel": [
      0.9593264938422541,
      0.0
    ],
    "ball_in_frame": 1
  },
  "1": {
    "img_file": "1.jpg",
    "car_pos": [
      0.201963472387843,
      0.0
    ],
    "car_vel": [
      0.9593264938422541,
      0.0
    ],
    "ball_in_frame": 1
  },
  "2": {
    "img_file": "2.jpg",
    "car_pos": [
      0.40392694477568586,
      0.0
    ],
    "car_vel": [
      0.9593264938422541,
      0.0
    ],
    "ball_in_frame": 1
  },
  "3": {
    "img_file": "3.jpg",
    "car_pos": [
      0.6058904171635289,
      0.0
    ],
    "car_vel": [
      0.9593264938422541,
      0.0
    ],
    "ball_in_frame": 1
  },
  "4": {
    "img_file": "4.jpg",
    "car_pos": [
      0.8078538895513718,
      0.0
    ],
    "car_vel": [
      0.9593264938422541,
      0.0
    ],
    "ball_in_frame": 1
  },
  "5": {
    "img_file": "5.jpg",
    "car_pos": [
      1.0098173619392146,
      0.0
    ],
    "car_vel": [
      0.9593264938422541,
      0.0
    ],
    "ball_in_frame": 1
  },
  "6": {
    "img_file": "6.jpg",
    "car_pos": [
      1.2117808343270577,
      0.0
    ],
    "car_vel": [
      0.9593264938422541,
      0.0
    ],
    "ball_in_frame": 1
  },
  "7": {
    "img_file": "7.jpg",
    "car_pos": [
      1.413744306714901,
      0.0
    ],
    "car_vel": [
      0.9593264938422541,
      0.0
    ],
    "ball_in_frame": 1
  },
  "8": {
    "img_file": "8.jpg",
    "car_pos": [
      1.615707779102744,
      0.0
    ],
    "car_vel": [
      0.9593264938422541,
      0.0
    ],
    "ball_in_frame": 1
  },
  "9": {
    "img_file": "9.jpg",
    "car_pos": [
      1.8176712514905868,
      0.0
    ],
    "car_vel": [
      0.9593264938422541,
      0.0
    ],
    "ball_in_frame": 1
  },
  "ball_trj": {
    "pos": [
      [
        5.196910051877742,
        5.370728181255003,
        5.542253168329264,
        5.711485013100525,
        5.878423715568788,
        6.04306927573405,
        6.205421693596313,
        6.365480969155577,
        6.523247102411842,
        6.678720093365108
      ],
      [
        1.7220631937576518,
        1.8325854901236707,
        1.941649691444428,
        2.0492557977199244,
        2.1554038089501595,
        2.260093725135133,
        2.3633255462748455,
        2.4650992723692973,
        2.565414903418488,
        2.6642724394224166
      ]
    ],
    "vel": [
      [
        0.8310823275116112,
        0.8201899015723638,
        0.8092974756331165,
        0.7984050496938693,
        0.7875126237546218,
        0.7766201978153746,
        0.7657277718761273,
        0.75483534593688,
        0.7439429199976326,
        0.7330504940583853
      ],
      [
        0.5284438834710844,
        0.5215179320060935,
        0.5145919805411027,
        0.5076660290761119,
        0.500740077611121,
        0.49381412614613024,
        0.48688817468113943,
        0.4799622232161486,
        0.4730362717511578,
        0.466110320286167
      ]
    ]
  }
}