{
  "0": {
    "img_file": "0.jpg",
    "car_pos": [
      0.0,
      0.0
    ],
    "car_vel": [
      0.45003935402654716,
      0.0
    ],
    "ball_in_frame": 1
  },
  "1": {
    "img_file": "1.jpg",
    "car_pos": [
      0.09474512716348363,
      0.0
    ],
    "car_vel": [
      0.45003935402654716,
      0.0
    ],
    "ball_in_frame": 1
  },
  "2": {
    "img_file": "2.jpg",
    "car_pos": [
      0.18949025432696717,
      0.0
    ],
    "car_vel": [
      0.45003935402654716,
      0.0
    ],
    "ball_in_frame": 1
  },
  "3": {
    "img_file": "3.jpg",
    "car_pos": [
      0.2842353814904508,
      0.0
    ],
    "car_vel": [
      0.45003935402654716,
      0.0
    ],
    "ball_in_frame": 1
  },
  "4": {
    "img_file": "4.jpg",
    "car_pos": [
      0.3789805086539344,
      0.0
    ],
    "car_vel": [
      0.45003935402654716,
      0.0
    ],
    "ball_in_frame": 1
  },
  "5": {
    "img_file": "5.jpg",
    "car_pos": [
      0.47372563581741806,
      0.0
    ],
    "car_vel": [
      0.45003935402654716,
      0.0
    ],
    "ball_in_frame": 1
  },
  "6": {
    "img_file": "6.jpg",
    "car_pos": [
      0.5684707629809016,
      0.0
    ],
    "car_vel": [
      0.45003935402654716,
      0.0
    ],
    "ball_in_frame": 1
  },
  "7": {
    "img_file": "7.jpg",
    "car_pos": [
      0.6632158901443853,
      0.0
    ],
    "car_vel": [
      0.45003935402654716,
      0.0
    ],
    "ball_in_frame": 1
  },
  "8": {
    "img_file": "8.jpg",
    "car_pos": [
      0.757961017307869,
      0.0
    ],
    "car_vel": [
      0.45003935402654716,
      0.0
    ],
    "ball_in_frame": 1
  },
  "9": {
    "img_file": "9.jpg",
    "car_pos": [
      0.8527061444713526,
      0.0
    ],
    "car_vel": [
      0.45003935402654716,
      0.0
    ],
    "ball_in_frame": 1
  },
  "ball_trj": {
    "pos": [
      [
        2.109510627339399,
        1.9378741068591794,
        1.7689448378025672,
        1.6027228201695616,
        1.4392080539601633,
        1.2784005391743714,
        1.1203002758121872,
        0.9649072638736107,
        0.8122215033586402,
        0.662242994267277
      ],
      [
        0.9045521609324187,
        0.9194653768290152,
        0.9341433640874777,
        0.9485861227078061,
        0.9627936526900005,
        0.976765954034061,
        0.9905030267399875,
        1.00400487080778,
        1.0172714862374383,
        1.030302873028963
      ]
    ],
    "vel": [
      [
        -0.8217031944121089,
        -0.8088437501499753,
        -0.7959843058878417,
        -0.7831248616257082,
        -0.7702654173635746,
        -0.757405973101441,
        -0.7445465288393074,
        -0.7316870845771737,
        -0.7188276403150401,
        -0.7059681960529065
      ],
      [
        0.07139644352440132,
        0.07027910749326483,
        0.06916177146212833,
        0.06804443543099183,
        0.06692709939985533,
        0.06580976336871883,
        0.06469242733758233,
        0.06357509130644584,
        0.06245775527530934,
        0.06134041924417284
      ]
    ]
  }
}