{
  "0": {
    "img_file": "0.jpg",
    "car_pos": [
      0.0,
      0.0
    ],
    "car_vel": [
      0.0,
      0.0
    ],
    "ball_in_frame": 1
  },
  "1": {
    "img_file": "1.jpg",
    "car_pos": [
      0.0,
      0.0
    ],
    "car_vel": [
      0.0,
      0.0
    ],
    "ball_in_frame": 1
  },
  "2": {
    "img_file": "2.jpg",
    "car_pos": [
      0.0,
      0.0
    ],
    "car_vel": [
      0.0,
      0.0
    ],
    "ball_in_frame": 1
  },
  "3": {
    "img_file": "3.jpg",
    "car_pos": [
      0.0,
      0.0
    ],
    "car_vel": [
      0.0,
      0.0
    ],
    "ball_in_frame": 1
  },
  "4": {
    "img_file": "4.jpg",
    "car_pos": [
      0.0,
      0.0
    ],
    "car_vel": [
      0.0,
      0.0
    ],
    "ball_in_frame": 1
  },
  "5": {
    "img_file": "5.jpg",
    "car_pos": [
      0.0,
      0.0
    ],
    "car_vel": [
      0.0,
      0.0
    ],
    "ball_in_frame": 1
  },
  "6": {
    "img_file": "6.jpg",
    "car_pos": [
      0.0,
      0.0
    ],
    "car_vel": [
      0.0,
      0.0
    ],
    "ball_in_frame": 1
  },
  "7": {
    "img_file": "7.jpg",
    "car_pos": [
      0.0,
      0.0
    ],
    "car_vel": [
      0.0,
      0.0
    ],
    "ball_in_frame": 1
  },
  "8": {
    "img_file": "8.jpg",
    "car_pos": [
      0.0,
      0.0
    ],
    "car_vel": [
      0.0,
      0.0
    ],
    "ball_in_frame": 1
  },
  "9": {
    "img_file": "9.jpg",
    "car_pos": [
      0.0,
      0.0
    ],
    "car_vel": [
      0.0,
      0.0
    ],
    "ball_in_frame": 1
  },
  "ball_trj": {
    "pos": [
      [
        4.021726113594736,
        4.120759607283551,
        4.217400558297955,
        4.311648966637951,
        4.403504832303538,
        4.492968155294715,
        4.5800389356114835,
        4.664717173253844,
        4.747002868221793,
        4.826896020515335
      ],
      [
        0.6582356960659304,
        0.7115708288862244,
        0.7636174422716817,
        0.814375536222302,
        0.8638451107380856,
        0.9120261658190325,
        0.9589187014651424,
        1.004522717676415,
        1.0488382144528512,
        1.0918651917944504
      ]
    ],
    "vel": [
      [
        0.47609138387358735,
        0.46472680617014417,
        0.45336222846670104,
        0.4419976507632579,
        0.43063307305981474,
        0.41926849535637156,
        0.40790391765292844,
        0.3965393399494853,
        0.38517476224604213,
        0.37381018454259896
      ],
      [
        0.2564021145541348,
        0.2502816472386597,
        0.2441611799231846,
        0.2380407126077095,
        0.23192024529223437,
        0.22579977797675932,
        0.21967931066128418,
        0.2135588433458091,
        0.207438376030334,
        0.20131790871485888
      ]
    ]
  }
}