{
  "0": {
    "img_file": "0.jpg",
    "car_pos": [
      0.0,
      0.0
    ],
    "car_vel": [
      0.0,
      0.0
    ],
    "ball_in_frame": 1
  },
  "1": {
    "img_file": "1.jpg",
    "car_pos": [
      0.0,
      0.0
    ],
    "car_vel": [
      0.0,
      0.0
    ],
    "ball_in_frame": 1
  },
  "2": {
    "img_file": "2.jpg",
    "car_pos": [
      0.0,
      0.0
    ],
    "car_vel": [
      0.0,
      0.0
    ],
    "ball_in_frame": 1
  },
  "3": {
    "img_file": "3.jpg",
    "car_pos": [
      0.0,
      0.0
    ],
    "car_vel": [
      0.0,
      0.0
    ],
    "ball_in_frame": 1
  },
  "4": {
    "img_file": "4.jpg",
    "car_pos": [
      0.0,
      0.0
    ],
    "car_vel": [
      0.0,
      0.0
    ],
    "ball_in_frame": 1
  },
  "5": {
    "img_file": "5.jpg",
    "car_pos": [
      0.0,
      0.0
    ],
    "car_vel": [
      0.0,
      0.0
    ],
    "ball_in_frame": 1
  },
  "6": {
    "img_file": "6.jpg",
    "car_pos": [
      0.0,
      0.0
    ],
    "car_vel": [
      0.0,
      0.0
    ],
    "ball_in_frame": 1
  },
  "7": {
    "img_file": "7.jpg",
    "car_pos": [
      0.0,
      0.0
    ],
    "car_vel": [
      0.0,
      0.0
    ],
    "ball_in_frame": 1
  },
  "8": {
    "img_file": "8.jpg",
    "car_pos": [
      0.0,
      0.0
    ],
    "car_vel": [
      0.0,
      0.0
    ],
    "ball_in_frame": 1
  },
  "9": {
    "img_file": "9.jpg",
    "car_pos": [
      0.0,
      0.0
    ],
    "car_vel": [
      0.0,
      0.0
    ],
    "ball_in_frame": 1
  },
  "ball_trj": {
    "pos": [
      [
        2.409255217430093,
        2.4154679721066588,
        2.4215473683453537,
        2.4274934061461777,
        2.4333060855091313,
        2.438985406434214,
        2.4445313689214263,
        2.4499439729707673,
        2.455223218582238,
        2.4603691057558374
      ],
      [
        -0.6340287226569052,
        -0.7604737970110877,
        -0.884204694084791,
        -1.0052214138780153,
        -1.1235239563907602,
        -1.2391123216230258,
        -1.351986509574812,
        -1.4621465202461197,
        -1.5695923536369478,
        -1.6743240097472971
      ]
    ],
    "vel": [
      [
        0.02982731100363053,
        0.029193858423744418,
        0.028560405843858307,
        0.027926953263972196,
        0.027293500684086085,
        0.026660048104199974,
        0.026026595524313866,
        0.025393142944427752,
        0.02475969036454164,
        0.02412623778465553
      ],
      [
        -0.6070602742235038,
        -0.5941679321412274,
        -0.5812755900589512,
        -0.5683832479766749,
        -0.5554909058943986,
        -0.5425985638121223,
        -0.529706221729846,
        -0.5168138796475698,
        -0.5039215375652935,
        -0.49102919548301704
      ]
    ]
  }
}