{
  "0": {
    "img_file": "0.jpg",
    "car_pos": [
      0.0,
      0.0
    ],
    "car_vel": [
      0.9295603541986307,
      0.0
    ],
    "ball_in_frame": 1
  },
  "1": {
    "img_file": "1.jpg",
    "car_pos": [
      0.19569691667339595,
      0.0
    ],
    "car_vel": [
      0.9295603541986307,
      0.0
    ],
    "ball_in_frame": 1
  },
  "2": {
    "img_file": "2.jpg",
    "car_pos": [
      0.3913938333467918,
      0.0
    ],
    "car_vel": [
      0.9295603541986307,
      0.0
    ],
    "ball_in_frame": 1
  },
  "3": {
    "img_file": "3.jpg",
    "car_pos": [
      0.5870907500201877,
      0.0
    ],
    "car_vel": [
      0.9295603541986307,
      0.0
    ],
    "ball_in_frame": 1
  },
  "4": {
    "img_file": "4.jpg",
    "car_pos": [
      0.7827876666935836,
      0.0
    ],
    "car_vel": [
      0.9295603541986307,
      0.0
    ],
    "ball_in_frame": 1
  },
  "5": {
    "img_file": "5.jpg",
    "car_pos": [
      0.9784845833669795,
      0.0
    ],
    "car_vel": [
      0.9295603541986307,
      0.0
    ],
    "ball_in_frame": 1
  },
  "6": {
    "img_file": "6.jpg",
    "car_pos": [
      1.1741815000403755,
      0.0
    ],
    "car_vel": [
      0.9295603541986307,
      0.0
    ],
    "ball_in_frame": 1
  },
  "7": {
    "img_file": "7.jpg",
    "car_pos": [
      1.3698784167137714,
      0.0
    ],
    "car_vel": [
      0.9295603541986307,
      0.0
    ],
    "ball_in_frame": 1
  },
  "8": {
    "img_file": "8.jpg",
    "car_pos": [
      1.5655753333871674,
      0.0
    ],
    "car_vel": [
      0.9295603541986307,
      0.0
    ],
    "ball_in_frame": 1
  },
  "9": {
    "img_file": "9.jpg",
    "car_pos": [
      1.7612722500605633,
      0.0
    ],
    "car_vel": [
      0.9295603541986307,
      0.0
    ],
    "ball_in_frame": 1
  },
  "ball_trj": {
    "pos": [
      [
        2.219527000720626,
        2.131962765816352,
        2.0456184608084884,
        1.9604940856970368,
        1.8765896404819953,
        1.7939051251633649,
        1.712440539741146,
        1.6321958842153377,
        1.5531711585859402,
        1.475366362852954
      ],
      [
        -1.149847599873765,
        -1.3241414960228022,
        -1.4960071595160447,
        -1.6654445903534936,
        -1.8324537885351493,
        -1.9970347540610112,
        -2.1591874869310783,
        -2.3189119871453525,
        -2.476208254703833,
        -2.6310762896065154
      ]
    ],
    "vel": [
      [
        -0.4188274492992783,
        -0.4130327822913261,
        -0.407238115283374,
        -0.40144344827542183,
        -0.39564878126746966,
        -0.3898541142595175,
        -0.3840594472515653,
        -0.3782647802436132,
        -0.37247011323566104,
        -0.36667544622770876
      ],
      [
        -0.8336630592654338,
        -0.8221289541504131,
        -0.8105948490353925,
        -0.7990607439203717,
        -0.787526638805351,
        -0.7759925336903304,
        -0.7644584285753095,
        -0.7529243234602889,
        -0.7413902183452682,
        -0.7298561132302475
      ]
    ]
  }
}