{
  "0": {
    "img_file": "0.jpg",
    "car_pos": [
      0.0,
      0.0
    ],
    "car_vel": [
      0.0,
      0.0
    ],
    "ball_in_frame": 1
  },
  "1": {
    "img_file": "1.jpg",
    "car_pos": [
      0.0,
      0.0
    ],
    "car_vel": [
      0.0,
      0.0
    ],
    "ball_in_frame": 1
  },
  "2": {
    "img_file": "2.jpg",
    "car_pos": [
      0.0,
      0.0
    ],
    "car_vel": [
      0.0,
      0.0
    ],
    "ball_in_frame": 1
  },
  "3": {
    "img_file": "3.jpg",
    "car_pos": [
      0.0,
      0.0
    ],
    "car_vel": [
      0.0,
      0.0
    ],
    "ball_in_frame": 1
  },
  "4": {
    "img_file": "4.jpg",
    "car_pos": [
      0.0,
      0.0
    ],
    "car_vel": [
      0.0,
      0.0
    ],
    "ball_in_frame": 1
  },
  "5": {
    "img_file": "5.jpg",
    "car_pos": [
      0.0,
      0.0
    ],
    "car_vel": [
      0.0,
      0.0
    ],
    "ball_in_frame": 1
  },
  "6": {
    "img_file": "6.jpg",
    "car_pos": [
      0.0,
      0.0
    ],
    "car_vel": [
      0.0,
      0.0
    ],
    "ball_in_frame": 1
  },
  "7": {
    "img_file": "7.jpg",
    "car_pos": [
      0.0,
      0.0
    ],
    "car_vel": [
      0.0,
      0.0
    ],
    "ball_in_frame": 1
  },
  "8": {
    "img_file": "8.jpg",
    "car_pos": [
      0.0,
      0.0
    ],
    "car_vel": [
      0.0,
      0.0
    ],
    "ball_in_frame": 1
  },
  "9": {
    "img_file": "9.jpg",
    "car_pos": [
      0.0,
      0.0
    ],
    "car_vel": [
      0.0,
      0.0
    ],
    "ball_in_frame": 1
  },
  "ball_trj": {
    "pos": [
      [
        3.2488078838702736,
        3.2369121567509445,
        3.2254790721454487,
        3.2145086300537864,
        3.204000830475957,
        3.193955673411961,
        3.1843731588617987,
        3.1752532868254693,
        3.1665960573029737,
        3.158401470294311
      ],
      [
        1.5532112347234919,
        1.6220638301950798,
        1.6882386458610799,
        1.7517356817214917,
        1.812554937776316,
        1.870696414025552,
        1.9261601104692003,
        1.97894602710726,
        2.0290541639397324,
        2.0764845209666163
      ]
    ],
    "vel": [
      [
        -0.057603479787167844,
        -0.05540592784645949,
        -0.05320837590575115,
        -0.051010823965042806,
        -0.04881327202433446,
        -0.04661572008362611,
        -0.04441816814291777,
        -0.042220616202209425,
        -0.040023064261501075,
        -0.03782551232079273
      ],
      [
        0.3334095555283137,
        0.3206901014517707,
        0.3079706473752277,
        0.29525119329868477,
        0.2825317392221418,
        0.26981228514559885,
        0.2570928310690558,
        0.2443733769925129,
        0.23165392291596992,
        0.2189344688394269
      ]
    ]
  }
}