{
  "0": {
    "img_file": "0.jpg",
    "car_pos": [
      0.0,
      0.0
    ],
    "car_vel": [
      0.0,
      0.0
    ],
    "ball_in_frame": 1
  },
  "1": {
    "img_file": "1.jpg",
    "car_pos": [
      0.0,
      0.0
    ],
    "car_vel": [
      0.0,
      0.0
    ],
    "ball_in_frame": 1
  },
  "2": {
    "img_file": "2.jpg",
    "car_pos": [
      0.0,
      0.0
    ],
    "car_vel": [
      0.0,
      0.0
    ],
    "ball_in_frame": 1
  },
  "3": {
    "img_file": "3.jpg",
    "car_pos": [
      0.0,
      0.0
    ],
    "car_vel": [
      0.0,
      0.0
    ],
    "ball_in_frame": 1
  },
  "4": {
    "img_file": "4.jpg",
    "car_pos": [
      0.0,
      0.0
    ],
    "car_vel": [
      0.0,
      0.0
    ],
    "ball_in_frame": 1
  },
  "5": {
    "img_file": "5.jpg",
    "car_pos": [
      0.0,
      0.0
    ],
    "car_vel": [
      0.0,
      0.0
    ],
    "ball_in_frame": 1
  },
  "6": {
    "img_file": "6.jpg",
    "car_pos": [
      0.0,
      0.0
    ],
    "car_vel": [
      0.0,
      0.0
    ],
    "ball_in_frame": 1
  },
  "7": {
    "img_file": "7.jpg",
    "car_pos": [
      0.0,
      0.0
    ],
    "car_vel": [
      0.0,
      0.0
    ],
    "ball_in_frame": 1
  },
  "8": {
    "img_file": "8.jpg",
    "car_pos": [
      0.0,
      0.0
    ],
    "car_vel": [
      0.0,
      0.0
    ],
    "ball_in_frame": 1
  },
  "9": {
    "img_file": "9.jpg",
    "car_pos": [
      0.0,
      0.0
    ],
    "car_vel": [
      0.0,
      0.0
    ],
    "ball_in_frame": 1
  },
  "ball_trj": {
    "pos": [
      [
        2.9215817447491608,
        2.853835835298932,
        2.787505913072505,
        2.7225919780698806,
        2.659094030291058,
        2.597012069736037,
        2.5363460964048183,
        2.477096110297402,
        2.4192621114137873,
        2.362844099753975
      ],
      [
        -1.8874699092514557,
        -1.9984373641630002,
        -2.1070854392081033,
        -2.213414134386766,
        -2.3174234496989885,
        -2.4191133851447697,
        -2.5184839407241104,
        -2.61553511643701,
        -2.7102669122834695,
        -2.8026793282634888
      ]
    ],
    "vel": [
      [
        -0.3251560395451161,
        -0.31843010023205653,
        -0.31170416091899694,
        -0.30497822160593735,
        -0.29825228229287776,
        -0.29152634297981816,
        -0.2848004036667586,
        -0.278074464353699,
        -0.2713485250406394,
        -0.2646225857275798
      ],
      [
        -0.5326039380126306,
        -0.5215868836470374,
        -0.5105698292814442,
        -0.49955277491585115,
        -0.48853572055025796,
        -0.47751866618466476,
        -0.46650161181907157,
        -0.4554845574534784,
        -0.4444675030878852,
        -0.433450448722292
      ]
    ]
  }
}