{
  "0": {
    "img_file": "0.jpg",
    "car_pos": [
      0.0,
      0.0
    ],
    "car_vel": [
      0.876981411498918,
      0.0
    ],
    "ball_in_frame": 1
  },
  "1": {
    "img_file": "1.jpg",
    "car_pos": [
      0.18462766557871962,
      0.0
    ],
    "car_vel": [
      0.876981411498918,
      0.0
    ],
    "ball_in_frame": 1
  },
  "2": {
    "img_file": "2.jpg",
    "car_pos": [
      0.3692553311574391,
      0.0
    ],
    "car_vel": [
      0.876981411498918,
      0.0
    ],
    "ball_in_frame": 1
  },
  "3": {
    "img_file": "3.jpg",
    "car_pos": [
      0.5538829967361586,
      0.0
    ],
    "car_vel": [
      0.876981411498918,
      0.0
    ],
    "ball_in_frame": 1
  },
  "4": {
    "img_file": "4.jpg",
    "car_pos": [
      0.7385106623148782,
      0.0
    ],
    "car_vel": [
      0.876981411498918,
      0.0
    ],
    "ball_in_frame": 1
  },
  "5": {
    "img_file": "5.jpg",
    "car_pos": [
      0.9231383278935978,
      0.0
    ],
    "car_vel": [
      0.876981411498918,
      0.0
    ],
    "ball_in_frame": 1
  },
  "6": {
    "img_file": "6.jpg",
    "car_pos": [
      1.1077659934723174,
      0.0
    ],
    "car_vel": [
      0.876981411498918,
      0.0
    ],
    "ball_in_frame": 1
  },
  "7": {
    "img_file": "7.jpg",
    "car_pos": [
      1.292393659051037,
      0.0
    ],
    "car_vel": [
      0.876981411498918,
      0.0
    ],
    "ball_in_frame": 1
  },
  "8": {
    "img_file": "8.jpg",
    "car_pos": [
      1.4770213246297565,
      0.0
    ],
    "car_vel": [
      0.876981411498918,
      0.0
    ],
    "ball_in_frame": 1
  },
  "9": {
    "img_file": "9.jpg",
    "car_pos": [
      1.6616489902084761,
      0.0
    ],
    "car_vel": [
      0.876981411498918,
      0.0
    ],
    "ball_in_frame": 1
  },
  "ball_trj": {
    "pos": [
      [
        3.20898317206543,
        3.2258585440477754,
        3.2419680199419845,
        3.2573115997480575,
        3.2718892834659945,
        3.285701071095796,
        3.2987469626374613,
        3.3110269580909906,
        3.3225410574563834,
        3.3332892607336406
      ],
      [
        -0.1735960422908519,
        -0.11614838042793829,
        -0.06130800565412675,
        -0.009074917969417617,
        0.040550882626189555,
        0.08756939613269465,
        0.13198062255009746,
        0.1737845618783982,
        0.21298121411759674,
        0.2495705792676931
      ]
    ],
    "vel": [
      [
        0.0819770201254625,
        0.07833901370681651,
        0.07470100728817053,
        0.07106300086952455,
        0.06742499445087854,
        0.06378698803223254,
        0.06014898161358656,
        0.05651097519494057,
        0.052872968776294584,
        0.049234962357648564
      ],
      [
        0.27906870068545697,
        0.2666840870122216,
        0.25429947333898634,
        0.24191485966575108,
        0.22953024599251573,
        0.21714563231928039,
        0.2047610186460451,
        0.19237640497280975,
        0.1799917912995744,
        0.16760717762633914
      ]
    ]
  }
}