{
  "0": {
    "img_file": "0.jpg",
    "car_pos": [
      0.0,
      0.0
    ],
    "car_vel": [
      0.0,
      0.0
    ],
    "ball_in_frame": 1
  },
  "1": {
    "img_file": "1.jpg",
    "car_pos": [
      0.0,
      0.0
    ],
    "car_vel": [
      0.0,
      0.0
    ],
    "ball_in_frame": 1
  },
  "2": {
    "img_file": "2.jpg",
    "car_pos": [
      0.0,
      0.0
    ],
    "car_vel": [
      0.0,
      0.0
    ],
    "ball_in_frame": 1
  },
  "3": {
    "img_file": "3.jpg",
    "car_pos": [
      0.0,
      0.0
    ],
    "car_vel": [
      0.0,
      0.0
    ],
    "ball_in_frame": 1
  },
  "4": {
    "img_file": "4.jpg",
    "car_pos": [
      0.0,
      0.0
    ],
    "car_vel": [
      0.0,
      0.0
    ],
    "ball_in_frame": 1
  },
  "5": {
    "img_file": "5.jpg",
    "car_pos": [
      0.0,
      0.0
    ],
    "car_vel": [
      0.0,
      0.0
    ],
    "ball_in_frame": 1
  },
  "6": {
    "img_file": "6.jpg",
    "car_pos": [
      0.0,
      0.0
    ],
    "car_vel": [
      0.0,
      0.0
    ],
    "ball_in_frame": 1
  },
  "7": {
    "img_file": "7.jpg",
    "car_pos": [
      0.0,
      0.0
    ],
    "car_vel": [
      0.0,
      0.0
    ],
    "ball_in_frame": 1
  },
  "8": {
    "img_file": "8.jpg",
    "car_pos": [
      0.0,
      0.0
    ],
    "car_vel": [
      0.0,
      0.0
    ],
    "ball_in_frame": 1
  },
  "9": {
    "img_file": "9.jpg",
    "car_pos": [
      0.0,
      0.0
    ],
    "car_vel": [
      0.0,
      0.0
    ],
    "ball_in_frame": 1
  },
  "ball_trj": {
    "pos": [
      [
        2.736752032493428,
        2.7367520699937384,
        2.7367520672314503,
        2.7367520739849325,
        2.7367521299765816,
        2.7367522614078763,
        2.736752436686103,
        2.736752605406022,
        2.7367527271855203,
        2.7367527111377146
      ],
      [
        0.13795210385460865,
        0.13795215511553155,
        0.1379521513396323,
        0.137952160571283,
        0.13795223710887827,
        0.13795241676844006,
        0.1379526563644166,
        0.13795288699553665,
        0.13795305346160863,
        0.1379530315251157
      ]
    ],
    "vel": [
      [
        8.182118138620527e-06,
        5.923917882208039e-05,
        8.148606920505527e-05,
        5.153928618161677e-05,
        -4.33091164889337e-06,
        -5.541468569576102e-05,
        -8.080894122889413e-05,
        -5.4021684663841914e-05,
        1.9343310768977523e-06,
        4.600635945618357e-06
      ],
      [
        1.1184518531532292e-05,
        8.097679379633867e-05,
        0.00011138710486027705,
        7.045145176765122e-05,
        -5.9201249327898986e-06,
        -7.574891593875471e-05,
        -0.00011046150707871327,
        -7.384475792098859e-05,
        2.644127279654417e-06,
        6.288823641853816e-06
      ]
    ]
  }
}