{
  "0": {
    "img_file": "0.jpg",
    "car_pos": [
      0.0,
      0.0
    ],
    "car_vel": [
      0.0,
      0.0
    ],
    "ball_in_frame": 1
  },
  "1": {
    "img_file": "1.jpg",
    "car_pos": [
      0.0,
      0.0
    ],
    "car_vel": [
      0.0,
      0.0
    ],
    "ball_in_frame": 1
  },
  "2": {
    "img_file": "2.jpg",
    "car_pos": [
      0.0,
      0.0
    ],
    "car_vel": [
      0.0,
      0.0
    ],
    "ball_in_frame": 1
  },
  "3": {
    "img_file": "3.jpg",
    "car_pos": [
      0.0,
      0.0
    ],
    "car_vel": [
      0.0,
      0.0
    ],
    "ball_in_frame": 1
  },
  "4": {
    "img_file": "4.jpg",
    "car_pos": [
      0.0,
      0.0
    ],
    "car_vel": [
      0.0,
      0.0
    ],
    "ball_in_frame": 1
  },
  "5": {
    "img_file": "5.jpg",
    "car_pos": [
      0.0,
      0.0
    ],
    "car_vel": [
      0.0,
      0.0
    ],
    "ball_in_frame": 1
  },
  "6": {
    "img_file": "6.jpg",
    "car_pos": [
      0.0,
      0.0
    ],
    "car_vel": [
      0.0,
      0.0
    ],
    "ball_in_frame": 1
  },
  "7": {
    "img_file": "7.jpg",
    "car_pos": [
      0.0,
      0.0
    ],
    "car_vel": [
      0.0,
      0.0
    ],
    "ball_in_frame": 1
  },
  "8": {
    "img_file": "8.jpg",
    "car_pos": [
      0.0,
      0.0
    ],
    "car_vel": [
      0.0,
      0.0
    ],
    "ball_in_frame": 1
  },
  "9": {
    "img_file": "9.jpg",
    "car_pos": [
      0.0,
      0.0
    ],
    "car_vel": [
      0.0,
      0.0
    ],
    "ball_in_frame": 1
  },
  "ball_trj": {
    "pos": [
      [
        4.806067472016755,
        4.9420783210809605,
        5.075702698834187,
        5.206940605276431,
        5.335792040407697,
        5.4622570042279825,
        5.586335496737287,
        5.708027517935612,
        5.827333067822956,
        5.944252146399322
      ],
      [
        1.1317683656487323,
        1.2058431505487692,
        1.2786182056827815,
        1.35009353105077,
        1.4202691266527343,
        1.4891449924886744,
        1.5567211285585902,
        1.6229975348624819,
        1.6879742114003493,
        1.7516511581721925
      ]
    ],
    "vel": [
      [
        0.6517194024185555,
        0.6403836636913995,
        0.6290479249642434,
        0.6177121862370875,
        0.6063764475099314,
        0.5950407087827754,
        0.5837049700556193,
        0.5723692313284633,
        0.5610334926013072,
        0.5496977538741512
      ],
      [
        0.35494208646948167,
        0.3487683700808669,
        0.3425946536922521,
        0.3364209373036373,
        0.3302472209150225,
        0.3240735045264077,
        0.31789978813779296,
        0.3117260717491782,
        0.3055523553605634,
        0.2993786389719486
      ]
    ]
  }
}