{
  "0": {
    "img_file": "0.jpg",
    "car_pos": [
      0.0,
      0.0
    ],
    "car_vel": [
      0.7080384670170881,
      0.0
    ],
    "ball_in_frame": 1
  },
  "1": {
    "img_file": "1.jpg",
    "car_pos": [
      0.14906072989833435,
      0.0
    ],
    "car_vel": [
      0.7080384670170881,
      0.0
    ],
    "ball_in_frame": 1
  },
  "2": {
    "img_file": "2.jpg",
    "car_pos": [
      0.29812145979666865,
      0.0
    ],
    "car_vel": [
      0.7080384670170881,
      0.0
    ],
    "ball_in_frame": 1
  },
  "3": {
    "img_file": "3.jpg",
    "car_pos": [
      0.447182189695003,
      0.0
    ],
    "car_vel": [
      0.7080384670170881,
      0.0
    ],
    "ball_in_frame": 1
  },
  "4": {
    "img_file": "4.jpg",
    "car_pos": [
      0.5962429195933373,
      0.0
    ],
    "car_vel": [
      0.7080384670170881,
      0.0
    ],
    "ball_in_frame": 1
  },
  "5": {
    "img_file": "5.jpg",
    "car_pos": [
      0.7453036494916716,
      0.0
    ],
    "car_vel": [
      0.7080384670170881,
      0.0
    ],
    "ball_in_frame": 1
  },
  "6": {
    "img_file": "6.jpg",
    "car_pos": [
      0.894364379390006,
      0.0
    ],
    "car_vel": [
      0.7080384670170881,
      0.0
    ],
    "ball_in_frame": 1
  },
  "7": {
    "img_file": "7.jpg",
    "car_pos": [
      1.0434251092883406,
      0.0
    ],
    "car_vel": [
      0.7080384670170881,
      0.0
    ],
    "ball_in_frame": 1
  },
  "8": {
    "img_file": "8.jpg",
    "car_pos": [
      1.1924858391866746,
      0.0
    ],
    "car_vel": [
      0.7080384670170881,
      0.0
    ],
    "ball_in_frame": 1
  },
  "9": {
    "img_file": "9.jpg",
    "car_pos": [
      1.341546569085009,
      0.0
    ],
    "car_vel": [
      0.7080384670170881,
      0.0
    ],
    "ball_in_frame": 1
  },
  "ball_trj": {
    "pos": [
      [
        3.73084839196803,
        3.7756410765056243,
        3.8182979894544027,
        3.858819130814365,
        3.897204500585512,
        3.9334540987678435,
        3.967567925361359,
        3.999545980366058,
        4.029388263781942,
        4.05709477560901
      ],
      [
        0.1209692350626583,
        0.15620708945094922,
        0.18976475858063666,
        0.22164224245172046,
        0.25183954106420114,
        0.28035665441807844,
        0.3071935825133524,
        0.33235032535002274,
        0.3558268829280897,
        0.37762325524755336
      ]
    ],
    "vel": [
      [
        0.21783770907700928,
        0.20769279403013435,
        0.19754787898325937,
        0.18740296393638445,
        0.1772580488895095,
        0.16711313384263454,
        0.15696821879575962,
        0.1468233037488847,
        0.1366783887020097,
        0.12653347365513476
      ],
      [
        0.1713702483335646,
        0.16338936835519835,
        0.15540848837683213,
        0.14742760839846597,
        0.1394467284200997,
        0.13146584844173348,
        0.12348496846336728,
        0.11550408848500106,
        0.10752320850663485,
        0.09954232852826861
      ]
    ]
  }
}