{
  "0": {
    "img_file": "0.jpg",
    "car_pos": [
      0.0,
      0.0
    ],
    "car_vel": [
      0.7589063997672655,
      0.0
    ],
    "ball_in_frame": 1
  },
  "1": {
    "img_file": "1.jpg",
    "car_pos": [
      0.15976976837205595,
      0.0
    ],
    "car_vel": [
      0.7589063997672655,
      0.0
    ],
    "ball_in_frame": 1
  },
  "2": {
    "img_file": "2.jpg",
    "car_pos": [
      0.31953953674411173,
      0.0
    ],
    "car_vel": [
      0.7589063997672655,
      0.0
    ],
    "ball_in_frame": 1
  },
  "3": {
    "img_file": "3.jpg",
    "car_pos": [
      0.47930930511616765,
      0.0
    ],
    "car_vel": [
      0.7589063997672655,
      0.0
    ],
    "ball_in_frame": 1
  },
  "4": {
    "img_file": "4.jpg",
    "car_pos": [
      0.6390790734882236,
      0.0
    ],
    "car_vel": [
      0.7589063997672655,
      0.0
    ],
    "ball_in_frame": 1
  },
  "5": {
    "img_file": "5.jpg",
    "car_pos": [
      0.7988488418602795,
      0.0
    ],
    "car_vel": [
      0.7589063997672655,
      0.0
    ],
    "ball_in_frame": 1
  },
  "6": {
    "img_file": "6.jpg",
    "car_pos": [
      0.9586186102323355,
      0.0
    ],
    "car_vel": [
      0.7589063997672655,
      0.0
    ],
    "ball_in_frame": 1
  },
  "7": {
    "img_file": "7.jpg",
    "car_pos": [
      1.1183883786043913,
      0.0
    ],
    "car_vel": [
      0.7589063997672655,
      0.0
    ],
    "ball_in_frame": 1
  },
  "8": {
    "img_file": "8.jpg",
    "car_pos": [
      1.2781581469764474,
      0.0
    ],
    "car_vel": [
      0.7589063997672655,
      0.0
    ],
    "ball_in_frame": 1
  },
  "9": {
    "img_file": "9.jpg",
    "car_pos": [
      1.4379279153485034,
      0.0
    ],
    "car_vel": [
      0.7589063997672655,
      0.0
    ],
    "ball_in_frame": 1
  },
  "ball_trj": {
    "pos": [
      [
        2.5783146511050097,
        2.591190678198786,
        2.6016363996240304,
        2.609651815380742,
        2.615236925468922,
        2.618391729888569,
        2.6191657896880027,
        2.6191660192781123,
        2.6191660095005527,
        2.6191660524761913
      ],
      [
        -0.28887837922724474,
        -0.29531979429438876,
        -0.3005454145020597,
        -0.3045552398502576,
        -0.3073492703389825,
        -0.3089275059682343,
        -0.3093147403549456,
        -0.30931485521065255,
        -0.30931485031929035,
        -0.30931487181846207
      ]
    ],
    "vel": [
      [
        0.06693310465820144,
        0.05538915273267342,
        0.04384520080714542,
        0.03230124888161741,
        0.020757296956089404,
        0.009213345030561388,
        9.119689072928787e-05,
        0.00012107697099074982,
        0.00010002092919415752,
        -8.535646223898729e-06
      ],
      [
        -0.03348423436018248,
        -0.027709208777685512,
        -0.021934183195188566,
        -0.01615915761269161,
        -0.010384132030194643,
        -0.004609106447697676,
        -4.56225372734935e-05,
        -6.057047096467916e-05,
        -5.0036887593411875e-05,
        4.270078013505266e-06
      ]
    ]
  }
}