{
  "0": {
    "img_file": "0.jpg",
    "car_pos": [
      0.0,
      0.0
    ],
    "car_vel": [
      0.48771341273159763,
      0.0
    ],
    "ball_in_frame": 1
  },
  "1": {
    "img_file": "1.jpg",
    "car_pos": [
      0.10267650794349424,
      0.0
    ],
    "car_vel": [
      0.48771341273159763,
      0.0
    ],
    "ball_in_frame": 1
  },
  "2": {
    "img_file": "2.jpg",
    "car_pos": [
      0.20535301588698843,
      0.0
    ],
    "car_vel": [
      0.48771341273159763,
      0.0
    ],
    "ball_in_frame": 1
  },
  "3": {
    "img_file": "3.jpg",
    "car_pos": [
      0.30802952383048265,
      0.0
    ],
    "car_vel": [
      0.48771341273159763,
      0.0
    ],
    "ball_in_frame": 1
  },
  "4": {
    "img_file": "4.jpg",
    "car_pos": [
      0.4107060317739769,
      0.0
    ],
    "car_vel": [
      0.48771341273159763,
      0.0
    ],
    "ball_in_frame": 1
  },
  "5": {
    "img_file": "5.jpg",
    "car_pos": [
      0.513382539717471,
      0.0
    ],
    "car_vel": [
      0.48771341273159763,
      0.0
    ],
    "ball_in_frame": 1
  },
  "6": {
    "img_file": "6.jpg",
    "car_pos": [
      0.6160590476609654,
      0.0
    ],
    "car_vel": [
      0.48771341273159763,
      0.0
    ],
    "ball_in_frame": 1
  },
  "7": {
    "img_file": "7.jpg",
    "car_pos": [
      0.7187355556044597,
      0.0
    ],
    "car_vel": [
      0.48771341273159763,
      0.0
    ],
    "ball_in_frame": 1
  },
  "8": {
    "img_file": "8.jpg",
    "car_pos": [
      0.8214120635479539,
      0.0
    ],
    "car_vel": [
      0.48771341273159763,
      0.0
    ],
    "ball_in_frame": 1
  },
  "9": {
    "img_file": "9.jpg",
    "car_pos": [
      0.9240885714914482,
      0.0
    ],
    "car_vel": [
      0.48771341273159763,
      0.0
    ],
    "ball_in_frame": 1
  },
  "ball_trj": {
    "pos": [
      [
        3.560888472598756,
        3.5275880976302756,
        3.4952465265852637,
        3.46386375946372,
        3.4334397962656444,
        3.4039746369910366,
        3.3754682816398978,
        3.3479207302122265,
        3.321331982708023,
        3.2957020391272884
      ],
      [
        1.2538291920109006,
        1.3421395354244183,
        1.4279071956450937,
        1.511132172672926,
        1.5918144665079168,
        1.669954077150065,
        1.745551004599371,
        1.8186052488558342,
        1.8891168099194555,
        1.9570856877902345
      ]
    ],
    "vel": [
      [
        -0.1604539404185175,
        -0.15589962178204367,
        -0.15134530314556985,
        -0.146790984509096,
        -0.14223666587262218,
        -0.13768234723614833,
        -0.1331280285996745,
        -0.12857370996320067,
        -0.12401939132672683,
        -0.11946507269025299
      ],
      [
        0.42551300379720874,
        0.4134352586312076,
        0.40135751346520654,
        0.3892797682992054,
        0.3772020231332043,
        0.36512427796720315,
        0.35304653280120213,
        0.340968787635201,
        0.32889104246919987,
        0.31681329730319874
      ]
    ]
  }
}