{
  "0": {
    "img_file": "0.jpg",
    "car_pos": [
      0.0,
      0.0
    ],
    "car_vel": [
      0.0,
      0.0
    ],
    "ball_in_frame": 1
  },
  "1": {
    "img_file": "1.jpg",
    "car_pos": [
      0.0,
      0.0
    ],
    "car_vel": [
      0.0,
      0.0
    ],
    "ball_in_frame": 1
  },
  "2": {
    "img_file": "2.jpg",
    "car_pos": [
      0.0,
      0.0
    ],
    "car_vel": [
      0.0,
      0.0
    ],
    "ball_in_frame": 1
  },
  "3": {
    "img_file": "3.jpg",
    "car_pos": [
      0.0,
      0.0
    ],
    "car_vel": [
      0.0,
      0.0
    ],
    "ball_in_frame": 1
  },
  "4": {
    "img_file": "4.jpg",
    "car_pos": [
      0.0,
      0.0
    ],
    "car_vel": [
      0.0,
      0.0
    ],
    "ball_in_frame": 1
  },
  "5": {
    "img_file": "5.jpg",
    "car_pos": [
      0.0,
      0.0
    ],
    "car_vel": [
      0.0,
      0.0
    ],
    "ball_in_frame": 1
  },
  "6": {
    "img_file": "6.jpg",
    "car_pos": [
      0.0,
      0.0
    ],
    "car_vel": [
      0.0,
      0.0
    ],
    "ball_in_frame": 1
  },
  "7": {
    "img_file": "7.jpg",
    "car_pos": [
      0.0,
      0.0
    ],
    "car_vel": [
      0.0,
      0.0
    ],
    "ball_in_frame": 1
  },
  "8": {
    "img_file": "8.jpg",
    "car_pos": [
      0.0,
      0.0
    ],
    "car_vel": [
      0.0,
      0.0
    ],
    "ball_in_frame": 1
  },
  "9": {
    "img_file": "9.jpg",
    "car_pos": [
      0.0,
      0.0
    ],
    "car_vel": [
      0.0,
      0.0
    ],
    "ball_in_frame": 1
  },
  "ball_trj": {
    "pos": [
      [
        4.7573732073530905,
        4.9317870071931935,
        5.103536145119909,
        5.272620621133239,
        5.439040435233182,
        5.602795587419739,
        5.763886077692909,
        5.922311906052692,
        6.078073072499089,
        6.2311695770321
      ],
      [
        0.008511616474932704,
        -0.026377452497702403,
        -0.06073349269984957,
        -0.09455650413150868,
        -0.12784648679268001,
        -0.1606034406833634,
        -0.19282736580355886,
        -0.22451826215326637,
        -0.25567612973248593,
        -0.2863009685412176
      ]
    ],
    "vel": [
      [
        0.834794121284781,
        0.8221369771961947,
        0.8094798331076085,
        0.7968226890190222,
        0.784165544930436,
        0.7715084008418498,
        0.7588512567532635,
        0.7461941126646772,
        0.7335369685760909,
        0.7208798244875047
      ],
      [
        -0.16698902094992524,
        -0.16445713429010755,
        -0.16192524763028987,
        -0.15939336097047221,
        -0.15686147431065453,
        -0.15432958765083687,
        -0.1517977009910192,
        -0.14926581433120154,
        -0.14673392767138388,
        -0.1442020410115662
      ]
    ]
  }
}