{
  "0": {
    "img_file": "0.jpg",
    "car_pos": [
      0.0,
      0.0
    ],
    "car_vel": [
      0.2923010763463305,
      0.0
    ],
    "ball_in_frame": 1
  },
  "1": {
    "img_file": "1.jpg",
    "car_pos": [
      0.06153706870449064,
      0.0
    ],
    "car_vel": [
      0.2923010763463305,
      0.0
    ],
    "ball_in_frame": 1
  },
  "2": {
    "img_file": "2.jpg",
    "car_pos": [
      0.1230741374089813,
      0.0
    ],
    "car_vel": [
      0.2923010763463305,
      0.0
    ],
    "ball_in_frame": 1
  },
  "3": {
    "img_file": "3.jpg",
    "car_pos": [
      0.18461120611347187,
      0.0
    ],
    "car_vel": [
      0.2923010763463305,
      0.0
    ],
    "ball_in_frame": 1
  },
  "4": {
    "img_file": "4.jpg",
    "car_pos": [
      0.24614827481796253,
      0.0
    ],
    "car_vel": [
      0.2923010763463305,
      0.0
    ],
    "ball_in_frame": 1
  },
  "5": {
    "img_file": "5.jpg",
    "car_pos": [
      0.3076853435224532,
      0.0
    ],
    "car_vel": [
      0.2923010763463305,
      0.0
    ],
    "ball_in_frame": 1
  },
  "6": {
    "img_file": "6.jpg",
    "car_pos": [
      0.3692224122269438,
      0.0
    ],
    "car_vel": [
      0.2923010763463305,
      0.0
    ],
    "ball_in_frame": 1
  },
  "7": {
    "img_file": "7.jpg",
    "car_pos": [
      0.43075948093143446,
      0.0
    ],
    "car_vel": [
      0.2923010763463305,
      0.0
    ],
    "ball_in_frame": 1
  },
  "8": {
    "img_file": "8.jpg",
    "car_pos": [
      0.4922965496359251,
      0.0
    ],
    "car_vel": [
      0.2923010763463305,
      0.0
    ],
    "ball_in_frame": 1
  },
  "9": {
    "img_file": "9.jpg",
    "car_pos": [
      0.5538336183404158,
      0.0
    ],
    "car_vel": [
      0.2923010763463305,
      0.0
    ],
    "ball_in_frame": 1
  },
  "ball_trj": {
    "pos": [
      [
        2.4048508688926926,
        2.2815526791390184,
        2.160593635416142,
        2.041973737724062,
        1.925692986062778,
        1.8117513804322911,
        1.700148920832601,
        1.5908856072637074,
        1.4839614397256111,
        1.3793764182183113
      ],
      [
        1.5359972496144039,
        1.6089010022619026,
        1.6804216646630947,
        1.7505592368179799,
        1.8193137187265584,
        1.8866851103888307,
        1.9526734118047955,
        2.0172786229744535,
        2.0805007438978054,
        2.1423397745748503
      ]
    ],
    "vel": [
      [
        -0.5912218731530917,
        -0.5801109295068072,
        -0.5689999858605228,
        -0.5578890422142384,
        -0.546778098567954,
        -0.5356671549216695,
        -0.5245562112753851,
        -0.5134452676291006,
        -0.5023343239828162,
        -0.4912233803365317
      ],
      [
        0.34957766441059734,
        0.34300798574064034,
        0.33643830707068334,
        0.3298686284007264,
        0.3232989497307694,
        0.3167292710608124,
        0.3101595923908554,
        0.3035899137208984,
        0.2970202350509414,
        0.2904505563809844
      ]
    ]
  }
}