{
  "0": {
    "img_file": "0.jpg",
    "car_pos": [
      0.0,
      0.0
    ],
    "car_vel": [
      0.0,
      0.0
    ],
    "ball_in_frame": 1
  },
  "1": {
    "img_file": "1.jpg",
    "car_pos": [
      0.0,
      0.0
    ],
    "car_vel": [
      0.0,
      0.0
    ],
    "ball_in_frame": 1
  },
  "2": {
    "img_file": "2.jpg",
    "car_pos": [
      0.0,
      0.0
    ],
    "car_vel": [
      0.0,
      0.0
    ],
    "ball_in_frame": 1
  },
  "3": {
    "img_file": "3.jpg",
    "car_pos": [
      0.0,
      0.0
    ],
    "car_vel": [
      0.0,
      0.0
    ],
    "ball_in_frame": 1
  },
  "4": {
    "img_file": "4.jpg",
    "car_pos": [
      0.0,
      0.0
    ],
    "car_vel": [
      0.0,
      0.0
    ],
    "ball_in_frame": 1
  },
  "5": {
    "img_file": "5.jpg",
    "car_pos": [
      0.0,
      0.0
    ],
    "car_vel": [
      0.0,
      0.0
    ],
    "ball_in_frame": 1
  },
  "6": {
    "img_file": "6.jpg",
    "car_pos": [
      0.0,
      0.0
    ],
    "car_vel": [
      0.0,
      0.0
    ],
    "ball_in_frame": 1
  },
  "7": {
    "img_file": "7.jpg",
    "car_pos": [
      0.0,
      0.0
    ],
    "car_vel": [
      0.0,
      0.0
    ],
    "ball_in_frame": 1
  },
  "8": {
    "img_file": "8.jpg",
    "car_pos": [
      0.0,
      0.0
    ],
    "car_vel": [
      0.0,
      0.0
    ],
    "ball_in_frame": 1
  },
  "9": {
    "img_file": "9.jpg",
    "car_pos": [
      0.0,
      0.0
    ],
    "car_vel": [
      0.0,
      0.0
    ],
    "ball_in_frame": 1
  },
  "ball_trj": {
    "pos": [
      [
        3.248346998667316,
        3.2498796678159074,
        3.2513710451071653,
        3.2528211305410895,
        3.2542299241176798,
        3.2555974258369362,
        3.2569236356988593,
        3.2582085537034486,
        3.2594521798507046,
        3.2606545141406267
      ],
      [
        0.49118110192169917,
        0.5920356899893134,
        0.6901731402677577,
        0.7855934527570306,
        0.8782966274571339,
        0.9682826643680661,
        1.0555515634898276,
        1.1401033248224186,
        1.2219379483658388,
        1.301055434120089
      ]
    ],
    "vel": [
      [
        0.007378246616976459,
        0.007182110294641549,
        0.006985973972306639,
        0.006789837649971729,
        0.006593701327636819,
        0.006397565005301909,
        0.006201428682966999,
        0.006005292360632089,
        0.005809156038297179,
        0.005613019715962269
      ],
      [
        0.48551249557044907,
        0.4726060910718888,
        0.4596996865733285,
        0.4467932820747682,
        0.4338868775762079,
        0.42098047307764763,
        0.40807406857908735,
        0.39516766408052706,
        0.3822612595819668,
        0.3693548550834065
      ]
    ]
  }
}