{
  "0": {
    "img_file": "0.jpg",
    "car_pos": [
      0.0,
      0.0
    ],
    "car_vel": [
      0.0,
      0.0
    ],
    "ball_in_frame": 1
  },
  "1": {
    "img_file": "1.jpg",
    "car_pos": [
      0.0,
      0.0
    ],
    "car_vel": [
      0.0,
      0.0
    ],
    "ball_in_frame": 1
  },
  "2": {
    "img_file": "2.jpg",
    "car_pos": [
      0.0,
      0.0
    ],
    "car_vel": [
      0.0,
      0.0
    ],
    "ball_in_frame": 1
  },
  "3": {
    "img_file": "3.jpg",
    "car_pos": [
      0.0,
      0.0
    ],
    "car_vel": [
      0.0,
      0.0
    ],
    "ball_in_frame": 1
  },
  "4": {
    "img_file": "4.jpg",
    "car_pos": [
      0.0,
      0.0
    ],
    "car_vel": [
      0.0,
      0.0
    ],
    "ball_in_frame": 1
  },
  "5": {
    "img_file": "5.jpg",
    "car_pos": [
      0.0,
      0.0
    ],
    "car_vel": [
      0.0,
      0.0
    ],
    "ball_in_frame": 1
  },
  "6": {
    "img_file": "6.jpg",
    "car_pos": [
      0.0,
      0.0
    ],
    "car_vel": [
      0.0,
      0.0
    ],
    "ball_in_frame": 1
  },
  "7": {
    "img_file": "7.jpg",
    "car_pos": [
      0.0,
      0.0
    ],
    "car_vel": [
      0.0,
      0.0
    ],
    "ball_in_frame": 1
  },
  "8": {
    "img_file": "8.jpg",
    "car_pos": [
      0.0,
      0.0
    ],
    "car_vel": [
      0.0,
      0.0
    ],
    "ball_in_frame": 1
  },
  "9": {
    "img_file": "9.jpg",
    "car_pos": [
      0.0,
      0.0
    ],
    "car_vel": [
      0.0,
      0.0
    ],
    "ball_in_frame": 1
  },
  "ball_trj": {
    "pos": [
      [
        3.9363066328123923,
        3.9529934622815626,
        3.9694224080051614,
        3.985593469983189,
        4.001506648215645,
        4.017161942702529,
        4.032559353443843,
        4.047698880439585,
        4.062580523689755,
        4.077204283194354
      ],
      [
        0.9217490243880243,
        1.0967930170943716,
        1.269131822421517,
        1.4387654403694605,
        1.6056938709382034,
        1.7699171141277446,
        1.9314351699380836,
        2.090248038369222,
        2.246355719421159,
        2.399758213093894
      ]
    ],
    "vel": [
      [
        0.07987491387429052,
        0.07864996608282634,
        0.07742501829136218,
        0.076200070499898,
        0.07497512270843383,
        0.07375017491696964,
        0.07252522712550546,
        0.0713002793340413,
        0.07007533154257713,
        0.06885038375111295
      ],
      [
        0.8378837853807508,
        0.8250341453295438,
        0.8121845052783367,
        0.7993348652271297,
        0.7864852251759227,
        0.7736355851247156,
        0.7607859450735087,
        0.7479363050223017,
        0.7350866649710946,
        0.7222370249198876
      ]
    ]
  }
}