{
  "0": {
    "img_file": "0.jpg",
    "car_pos": [
      0.0,
      0.0
    ],
    "car_vel": [
      0.0,
      0.0
    ],
    "ball_in_frame": 1
  },
  "1": {
    "img_file": "1.jpg",
    "car_pos": [
      0.0,
      0.0
    ],
    "car_vel": [
      0.0,
      0.0
    ],
    "ball_in_frame": 1
  },
  "2": {
    "img_file": "2.jpg",
    "car_pos": [
      0.0,
      0.0
    ],
    "car_vel": [
      0.0,
      0.0
    ],
    "ball_in_frame": 1
  },
  "3": {
    "img_file": "3.jpg",
    "car_pos": [
      0.0,
      0.0
    ],
    "car_vel": [
      0.0,
      0.0
    ],
    "ball_in_frame": 1
  },
  "4": {
    "img_file": "4.jpg",
    "car_pos": [
      0.0,
      0.0
    ],
    "car_vel": [
      0.0,
      0.0
    ],
    "ball_in_frame": 1
  },
  "5": {
    "img_file": "5.jpg",
    "car_pos": [
      0.0,
      0.0
    ],
    "car_vel": [
      0.0,
      0.0
    ],
    "ball_in_frame": 1
  },
  "6": {
    "img_file": "6.jpg",
    "car_pos": [
      0.0,
      0.0
    ],
    "car_vel": [
      0.0,
      0.0
    ],
    "ball_in_frame": 1
  },
  "7": {
    "img_file": "7.jpg",
    "car_pos": [
      0.0,
      0.0
    ],
    "car_vel": [
      0.0,
      0.0
    ],
    "ball_in_frame": 1
  },
  "8": {
    "img_file": "8.jpg",
    "car_pos": [
      0.0,
      0.0
    ],
    "car_vel": [
      0.0,
      0.0
    ],
    "ball_in_frame": 1
  },
  "9": {
    "img_file": "9.jpg",
    "car_pos": [
      0.0,
      0.0
    ],
    "car_vel": [
      0.0,
      0.0
    ],
    "ball_in_frame": 1
  },
  "ball_trj": {
    "pos": [
      [
        4.079683916352303,
        4.124508251860272,
        4.168492638506104,
        4.211637076289799,
        4.253941565211358,
        4.29540610527078,
        4.336030696468065,
        4.375815338803212,
        4.414760032276224,
        4.452864776887098
      ],
      [
        0.7618237224468707,
        0.8997406801739032,
        1.0350732562163125,
        1.167821450574098,
        1.2979852632472613,
        1.425564694235801,
        1.5505597435397172,
        1.6729704111590098,
        1.7927966970936802,
        1.9100386013437265
      ]
    ],
    "vel": [
      [
        0.21491047221042886,
        0.21092071511527868,
        0.2069309580201285,
        0.20294120092497833,
        0.19895144382982813,
        0.19496168673467795,
        0.19097192963952775,
        0.18698217254437757,
        0.1829924154492274,
        0.1790026583540772
      ],
      [
        0.6612434557043838,
        0.6489676427024236,
        0.6366918297004633,
        0.6244160166985031,
        0.6121402036965429,
        0.5998643906945827,
        0.5875885776926225,
        0.5753127646906624,
        0.5630369516887022,
        0.5507611386867419
      ]
    ]
  }
}