{
  "0": {
    "img_file": "0.jpg",
    "car_pos": [
      0.0,
      0.0
    ],
    "car_vel": [
      0.2117617806228974,
      0.0
    ],
    "ball_in_frame": 1
  },
  "1": {
    "img_file": "1.jpg",
    "car_pos": [
      0.04458142749955735,
      0.0
    ],
    "car_vel": [
      0.2117617806228974,
      0.0
    ],
    "ball_in_frame": 1
  },
  "2": {
    "img_file": "2.jpg",
    "car_pos": [
      0.0891628549991147,
      0.0
    ],
    "car_vel": [
      0.2117617806228974,
      0.0
    ],
    "ball_in_frame": 1
  },
  "3": {
    "img_file": "3.jpg",
    "car_pos": [
      0.13374428249867204,
      0.0
    ],
    "car_vel": [
      0.2117617806228974,
      0.0
    ],
    "ball_in_frame": 1
  },
  "4": {
    "img_file": "4.jpg",
    "car_pos": [
      0.1783257099982294,
      0.0
    ],
    "car_vel": [
      0.2117617806228974,
      0.0
    ],
    "ball_in_frame": 1
  },
  "5": {
    "img_file": "5.jpg",
    "car_pos": [
      0.22290713749778673,
      0.0
    ],
    "car_vel": [
      0.2117617806228974,
      0.0
    ],
    "ball_in_frame": 1
  },
  "6": {
    "img_file": "6.jpg",
    "car_pos": [
      0.2674885649973441,
      0.0
    ],
    "car_vel": [
      0.2117617806228974,
      0.0
    ],
    "ball_in_frame": 1
  },
  "7": {
    "img_file": "7.jpg",
    "car_pos": [
      0.3120699924969015,
      0.0
    ],
    "car_vel": [
      0.2117617806228974,
      0.0
    ],
    "ball_in_frame": 1
  },
  "8": {
    "img_file": "8.jpg",
    "car_pos": [
      0.35665141999645883,
      0.0
    ],
    "car_vel": [
      0.2117617806228974,
      0.0
    ],
    "ball_in_frame": 1
  },
  "9": {
    "img_file": "9.jpg",
    "car_pos": [
      0.4012328474960162,
      0.0
    ],
    "car_vel": [
      0.2117617806228974,
      0.0
    ],
    "ball_in_frame": 1
  },
  "ball_trj": {
    "pos": [
      [
        2.0395853310080776,
        1.946467003710155,
        1.855857260453552,
        1.7677561012382672,
        1.6821635260643013,
        1.5990795349316542,
        1.518504127840326,
        1.4404373047903165,
        1.364879065781626,
        1.291829410814254
      ],
      [
        -1.3023683210622659,
        -1.3411501339975507,
        -1.3788871747612776,
        -1.4155794433534468,
        -1.4512269397740587,
        -1.4858296640231128,
        -1.5193876161006092,
        -1.551900796006548,
        -1.5833692037409288,
        -1.6137928393037524
      ]
    ],
    "vel": [
      [
        -0.4482699417632635,
        -0.436354167566999,
        -0.4244383933707345,
        -0.4125226191744701,
        -0.40060684497820553,
        -0.388691070781941,
        -0.37677529658567654,
        -0.364859522389412,
        -0.35294374819314756,
        -0.3410279739968829
      ],
      [
        -0.18669494535005157,
        -0.18173227753515264,
        -0.17676960972025374,
        -0.17180694190535484,
        -0.1668442740904559,
        -0.16188160627555698,
        -0.1569189384606581,
        -0.15195627064575917,
        -0.14699360283086027,
        -0.14203093501596137
      ]
    ]
  }
}