{
  "0": {
    "img_file": "0.jpg",
    "car_pos": [
      0.0,
      0.0
    ],
    "car_vel": [
      0.0,
      0.0
    ],
    "ball_in_frame": 1
  },
  "1": {
    "img_file": "1.jpg",
    "car_pos": [
      0.0,
      0.0
    ],
    "car_vel": [
      0.0,
      0.0
    ],
    "ball_in_frame": 1
  },
  "2": {
    "img_file": "2.jpg",
    "car_pos": [
      0.0,
      0.0
    ],
    "car_vel": [
      0.0,
      0.0
    ],
    "ball_in_frame": 1
  },
  "3": {
    "img_file": "3.jpg",
    "car_pos": [
      0.0,
      0.0
    ],
    "car_vel": [
      0.0,
      0.0
    ],
    "ball_in_frame": 1
  },
  "4": {
    "img_file": "4.jpg",
    "car_pos": [
      0.0,
      0.0
    ],
    "car_vel": [
      0.0,
      0.0
    ],
    "ball_in_frame": 1
  },
  "5": {
    "img_file": "5.jpg",
    "car_pos": [
      0.0,
      0.0
    ],
    "car_vel": [
      0.0,
      0.0
    ],
    "ball_in_frame": 1
  },
  "6": {
    "img_file": "6.jpg",
    "car_pos": [
      0.0,
      0.0
    ],
    "car_vel": [
      0.0,
      0.0
    ],
    "ball_in_frame": 1
  },
  "7": {
    "img_file": "7.jpg",
    "car_pos": [
      0.0,
      0.0
    ],
    "car_vel": [
      0.0,
      0.0
    ],
    "ball_in_frame": 1
  },
  "8": {
    "img_file": "8.jpg",
    "car_pos": [
      0.0,
      0.0
    ],
    "car_vel": [
      0.0,
      0.0
    ],
    "ball_in_frame": 1
  },
  "9": {
    "img_file": "9.jpg",
    "car_pos": [
      0.0,
      0.0
    ],
    "car_vel": [
      0.0,
      0.0
    ],
    "ball_in_frame": 1
  },
  "ball_trj": {
    "pos": [
      [
        2.697356797361028,
        2.7545502524778245,
        2.809773110342336,
        2.8630253709545626,
        2.914307034314504,
        2.9636181004221602,
        3.010958569277531,
        3.0563284408806166,
        3.0997277152314173,
        3.1411563923299326
      ],
      [
        -0.9998209051540832,
        -1.0541287359155138,
        -1.1065653934481632,
        -1.157130877752031,
        -1.2058251888271183,
        -1.2526483266734245,
        -1.2976002912909492,
        -1.340681082679693,
        -1.381890700839656,
        -1.421229145770838
      ]
    ],
    "vel": [
      [
        0.2763490802789616,
        0.26698874333060707,
        0.2576284063822525,
        0.24826806943389795,
        0.23890773248554342,
        0.2295473955371889,
        0.2201870585888343,
        0.2108267216404798,
        0.20146638469212527,
        0.1921060477437707
      ],
      [
        -0.2624062325351491,
        -0.25351815969843894,
        -0.2446300868617288,
        -0.23574201402501865,
        -0.22685394118830848,
        -0.21796586835159834,
        -0.20907779551488823,
        -0.20018972267817808,
        -0.19130164984146797,
        -0.1824135770047578
      ]
    ]
  }
}