{
  "0": {
    "img_file": "0.jpg",
    "car_pos": [
      0.0,
      0.0
    ],
    "car_vel": [
      0.17564330627084213,
      0.0
    ],
    "ball_in_frame": 1
  },
  "1": {
    "img_file": "1.jpg",
    "car_pos": [
      0.03697753816228256,
      0.0
    ],
    "car_vel": [
      0.17564330627084213,
      0.0
    ],
    "ball_in_frame": 1
  },
  "2": {
    "img_file": "2.jpg",
    "car_pos": [
      0.07395507632456515,
      0.0
    ],
    "car_vel": [
      0.17564330627084213,
      0.0
    ],
    "ball_in_frame": 1
  },
  "3": {
    "img_file": "3.jpg",
    "car_pos": [
      0.11093261448684763,
      0.0
    ],
    "car_vel": [
      0.17564330627084213,
      0.0
    ],
    "ball_in_frame": 1
  },
  "4": {
    "img_file": "4.jpg",
    "car_pos": [
      0.14791015264913018,
      0.0
    ],
    "car_vel": [
      0.17564330627084213,
      0.0
    ],
    "ball_in_frame": 1
  },
  "5": {
    "img_file": "5.jpg",
    "car_pos": [
      0.1848876908114127,
      0.0
    ],
    "car_vel": [
      0.17564330627084213,
      0.0
    ],
    "ball_in_frame": 1
  },
  "6": {
    "img_file": "6.jpg",
    "car_pos": [
      0.22186522897369526,
      0.0
    ],
    "car_vel": [
      0.17564330627084213,
      0.0
    ],
    "ball_in_frame": 1
  },
  "7": {
    "img_file": "7.jpg",
    "car_pos": [
      0.25884276713597787,
      0.0
    ],
    "car_vel": [
      0.17564330627084213,
      0.0
    ],
    "ball_in_frame": 1
  },
  "8": {
    "img_file": "8.jpg",
    "car_pos": [
      0.2958203052982604,
      0.0
    ],
    "car_vel": [
      0.17564330627084213,
      0.0
    ],
    "ball_in_frame": 1
  },
  "9": {
    "img_file": "9.jpg",
    "car_pos": [
      0.332797843460543,
      0.0
    ],
    "car_vel": [
      0.17564330627084213,
      0.0
    ],
    "ball_in_frame": 1
  },
  "ball_trj": {
    "pos": [
      [
        3.2770346681820675,
        3.3714725713831744,
        3.464528997772197,
        3.556203947349135,
        3.6464974201139895,
        3.7354094160667595,
        3.8229399352074447,
        3.909088977536046,
        3.993856543052563,
        4.077242631756996
      ],
      [
        -0.8334711658549281,
        -0.9934406033077892,
        -1.1510699414891459,
        -1.3063591803989978,
        -1.4593083200373467,
        -1.6099173604041914,
        -1.7581863014995316,
        -1.9041151433233667,
        -2.0477038858756993,
        -2.188952529156527
      ]
    ],
    "vel": [
      [
        0.45186104763395724,
        0.44529903277655697,
        0.4387370179191567,
        0.43217500306175644,
        0.42561298820435617,
        0.41905097334695585,
        0.41248895848955563,
        0.40592694363215537,
        0.3993649287747551,
        0.3928029139173548
      ],
      [
        -0.7654125636709113,
        -0.7542970921312664,
        -0.7431816205916215,
        -0.7320661490519768,
        -0.7209506775123319,
        -0.709835205972687,
        -0.6987197344330422,
        -0.6876042628933974,
        -0.6764887913537525,
        -0.6653733198141077
      ]
    ]
  }
}