{
  "0": {
    "img_file": "0.jpg",
    "car_pos": [
      0.0,
      0.0
    ],
    "car_vel": [
      0.8341239212242839,
      0.0
    ],
    "ball_in_frame": 1
  },
  "1": {
    "img_file": "1.jpg",
    "car_pos": [
      0.17560503604721767,
      0.0
    ],
    "car_vel": [
      0.8341239212242839,
      0.0
    ],
    "ball_in_frame": 1
  },
  "2": {
    "img_file": "2.jpg",
    "car_pos": [
      0.3512100720944353,
      0.0
    ],
    "car_vel": [
      0.8341239212242839,
      0.0
    ],
    "ball_in_frame": 1
  },
  "3": {
    "img_file": "3.jpg",
    "car_pos": [
      0.526815108141653,
      0.0
    ],
    "car_vel": [
      0.8341239212242839,
      0.0
    ],
    "ball_in_frame": 1
  },
  "4": {
    "img_file": "4.jpg",
    "car_pos": [
      0.7024201441888707,
      0.0
    ],
    "car_vel": [
      0.8341239212242839,
      0.0
    ],
    "ball_in_frame": 1
  },
  "5": {
    "img_file": "5.jpg",
    "car_pos": [
      0.8780251802360883,
      0.0
    ],
    "car_vel": [
      0.8341239212242839,
      0.0
    ],
    "ball_in_frame": 1
  },
  "6": {
    "img_file": "6.jpg",
    "car_pos": [
      1.053630216283306,
      0.0
    ],
    "car_vel": [
      0.8341239212242839,
      0.0
    ],
    "ball_in_frame": 1
  },
  "7": {
    "img_file": "7.jpg",
    "car_pos": [
      1.2292352523305237,
      0.0
    ],
    "car_vel": [
      0.8341239212242839,
      0.0
    ],
    "ball_in_frame": 1
  },
  "8": {
    "img_file": "8.jpg",
    "car_pos": [
      1.4048402883777413,
      0.0
    ],
    "car_vel": [
      0.8341239212242839,
      0.0
    ],
    "ball_in_frame": 1
  },
  "9": {
    "img_file": "9.jpg",
    "car_pos": [
      1.580445324424959,
      0.0
    ],
    "car_vel": [
      0.8341239212242839,
      0.0
    ],
    "ball_in_frame": 1
  },
  "ball_trj": {
    "pos": [
      [
        3.2620503427352916,
        3.3138617359132607,
        3.363941209018208,
        3.4122887620501343,
        3.458904395009039,
        3.503788107894922,
        3.5469399007077835,
        3.5883597734476234,
        3.628047726114442,
        3.666003758708239
      ],
      [
        -0.7696463279338498,
        -0.8322906924163794,
        -0.89284101877999,
        -0.9512973070246814,
        -1.007659557150454,
        -1.0619277691573077,
        -1.114101943045242,
        -1.1641820788142572,
        -1.2121681764643537,
        -1.2580602359955309
      ]
    ],
    "vel": [
      [
        0.2502174277687792,
        0.24199080742192697,
        0.23376418707507474,
        0.22553756672822256,
        0.2173109463813703,
        0.20908432603451804,
        0.20085770568766584,
        0.1926310853408136,
        0.18440446499396138,
        0.17617784464710914
      ],
      [
        -0.3025340718244483,
        -0.29258739075958284,
        -0.2826407096947174,
        -0.2726940286298519,
        -0.2627473475649864,
        -0.2528006665001209,
        -0.24285398543525546,
        -0.23290730437039,
        -0.22296062330552457,
        -0.21301394224065906
      ]
    ]
  }
}