{
  "0": {
    "img_file": "0.jpg",
    "car_pos": [
      0.0,
      0.0
    ],
    "car_vel": [
      0.0,
      0.0
    ],
    "ball_in_frame": 1
  },
  "1": {
    "img_file": "1.jpg",
    "car_pos": [
      0.0,
      0.0
    ],
    "car_vel": [
      0.0,
      0.0
    ],
    "ball_in_frame": 1
  },
  "2": {
    "img_file": "2.jpg",
    "car_pos": [
      0.0,
      0.0
    ],
    "car_vel": [
      0.0,
      0.0
    ],
    "ball_in_frame": 1
  },
  "3": {
    "img_file": "3.jpg",
    "car_pos": [
      0.0,
      0.0
    ],
    "car_vel": [
      0.0,
      0.0
    ],
    "ball_in_frame": 1
  },
  "4": {
    "img_file": "4.jpg",
    "car_pos": [
      0.0,
      0.0
    ],
    "car_vel": [
      0.0,
      0.0
    ],
    "ball_in_frame": 1
  },
  "5": {
    "img_file": "5.jpg",
    "car_pos": [
      0.0,
      0.0
    ],
    "car_vel": [
      0.0,
      0.0
    ],
    "ball_in_frame": 1
  },
  "6": {
    "img_file": "6.jpg",
    "car_pos": [
      0.0,
      0.0
    ],
    "car_vel": [
      0.0,
      0.0
    ],
    "ball_in_frame": 1
  },
  "7": {
    "img_file": "7.jpg",
    "car_pos": [
      0.0,
      0.0
    ],
    "car_vel": [
      0.0,
      0.0
    ],
    "ball_in_frame": 1
  },
  "8": {
    "img_file": "8.jpg",
    "car_pos": [
      0.0,
      0.0
    ],
    "car_vel": [
      0.0,
      0.0
    ],
    "ball_in_frame": 1
  },
  "9": {
    "img_file": "9.jpg",
    "car_pos": [
      0.0,
      0.0
    ],
    "car_vel": [
      0.0,
      0.0
    ],
    "ball_in_frame": 1
  },
  "ball_trj": {
    "pos": [
      [
        1.381433068385689,
        1.2415222949779947,
        1.1042874668866982,
        0.9697285841117995,
        0.8378456466532973,
        0.7086386545111929,
        0.5821076076854863,
        0.4582525061761773,
        0.3370733499832652,
        0.21857013910675072
      ],
      [
        0.4345366343942785,
        0.4097988023931136,
        0.3855341082645302,
        0.36174255200852845,
        0.338424133625108,
        0.3155788531142689,
        0.2932067104760115,
        0.2713077057103356,
        0.24988183881724102,
        0.22892910979672798
      ]
    ],
    "vel": [
      [
        -0.6709315438129906,
        -0.6582208035601023,
        -0.6455100633072139,
        -0.6327993230543256,
        -0.6200885828014373,
        -0.607377842548549,
        -0.5946671022956607,
        -0.5819563620427723,
        -0.569245621789884,
        -0.5565348815369956
      ],
      [
        -0.11862840445291385,
        -0.1163809995581518,
        -0.11413359466338976,
        -0.11188618976862771,
        -0.10963878487386568,
        -0.10739137997910363,
        -0.10514397508434158,
        -0.10289657018957954,
        -0.10064916529481749,
        -0.09840176040005544
      ]
    ]
  }
}