{
  "0": {
    "img_file": "0.jpg",
    "car_pos": [
      0.0,
      0.0
    ],
    "car_vel": [
      0.0,
      0.0
    ],
    "ball_in_frame": 1
  },
  "1": {
    "img_file": "1.jpg",
    "car_pos": [
      0.0,
      0.0
    ],
    "car_vel": [
      0.0,
      0.0
    ],
    "ball_in_frame": 1
  },
  "2": {
    "img_file": "2.jpg",
    "car_pos": [
      0.0,
      0.0
    ],
    "car_vel": [
      0.0,
      0.0
    ],
    "ball_in_frame": 1
  },
  "3": {
    "img_file": "3.jpg",
    "car_pos": [
      0.0,
      0.0
    ],
    "car_vel": [
      0.0,
      0.0
    ],
    "ball_in_frame": 1
  },
  "4": {
    "img_file": "4.jpg",
    "car_pos": [
      0.0,
      0.0
    ],
    "car_vel": [
      0.0,
      0.0
    ],
    "ball_in_frame": 1
  },
  "5": {
    "img_file": "5.jpg",
    "car_pos": [
      0.0,
      0.0
    ],
    "car_vel": [
      0.0,
      0.0
    ],
    "ball_in_frame": 1
  },
  "6": {
    "img_file": "6.jpg",
    "car_pos": [
      0.0,
      0.0
    ],
    "car_vel": [
      0.0,
      0.0
    ],
    "ball_in_frame": 1
  },
  "7": {
    "img_file": "7.jpg",
    "car_pos": [
      0.0,
      0.0
    ],
    "car_vel": [
      0.0,
      0.0
    ],
    "ball_in_frame": 1
  },
  "8": {
    "img_file": "8.jpg",
    "car_pos": [
      0.0,
      0.0
    ],
    "car_vel": [
      0.0,
      0.0
    ],
    "ball_in_frame": 1
  },
  "9": {
    "img_file": "9.jpg",
    "car_pos": [
      0.0,
      0.0
    ],
    "car_vel": [
      0.0,
      0.0
    ],
    "ball_in_frame": 1
  },
  "ball_trj": {
    "pos": [
      [
        2.264544871221256,
        2.177629704003202,
        2.0928860100350697,
        2.010313789316858,
        1.9299130418485682,
        1.8516837676301994,
        1.775625966661752,
        1.701739638943226,
        1.630024784474621,
        1.560481403255937
      ],
      [
        -0.5562758382821786,
        -0.6216694680540664,
        -0.6854293148820789,
        -0.7475553787662166,
        -0.808047659706479,
        -0.8669061577028663,
        -0.9241308727553783,
        -0.9797218048640155,
        -1.0336789540287772,
        -1.0860023202496645
      ]
    ],
    "vel": [
      [
        -0.418004293254318,
        -0.40768979531719196,
        -0.39737529738006594,
        -0.38706079944293986,
        -0.3767463015058138,
        -0.3664318035686877,
        -0.3561173056315617,
        -0.3458028076944356,
        -0.3354883097573096,
        -0.32517381182018346
      ],
      [
        -0.31449997590817036,
        -0.30673950692476354,
        -0.2989790379413567,
        -0.29121856895794995,
        -0.2834580999745432,
        -0.27569763099113637,
        -0.2679371620077296,
        -0.2601766930243228,
        -0.252416224040916,
        -0.24465575505750922
      ]
    ]
  }
}