{
  "0": {
    "img_file": "0.jpg",
    "car_pos": [
      0.0,
      0.0
    ],
    "car_vel": [
      0.8963735383629037,
      0.0
    ],
    "ball_in_frame": 1
  },
  "1": {
    "img_file": "1.jpg",
    "car_pos": [
      0.1887102186027166,
      0.0
    ],
    "car_vel": [
      0.8963735383629037,
      0.0
    ],
    "ball_in_frame": 1
  },
  "2": {
    "img_file": "2.jpg",
    "car_pos": [
      0.377420437205433,
      0.0
    ],
    "car_vel": [
      0.8963735383629037,
      0.0
    ],
    "ball_in_frame": 1
  },
  "3": {
    "img_file": "3.jpg",
    "car_pos": [
      0.5661306558081496,
      0.0
    ],
    "car_vel": [
      0.8963735383629037,
      0.0
    ],
    "ball_in_frame": 1
  },
  "4": {
    "img_file": "4.jpg",
    "car_pos": [
      0.7548408744108661,
      0.0
    ],
    "car_vel": [
      0.8963735383629037,
      0.0
    ],
    "ball_in_frame": 1
  },
  "5": {
    "img_file": "5.jpg",
    "car_pos": [
      0.9435510930135826,
      0.0
    ],
    "car_vel": [
      0.8963735383629037,
      0.0
    ],
    "ball_in_frame": 1
  },
  "6": {
    "img_file": "6.jpg",
    "car_pos": [
      1.1322613116162992,
      0.0
    ],
    "car_vel": [
      0.8963735383629037,
      0.0
    ],
    "ball_in_frame": 1
  },
  "7": {
    "img_file": "7.jpg",
    "car_pos": [
      1.320971530219016,
      0.0
    ],
    "car_vel": [
      0.8963735383629037,
      0.0
    ],
    "ball_in_frame": 1
  },
  "8": {
    "img_file": "8.jpg",
    "car_pos": [
      1.5096817488217324,
      0.0
    ],
    "car_vel": [
      0.8963735383629037,
      0.0
    ],
    "ball_in_frame": 1
  },
  "9": {
    "img_file": "9.jpg",
    "car_pos": [
      1.6983919674244492,
      0.0
    ],
    "car_vel": [
      0.8963735383629037,
      0.0
    ],
    "ball_in_frame": 1
  },
  "ball_trj": {
    "pos": [
      [
        4.194470962331846,
        4.284991444242441,
        4.372929399808455,
        4.458284829029887,
        4.541057731906738,
        4.6212481084390085,
        4.698855958626696,
        4.773881282469803,
        4.84632407996833,
        4.916184351122275
      ],
      [
        -0.20791105562272016,
        -0.23755156250945492,
        -0.26634643326737034,
        -0.29429566789646644,
        -0.3213992663967433,
        -0.3476572287682008,
        -0.373069555010839,
        -0.3976362451246579,
        -0.42135729910965725,
        -0.44423271696583755
      ]
    ],
    "vel": [
      [
        0.436105789143707,
        0.42383878900694594,
        0.41157178887018486,
        0.3993047887334238,
        0.38703778859666266,
        0.3747707884599016,
        0.36250378832314056,
        0.3502367881863795,
        0.3379697880496184,
        0.32570278791285734
      ],
      [
        -0.1428007935179359,
        -0.1387840219060441,
        -0.13476725029415232,
        -0.1307504786822605,
        -0.12673370707036868,
        -0.1227169354584769,
        -0.1187001638465851,
        -0.11468339223469329,
        -0.11066662062280151,
        -0.10664984901090968
      ]
    ]
  }
}