{
  "0": {
    "img_file": "0.jpg",
    "car_pos": [
      0.0,
      0.0
    ],
    "car_vel": [
      0.0,
      0.0
    ],
    "ball_in_frame": 1
  },
  "1": {
    "img_file": "1.jpg",
    "car_pos": [
      0.0,
      0.0
    ],
    "car_vel": [
      0.0,
      0.0
    ],
    "ball_in_frame": 1
  },
  "2": {
    "img_file": "2.jpg",
    "car_pos": [
      0.0,
      0.0
    ],
    "car_vel": [
      0.0,
      0.0
    ],
    "ball_in_frame": 1
  },
  "3": {
    "img_file": "3.jpg",
    "car_pos": [
      0.0,
      0.0
    ],
    "car_vel": [
      0.0,
      0.0
    ],
    "ball_in_frame": 1
  },
  "4": {
    "img_file": "4.jpg",
    "car_pos": [
      0.0,
      0.0
    ],
    "car_vel": [
      0.0,
      0.0
    ],
    "ball_in_frame": 1
  },
  "5": {
    "img_file": "5.jpg",
    "car_pos": [
      0.0,
      0.0
    ],
    "car_vel": [
      0.0,
      0.0
    ],
    "ball_in_frame": 1
  },
  "6": {
    "img_file": "6.jpg",
    "car_pos": [
      0.0,
      0.0
    ],
    "car_vel": [
      0.0,
      0.0
    ],
    "ball_in_frame": 1
  },
  "7": {
    "img_file": "7.jpg",
    "car_pos": [
      0.0,
      0.0
    ],
    "car_vel": [
      0.0,
      0.0
    ],
    "ball_in_frame": 1
  },
  "8": {
    "img_file": "8.jpg",
    "car_pos": [
      0.0,
      0.0
    ],
    "car_vel": [
      0.0,
      0.0
    ],
    "ball_in_frame": 1
  },
  "9": {
    "img_file": "9.jpg",
    "car_pos": [
      0.0,
      0.0
    ],
    "car_vel": [
      0.0,
      0.0
    ],
    "ball_in_frame": 1
  },
  "ball_trj": {
    "pos": [
      [
        4.30442728930132,
        4.36736172711814,
        4.429388252288109,
        4.490506864811225,
        4.550717564687491,
        4.610020351916906,
        4.6684152264994685,
        4.72590218843518,
        4.782481237724038,
        4.838152374366047
      ],
      [
        2.043866059087409,
        2.2214092698443557,
        2.3963911845605237,
        2.5688118032359126,
        2.7386711258705247,
        2.9059691524643574,
        3.0707058830174105,
        3.232881317529685,
        3.3924954560011837,
        3.5495482984319024
      ]
    ],
    "vel": [
      [
        0.30109487216616726,
        0.2967822870936228,
        0.29246970202107836,
        0.2881571169485339,
        0.28384453187598946,
        0.279531946803445,
        0.27521936173090056,
        0.27090677665835616,
        0.2665941915858116,
        0.26228160651326715
      ],
      [
        0.8494133291923467,
        0.8372471729986484,
        0.82508101680495,
        0.8129148606112517,
        0.8007487044175535,
        0.7885825482238552,
        0.776416392030157,
        0.7642502358364587,
        0.7520840796427605,
        0.7399179234490622
      ]
    ]
  }
}