{
  "0": {
    "img_file": "0.jpg",
    "car_pos": [
      0.0,
      0.0
    ],
    "car_vel": [
      0.18593323424477048,
      0.0
    ],
    "ball_in_frame": 1
  },
  "1": {
    "img_file": "1.jpg",
    "car_pos": [
      0.03914383878837274,
      0.0
    ],
    "car_vel": [
      0.18593323424477048,
      0.0
    ],
    "ball_in_frame": 1
  },
  "2": {
    "img_file": "2.jpg",
    "car_pos": [
      0.07828767757674553,
      0.0
    ],
    "car_vel": [
      0.18593323424477048,
      0.0
    ],
    "ball_in_frame": 1
  },
  "3": {
    "img_file": "3.jpg",
    "car_pos": [
      0.1174315163651182,
      0.0
    ],
    "car_vel": [
      0.18593323424477048,
      0.0
    ],
    "ball_in_frame": 1
  },
  "4": {
    "img_file": "4.jpg",
    "car_pos": [
      0.15657535515349094,
      0.0
    ],
    "car_vel": [
      0.18593323424477048,
      0.0
    ],
    "ball_in_frame": 1
  },
  "5": {
    "img_file": "5.jpg",
    "car_pos": [
      0.19571919394186366,
      0.0
    ],
    "car_vel": [
      0.18593323424477048,
      0.0
    ],
    "ball_in_frame": 1
  },
  "6": {
    "img_file": "6.jpg",
    "car_pos": [
      0.2348630327302364,
      0.0
    ],
    "car_vel": [
      0.18593323424477048,
      0.0
    ],
    "ball_in_frame": 1
  },
  "7": {
    "img_file": "7.jpg",
    "car_pos": [
      0.27400687151860914,
      0.0
    ],
    "car_vel": [
      0.18593323424477048,
      0.0
    ],
    "ball_in_frame": 1
  },
  "8": {
    "img_file": "8.jpg",
    "car_pos": [
      0.3131507103069818,
      0.0
    ],
    "car_vel": [
      0.18593323424477048,
      0.0
    ],
    "ball_in_frame": 1
  },
  "9": {
    "img_file": "9.jpg",
    "car_pos": [
      0.3522945490953547,
      0.0
    ],
    "car_vel": [
      0.18593323424477048,
      0.0
    ],
    "ball_in_frame": 1
  },
  "ball_trj": {
    "pos": [
      [
        2.6021955704314026,
        2.606996549674807,
        2.6117037415351305,
        2.6163171460123733,
        2.620836763106535,
        2.6252625928176165,
        2.6295946351456165,
        2.633832890090536,
        2.6379773576523746,
        2.6420280378311323
      ],
      [
        0.9035859315347409,
        1.042609492182394,
        1.1789172202303462,
        1.3125091156785982,
        1.44338517852715,
        1.5715454087760015,
        1.6969898064251523,
        1.8197183714746026,
        1.9397311039243519,
        2.0570280037744024
      ]
    ],
    "vel": [
      [
        0.023027396440988022,
        0.02258190637135406,
        0.022136416301720103,
        0.02169092623208614,
        0.021245436162452176,
        0.020799946092818215,
        0.020354456023184253,
        0.01990896595355029,
        0.01946347588391633,
        0.01901798581428237
      ],
      [
        0.6668120155006397,
        0.6539118106520625,
        0.6410116058034854,
        0.6281114009549082,
        0.6152111961063311,
        0.6023109912577539,
        0.5894107864091768,
        0.5765105815605996,
        0.5636103767120224,
        0.5507101718634453
      ]
    ]
  }
}