{
  "0": {
    "img_file": "0.jpg",
    "car_pos": [
      0.0,
      0.0
    ],
    "car_vel": [
      0.0,
      0.0
    ],
    "ball_in_frame": 1
  },
  "1": {
    "img_file": "1.jpg",
    "car_pos": [
      0.0,
      0.0
    ],
    "car_vel": [
      0.0,
      0.0
    ],
    "ball_in_frame": 1
  },
  "2": {
    "img_file": "2.jpg",
    "car_pos": [
      0.0,
      0.0
    ],
    "car_vel": [
      0.0,
      0.0
    ],
    "ball_in_frame": 1
  },
  "3": {
    "img_file": "3.jpg",
    "car_pos": [
      0.0,
      0.0
    ],
    "car_vel": [
      0.0,
      0.0
    ],
    "ball_in_frame": 1
  },
  "4": {
    "img_file": "4.jpg",
    "car_pos": [
      0.0,
      0.0
    ],
    "car_vel": [
      0.0,
      0.0
    ],
    "ball_in_frame": 1
  },
  "5": {
    "img_file": "5.jpg",
    "car_pos": [
      0.0,
      0.0
    ],
    "car_vel": [
      0.0,
      0.0
    ],
    "ball_in_frame": 1
  },
  "6": {
    "img_file": "6.jpg",
    "car_pos": [
      0.0,
      0.0
    ],
    "car_vel": [
      0.0,
      0.0
    ],
    "ball_in_frame": 1
  },
  "7": {
    "img_file": "7.jpg",
    "car_pos": [
      0.0,
      0.0
    ],
    "car_vel": [
      0.0,
      0.0
    ],
    "ball_in_frame": 1
  },
  "8": {
    "img_file": "8.jpg",
    "car_pos": [
      0.0,
      0.0
    ],
    "car_vel": [
      0.0,
      0.0
    ],
    "ball_in_frame": 1
  },
  "9": {
    "img_file": "9.jpg",
    "car_pos": [
      0.0,
      0.0
    ],
    "car_vel": [
      0.0,
      0.0
    ],
    "ball_in_frame": 1
  },
  "ball_trj": {
    "pos": [
      [
        2.4502581654251516,
        2.469963202169755,
        2.489353913659229,
        2.508430299893574,
        2.5271923608727893,
        2.5456400965968755,
        2.5637735070658323,
        2.5815925922796596,
        2.5990973522383576,
        2.616287786941926
      ],
      [
        -1.411163337023884,
        -1.580376786493766,
        -1.746891024520132,
        -1.9107060511029816,
        -2.0718218662423156,
        -2.230238469938133,
        -2.3859558621904347,
        -2.5389740429992194,
        -2.689293012364488,
        -2.836912770286241
      ]
    ],
    "vel": [
      [
        0.09434544701779889,
        0.0928524020559344,
        0.0913593570940699,
        0.08986631213220542,
        0.08837326717034094,
        0.08688022220847645,
        0.08538717724661196,
        0.08389413228474747,
        0.08240108732288298,
        0.0809080423610185
      ],
      [
        -0.8101745121602912,
        -0.7973532578035893,
        -0.7845320034468874,
        -0.7717107490901856,
        -0.7588894947334837,
        -0.7460682403767818,
        -0.7332469860200799,
        -0.720425731663378,
        -0.7076044773066761,
        -0.6947832229499743
      ]
    ]
  }
}