{
  "0": {
    "img_file": "0.jpg",
    "car_pos": [
      0.0,
      0.0
    ],
    "car_vel": [
      0.0,
      0.0
    ],
    "ball_in_frame": 1
  },
  "1": {
    "img_file": "1.jpg",
    "car_pos": [
      0.0,
      0.0
    ],
    "car_vel": [
      0.0,
      0.0
    ],
    "ball_in_frame": 1
  },
  "2": {
    "img_file": "2.jpg",
    "car_pos": [
      0.0,
      0.0
    ],
    "car_vel": [
      0.0,
      0.0
    ],
    "ball_in_frame": 1
  },
  "3": {
    "img_file": "3.jpg",
    "car_pos": [
      0.0,
      0.0
    ],
    "car_vel": [
      0.0,
      0.0
    ],
    "ball_in_frame": 1
  },
  "4": {
    "img_file": "4.jpg",
    "car_pos": [
      0.0,
      0.0
    ],
    "car_vel": [
      0.0,
      0.0
    ],
    "ball_in_frame": 1
  },
  "5": {
    "img_file": "5.jpg",
    "car_pos": [
      0.0,
      0.0
    ],
    "car_vel": [
      0.0,
      0.0
    ],
    "ball_in_frame": 1
  },
  "6": {
    "img_file": "6.jpg",
    "car_pos": [
      0.0,
      0.0
    ],
    "car_vel": [
      0.0,
      0.0
    ],
    "ball_in_frame": 1
  },
  "7": {
    "img_file": "7.jpg",
    "car_pos": [
      0.0,
      0.0
    ],
    "car_vel": [
      0.0,
      0.0
    ],
    "ball_in_frame": 1
  },
  "8": {
    "img_file": "8.jpg",
    "car_pos": [
      0.0,
      0.0
    ],
    "car_vel": [
      0.0,
      0.0
    ],
    "ball_in_frame": 1
  },
  "9": {
    "img_file": "9.jpg",
    "car_pos": [
      0.0,
      0.0
    ],
    "car_vel": [
      0.0,
      0.0
    ],
    "ball_in_frame": 1
  },
  "ball_trj": {
    "pos": [
      [
        1.8495357212126284,
        1.8055170945763932,
        1.7623689490226084,
        1.7200912845512737,
        1.6786841011623888,
        1.638147398855954,
        1.59848117763197,
        1.5596854374904356,
        1.5217601784313515,
        1.4847054004547182
      ],
      [
        -1.6547965154811097,
        -1.7849720178096435,
        -1.9125732619017295,
        -2.037600247757368,
        -2.1600529753765594,
        -2.2799314447593035,
        -2.397235655905599,
        -2.5119656088154487,
        -2.62412130348885,
        -2.733702739925803
      ]
    ],
    "vel": [
      [
        -0.21115586909293518,
        -0.20702108395129704,
        -0.20288629880965892,
        -0.1987515136680208,
        -0.1946167285263827,
        -0.19048194338474456,
        -0.18634715824310644,
        -0.18221237310146832,
        -0.1780775879598302,
        -0.17394280281819208
      ],
      [
        -0.6244474993720961,
        -0.6122197727489709,
        -0.5999920461258457,
        -0.5877643195027205,
        -0.5755365928795952,
        -0.56330886625647,
        -0.5510811396333448,
        -0.5388534130102196,
        -0.5266256863870944,
        -0.5143979597639693
      ]
    ]
  }
}