{
  "0": {
    "img_file": "0.jpg",
    "car_pos": [
      0.0,
      0.0
    ],
    "car_vel": [
      0.0,
      0.0
    ],
    "ball_in_frame": 1
  },
  "1": {
    "img_file": "1.jpg",
    "car_pos": [
      0.0,
      0.0
    ],
    "car_vel": [
      0.0,
      0.0
    ],
    "ball_in_frame": 1
  },
  "2": {
    "img_file": "2.jpg",
    "car_pos": [
      0.0,
      0.0
    ],
    "car_vel": [
      0.0,
      0.0
    ],
    "ball_in_frame": 1
  },
  "3": {
    "img_file": "3.jpg",
    "car_pos": [
      0.0,
      0.0
    ],
    "car_vel": [
      0.0,
      0.0
    ],
    "ball_in_frame": 1
  },
  "4": {
    "img_file": "4.jpg",
    "car_pos": [
      0.0,
      0.0
    ],
    "car_vel": [
      0.0,
      0.0
    ],
    "ball_in_frame": 1
  },
  "5": {
    "img_file": "5.jpg",
    "car_pos": [
      0.0,
      0.0
    ],
    "car_vel": [
      0.0,
      0.0
    ],
    "ball_in_frame": 1
  },
  "6": {
    "img_file": "6.jpg",
    "car_pos": [
      0.0,
      0.0
    ],
    "car_vel": [
      0.0,
      0.0
    ],
    "ball_in_frame": 1
  },
  "7": {
    "img_file": "7.jpg",
    "car_pos": [
      0.0,
      0.0
    ],
    "car_vel": [
      0.0,
      0.0
    ],
    "ball_in_frame": 1
  },
  "8": {
    "img_file": "8.jpg",
    "car_pos": [
      0.0,
      0.0
    ],
    "car_vel": [
      0.0,
      0.0
    ],
    "ball_in_frame": 1
  },
  "9": {
    "img_file": "9.jpg",
    "car_pos": [
      0.0,
      0.0
    ],
    "car_vel": [
      0.0,
      0.0
    ],
    "ball_in_frame": 1
  },
  "ball_trj": {
    "pos": [
      [
        0.5202426132307367,
        0.3606686272585924,
        0.2032359524552192,
        0.047944588820616474,
        -0.10520546364521532,
        -0.25621420494227687,
        -0.4050816350705668,
        -0.5518077540300861,
        -0.6963925618208351,
        -0.8388360584428101
      ],
      [
        -0.9044689642994668,
        -1.0291525556398156,
        -1.1521630273606156,
        -1.273500379461867,
        -1.3931646119435706,
        -1.5111557248057252,
        -1.627473718048331,
        -1.742118591671389,
        -1.855090345674898,
        -1.9663889800588583
      ]
    ],
    "vel": [
      [
        -0.7630620473935156,
        -0.752890819341854,
        -0.7427195912901925,
        -0.7325483632385309,
        -0.7223771351868693,
        -0.7122059071352077,
        -0.7020346790835461,
        -0.6918634510318846,
        -0.6816922229802229,
        -0.6715209949285615
      ],
      [
        -0.5962207179630832,
        -0.5882733997702279,
        -0.5803260815773725,
        -0.5723787633845172,
        -0.5644314451916619,
        -0.5564841269988066,
        -0.5485368088059512,
        -0.540589490613096,
        -0.5326421724202407,
        -0.5246948542273853
      ]
    ]
  }
}