{
  "0": {
    "img_file": "0.jpg",
    "car_pos": [
      0.0,
      0.0
    ],
    "car_vel": [
      0.22548813240444288,
      0.0
    ],
    "ball_in_frame": 1
  },
  "1": {
    "img_file": "1.jpg",
    "car_pos": [
      0.0474711857693564,
      0.0
    ],
    "car_vel": [
      0.22548813240444288,
      0.0
    ],
    "ball_in_frame": 1
  },
  "2": {
    "img_file": "2.jpg",
    "car_pos": [
      0.09494237153871282,
      0.0
    ],
    "car_vel": [
      0.22548813240444288,
      0.0
    ],
    "ball_in_frame": 1
  },
  "3": {
    "img_file": "3.jpg",
    "car_pos": [
      0.14241355730806915,
      0.0
    ],
    "car_vel": [
      0.22548813240444288,
      0.0
    ],
    "ball_in_frame": 1
  },
  "4": {
    "img_file": "4.jpg",
    "car_pos": [
      0.18988474307742553,
      0.0
    ],
    "car_vel": [
      0.22548813240444288,
      0.0
    ],
    "ball_in_frame": 1
  },
  "5": {
    "img_file": "5.jpg",
    "car_pos": [
      0.23735592884678194,
      0.0
    ],
    "car_vel": [
      0.22548813240444288,
      0.0
    ],
    "ball_in_frame": 1
  },
  "6": {
    "img_file": "6.jpg",
    "car_pos": [
      0.28482711461613835,
      0.0
    ],
    "car_vel": [
      0.22548813240444288,
      0.0
    ],
    "ball_in_frame": 1
  },
  "7": {
    "img_file": "7.jpg",
    "car_pos": [
      0.3322983003854948,
      0.0
    ],
    "car_vel": [
      0.22548813240444288,
      0.0
    ],
    "ball_in_frame": 1
  },
  "8": {
    "img_file": "8.jpg",
    "car_pos": [
      0.3797694861548512,
      0.0
    ],
    "car_vel": [
      0.22548813240444288,
      0.0
    ],
    "ball_in_frame": 1
  },
  "9": {
    "img_file": "9.jpg",
    "car_pos": [
      0.42724067192420756,
      0.0
    ],
    "car_vel": [
      0.22548813240444288,
      0.0
    ],
    "ball_in_frame": 1
  },
  "ball_trj": {
    "pos": [
      [
        2.34978533627808,
        2.35255964126892,
        2.355265144792315,
        2.3579018468482653,
        2.360469747436771,
        2.362968846557832,
        2.3653991442114477,
        2.367760640397619,
        2.3700533351163453,
        2.372277228367627
      ],
      [
        -1.0100837311442779,
        -1.1196253278284019,
        -1.2264503440994143,
        -1.3305587799573162,
        -1.4319506354021074,
        -1.5306259104337874,
        -1.626584605052356,
        -1.7198267192578138,
        -1.8103522530501608,
        -1.8981612064293962
      ]
    ],
    "vel": [
      [
        0.013341352191670751,
        0.013014545221308058,
        0.012687738250945364,
        0.01236093128058267,
        0.012034124310219977,
        0.011707317339857283,
        0.011380510369494591,
        0.011053703399131896,
        0.0107268964287692,
        0.010400089458406515
      ],
      [
        -0.5267744627307266,
        -0.5138707057684494,
        -0.5009669488061722,
        -0.4880631918438949,
        -0.4751594348816177,
        -0.4622556779193404,
        -0.4493519209570632,
        -0.43644816399478603,
        -0.42354440703250873,
        -0.4106406500702314
      ]
    ]
  }
}