{
  "0": {
    "img_file": "0.jpg",
    "car_pos": [
      0.0,
      0.0
    ],
    "car_vel": [
      0.0,
      0.0
    ],
    "ball_in_frame": 1
  },
  "1": {
    "img_file": "1.jpg",
    "car_pos": [
      0.0,
      0.0
    ],
    "car_vel": [
      0.0,
      0.0
    ],
    "ball_in_frame": 1
  },
  "2": {
    "img_file": "2.jpg",
    "car_pos": [
      0.0,
      0.0
    ],
    "car_vel": [
      0.0,
      0.0
    ],
    "ball_in_frame": 1
  },
  "3": {
    "img_file": "3.jpg",
    "car_pos": [
      0.0,
      0.0
    ],
    "car_vel": [
      0.0,
      0.0
    ],
    "ball_in_frame": 1
  },
  "4": {
    "img_file": "4.jpg",
    "car_pos": [
      0.0,
      0.0
    ],
    "car_vel": [
      0.0,
      0.0
    ],
    "ball_in_frame": 1
  },
  "5": {
    "img_file": "5.jpg",
    "car_pos": [
      0.0,
      0.0
    ],
    "car_vel": [
      0.0,
      0.0
    ],
    "ball_in_frame": 1
  },
  "6": {
    "img_file": "6.jpg",
    "car_pos": [
      0.0,
      0.0
    ],
    "car_vel": [
      0.0,
      0.0
    ],
    "ball_in_frame": 1
  },
  "7": {
    "img_file": "7.jpg",
    "car_pos": [
      0.0,
      0.0
    ],
    "car_vel": [
      0.0,
      0.0
    ],
    "ball_in_frame": 1
  },
  "8": {
    "img_file": "8.jpg",
    "car_pos": [
      0.0,
      0.0
    ],
    "car_vel": [
      0.0,
      0.0
    ],
    "ball_in_frame": 1
  },
  "9": {
    "img_file": "9.jpg",
    "car_pos": [
      0.0,
      0.0
    ],
    "car_vel": [
      0.0,
      0.0
    ],
    "ball_in_frame": 1
  },
  "ball_trj": {
    "pos": [
      [
        2.6727528834019814,
        2.723453901267518,
        2.773307288004169,
        2.822313043611934,
        2.870471168090813,
        2.917781661440806,
        2.964244523661913,
        3.009859754754134,
        3.0546273547174687,
        3.0985473235519168
      ],
      [
        2.258323850209323,
        2.4127584220327054,
        2.5646111216183183,
        2.7138819489661614,
        2.8605709040762353,
        3.004677986948541,
        3.1462031975830764,
        3.2851465359798424,
        3.4215080021388395,
        3.555287596060066
      ]
    ],
    "vel": [
      [
        0.24284295879240425,
        0.23881671093019574,
        0.23479046306798723,
        0.23076421520577872,
        0.22673796734357024,
        0.2227117194813617,
        0.21868547161915322,
        0.21465922375694474,
        0.21063297589473623,
        0.20660672803252775
      ],
      [
        0.7396961627257684,
        0.7274322695963639,
        0.7151683764669592,
        0.7029044833375546,
        0.69064059020815,
        0.6783766970787453,
        0.6661128039493407,
        0.653848910819936,
        0.6415850176905314,
        0.629321124561127
      ]
    ]
  }
}