{
  "0": {
    "img_file": "0.jpg",
    "car_pos": [
      0.0,
      0.0
    ],
    "car_vel": [
      0.5093807015640268,
      0.0
    ],
    "ball_in_frame": 1
  },
  "1": {
    "img_file": "1.jpg",
    "car_pos": [
      0.10723804243453194,
      0.0
    ],
    "car_vel": [
      0.5093807015640268,
      0.0
    ],
    "ball_in_frame": 1
  },
  "2": {
    "img_file": "2.jpg",
    "car_pos": [
      0.21447608486906394,
      0.0
    ],
    "car_vel": [
      0.5093807015640268,
      0.0
    ],
    "ball_in_frame": 1
  },
  "3": {
    "img_file": "3.jpg",
    "car_pos": [
      0.32171412730359594,
      0.0
    ],
    "car_vel": [
      0.5093807015640268,
      0.0
    ],
    "ball_in_frame": 1
  },
  "4": {
    "img_file": "4.jpg",
    "car_pos": [
      0.42895216973812783,
      0.0
    ],
    "car_vel": [
      0.5093807015640268,
      0.0
    ],
    "ball_in_frame": 1
  },
  "5": {
    "img_file": "5.jpg",
    "car_pos": [
      0.5361902121726598,
      0.0
    ],
    "car_vel": [
      0.5093807015640268,
      0.0
    ],
    "ball_in_frame": 1
  },
  "6": {
    "img_file": "6.jpg",
    "car_pos": [
      0.6434282546071918,
      0.0
    ],
    "car_vel": [
      0.5093807015640268,
      0.0
    ],
    "ball_in_frame": 1
  },
  "7": {
    "img_file": "7.jpg",
    "car_pos": [
      0.7506662970417237,
      0.0
    ],
    "car_vel": [
      0.5093807015640268,
      0.0
    ],
    "ball_in_frame": 1
  },
  "8": {
    "img_file": "8.jpg",
    "car_pos": [
      0.8579043394762556,
      0.0
    ],
    "car_vel": [
      0.5093807015640268,
      0.0
    ],
    "ball_in_frame": 1
  },
  "9": {
    "img_file": "9.jpg",
    "car_pos": [
      0.9651423819107877,
      0.0
    ],
    "car_vel": [
      0.5093807015640268,
      0.0
    ],
    "ball_in_frame": 1
  },
  "ball_trj": {
    "pos": [
      [
        1.2849449872739138,
        1.1611792551679088,
        1.0393004248104152,
        0.9193084962014331,
        0.801203469340962,
        0.6849853442290024,
        0.5706541208655542,
        0.45820979925061756,
        0.34765237938419324,
        0.23898186126627952
      ],
      [
        1.3914548980434647,
        1.5197228851817304,
        1.6460353303045212,
        1.7703922334118378,
        1.8927935945036807,
        2.013239413580049,
        2.131729690640943,
        2.248264425686363,
        2.3628436187163064,
        2.4754672697307774
      ]
    ],
    "vel": [
      [
        -0.5923686191562385,
        -0.5834058358508092,
        -0.57444305254538,
        -0.5654802692399508,
        -0.5565174859345214,
        -0.5475547026290921,
        -0.5385919193236629,
        -0.5296291360182337,
        -0.5206663527128045,
        -0.5117035694073753
      ],
      [
        0.6139173511935119,
        0.6046285266200088,
        0.5953397020465057,
        0.5860508774730026,
        0.5767620528994994,
        0.5674732283259963,
        0.5581844037524932,
        0.5488955791789901,
        0.5396067546054872,
        0.5303179300319841
      ]
    ]
  }
}