{
  "0": {
    "img_file": "0.jpg",
    "car_pos": [
      0.0,
      0.0
    ],
    "car_vel": [
      0.8806441181147487,
      0.0
    ],
    "ball_in_frame": 1
  },
  "1": {
    "img_file": "1.jpg",
    "car_pos": [
      0.18539876170836816,
      0.0
    ],
    "car_vel": [
      0.8806441181147487,
      0.0
    ],
    "ball_in_frame": 1
  },
  "2": {
    "img_file": "2.jpg",
    "car_pos": [
      0.37079752341673633,
      0.0
    ],
    "car_vel": [
      0.8806441181147487,
      0.0
    ],
    "ball_in_frame": 1
  },
  "3": {
    "img_file": "3.jpg",
    "car_pos": [
      0.5561962851251044,
      0.0
    ],
    "car_vel": [
      0.8806441181147487,
      0.0
    ],
    "ball_in_frame": 1
  },
  "4": {
    "img_file": "4.jpg",
    "car_pos": [
      0.7415950468334727,
      0.0
    ],
    "car_vel": [
      0.8806441181147487,
      0.0
    ],
    "ball_in_frame": 1
  },
  "5": {
    "img_file": "5.jpg",
    "car_pos": [
      0.9269938085418408,
      0.0
    ],
    "car_vel": [
      0.8806441181147487,
      0.0
    ],
    "ball_in_frame": 1
  },
  "6": {
    "img_file": "6.jpg",
    "car_pos": [
      1.1123925702502089,
      0.0
    ],
    "car_vel": [
      0.8806441181147487,
      0.0
    ],
    "ball_in_frame": 1
  },
  "7": {
    "img_file": "7.jpg",
    "car_pos": [
      1.297791331958577,
      0.0
    ],
    "car_vel": [
      0.8806441181147487,
      0.0
    ],
    "ball_in_frame": 1
  },
  "8": {
    "img_file": "8.jpg",
    "car_pos": [
      1.4831900936669453,
      0.0
    ],
    "car_vel": [
      0.8806441181147487,
      0.0
    ],
    "ball_in_frame": 1
  },
  "9": {
    "img_file": "9.jpg",
    "car_pos": [
      1.6685888553753137,
      0.0
    ],
    "car_vel": [
      0.8806441181147487,
      0.0
    ],
    "ball_in_frame": 1
  },
  "ball_trj": {
    "pos": [
      [
        2.3765395803594815,
        2.3874728117478026,
        2.3960958164074744,
        2.402408594338497,
        2.4064111455408703,
        2.408103470014594,
        2.4081666346398625,
        2.408167002417066,
        2.408167276869147,
        2.408167356112089
      ],
      [
        -0.12254022971315563,
        -0.12931188403884594,
        -0.13465266616721908,
        -0.13856257609827516,
        -0.14104161383201408,
        -0.1420897793684359,
        -0.14212890128882125,
        -0.14212912907692896,
        -0.14212929906277705,
        -0.14212934814303158
      ]
    ],
    "vel": [
      [
        0.05741963757506751,
        0.04644606061398319,
        0.03547248365289892,
        0.02449890669181463,
        0.013525329730730328,
        0.002551752769646021,
        -0.00010258501442284394,
        -3.2637599737613256e-05,
        4.354664928466479e-05,
        4.473801308558547e-06
      ],
      [
        -0.035563679515657025,
        -0.028767036578400712,
        -0.021970393641144413,
        -0.01517375070388811,
        -0.0083771077666318,
        -0.0015804648293754834,
        6.353750615847218e-05,
        2.021456745893447e-05,
        -2.697124441295574e-05,
        -2.770913274161512e-06
      ]
    ]
  }
}