{
  "0": {
    "img_file": "0.jpg",
    "car_pos": [
      0.0,
      0.0
    ],
    "car_vel": [
      0.261054360654296,
      0.0
    ],
    "ball_in_frame": 1
  },
  "1": {
    "img_file": "1.jpg",
    "car_pos": [
      0.05495881276932548,
      0.0
    ],
    "car_vel": [
      0.261054360654296,
      0.0
    ],
    "ball_in_frame": 1
  },
  "2": {
    "img_file": "2.jpg",
    "car_pos": [
      0.10991762553865098,
      0.0
    ],
    "car_vel": [
      0.261054360654296,
      0.0
    ],
    "ball_in_frame": 1
  },
  "3": {
    "img_file": "3.jpg",
    "car_pos": [
      0.1648764383079764,
      0.0
    ],
    "car_vel": [
      0.261054360654296,
      0.0
    ],
    "ball_in_frame": 1
  },
  "4": {
    "img_file": "4.jpg",
    "car_pos": [
      0.2198352510773019,
      0.0
    ],
    "car_vel": [
      0.261054360654296,
      0.0
    ],
    "ball_in_frame": 1
  },
  "5": {
    "img_file": "5.jpg",
    "car_pos": [
      0.27479406384662736,
      0.0
    ],
    "car_vel": [
      0.261054360654296,
      0.0
    ],
    "ball_in_frame": 1
  },
  "6": {
    "img_file": "6.jpg",
    "car_pos": [
      0.3297528766159528,
      0.0
    ],
    "car_vel": [
      0.261054360654296,
      0.0
    ],
    "ball_in_frame": 1
  },
  "7": {
    "img_file": "7.jpg",
    "car_pos": [
      0.38471168938527833,
      0.0
    ],
    "car_vel": [
      0.261054360654296,
      0.0
    ],
    "ball_in_frame": 1
  },
  "8": {
    "img_file": "8.jpg",
    "car_pos": [
      0.43967050215460385,
      0.0
    ],
    "car_vel": [
      0.261054360654296,
      0.0
    ],
    "ball_in_frame": 1
  },
  "9": {
    "img_file": "9.jpg",
    "car_pos": [
      0.4946293149239293,
      0.0
    ],
    "car_vel": [
      0.261054360654296,
      0.0
    ],
    "ball_in_frame": 1
  },
  "ball_trj": {
    "pos": [
      [
        5.644874189720093,
        5.819851451301,
        5.9928322455883904,
        6.163816572582263,
        6.332804432282618,
        6.499795824689456,
        6.664790749802776,
        6.82778920762258,
        6.988791198148865,
        7.1477967213816305
      ],
      [
        -2.4019582595315336,
        -2.5635329556468607,
        -2.723264105958922,
        -2.881151710467719,
        -3.0371957691732514,
        -3.191396282075518,
        -3.34375324917452,
        -3.4942666704702576,
        -3.6429365459627294,
        -3.7897628756519355
      ]
    ],
    "vel": [
      [
        0.8358836023314146,
        0.8264003826872065,
        0.8169171630429984,
        0.8074339433987904,
        0.7979507237545823,
        0.7884675041103741,
        0.7789842844661661,
        0.769501064821958,
        0.76001784517775,
        0.750534625533542
      ],
      [
        -0.7718582278305566,
        -0.763101385265048,
        -0.7543445426995394,
        -0.7455877001340309,
        -0.7368308575685223,
        -0.7280740150030137,
        -0.7193171724375051,
        -0.7105603298719966,
        -0.701803487306488,
        -0.6930466447409795
      ]
    ]
  }
}