{
  "0": {
    "img_file": "0.jpg",
    "car_pos": [
      0.0,
      0.0
    ],
    "car_vel": [
      0.3922352252181637,
      0.0
    ],
    "ball_in_frame": 1
  },
  "1": {
    "img_file": "1.jpg",
    "car_pos": [
      0.08257583688803448,
      0.0
    ],
    "car_vel": [
      0.3922352252181637,
      0.0
    ],
    "ball_in_frame": 1
  },
  "2": {
    "img_file": "2.jpg",
    "car_pos": [
      0.16515167377606899,
      0.0
    ],
    "car_vel": [
      0.3922352252181637,
      0.0
    ],
    "ball_in_frame": 1
  },
  "3": {
    "img_file": "3.jpg",
    "car_pos": [
      0.24772751066410337,
      0.0
    ],
    "car_vel": [
      0.3922352252181637,
      0.0
    ],
    "ball_in_frame": 1
  },
  "4": {
    "img_file": "4.jpg",
    "car_pos": [
      0.33030334755213775,
      0.0
    ],
    "car_vel": [
      0.3922352252181637,
      0.0
    ],
    "ball_in_frame": 1
  },
  "5": {
    "img_file": "5.jpg",
    "car_pos": [
      0.41287918444017224,
      0.0
    ],
    "car_vel": [
      0.3922352252181637,
      0.0
    ],
    "ball_in_frame": 1
  },
  "6": {
    "img_file": "6.jpg",
    "car_pos": [
      0.4954550213282067,
      0.0
    ],
    "car_vel": [
      0.3922352252181637,
      0.0
    ],
    "ball_in_frame": 1
  },
  "7": {
    "img_file": "7.jpg",
    "car_pos": [
      0.5780308582162412,
      0.0
    ],
    "car_vel": [
      0.3922352252181637,
      0.0
    ],
    "ball_in_frame": 1
  },
  "8": {
    "img_file": "8.jpg",
    "car_pos": [
      0.6606066951042756,
      0.0
    ],
    "car_vel": [
      0.3922352252181637,
      0.0
    ],
    "ball_in_frame": 1
  },
  "9": {
    "img_file": "9.jpg",
    "car_pos": [
      0.7431825319923102,
      0.0
    ],
    "car_vel": [
      0.3922352252181637,
      0.0
    ],
    "ball_in_frame": 1
  },
  "ball_trj": {
    "pos": [
      [
        2.828458823148626,
        2.8991181724110104,
        2.967734580978468,
        3.0343080488510004,
        3.0988385760286064,
        3.161326162511287,
        3.2217708082990404,
        3.2801725133918684,
        3.33653127778977,
        3.390847101492746
      ],
      [
        -0.5266268727110753,
        -0.5886037521200952,
        -0.6487887230214517,
        -0.7071817854151451,
        -0.7637829393011755,
        -0.8185921846795425,
        -0.8716095215502462,
        -0.9228349499132867,
        -0.9722684697686641,
        -1.0199100811163784
      ]
    ],
    "vel": [
      [
        0.3404838931467749,
        0.33077992484587604,
        0.3210759565449771,
        0.31137198824407825,
        0.3016680199431794,
        0.29196405164228045,
        0.28226008334138153,
        0.27255611504048266,
        0.2628521467395838,
        0.25314817843868487
      ],
      [
        -0.29864595989854464,
        -0.29013439448714434,
        -0.2816228290757441,
        -0.2731112636643438,
        -0.2645996982529435,
        -0.2560881328415432,
        -0.2475765674301429,
        -0.2390650020187426,
        -0.23055343660734232,
        -0.222041871195942
      ]
    ]
  }
}