{
  "0": {
    "img_file": "0.jpg",
    "car_pos": [
      0.0,
      0.0
    ],
    "car_vel": [
      0.295437253899942,
      0.0
    ],
    "ball_in_frame": 1
  },
  "1": {
    "img_file": "1.jpg",
    "car_pos": [
      0.06219731661051411,
      0.0
    ],
    "car_vel": [
      0.295437253899942,
      0.0
    ],
    "ball_in_frame": 1
  },
  "2": {
    "img_file": "2.jpg",
    "car_pos": [
      0.12439463322102831,
      0.0
    ],
    "car_vel": [
      0.295437253899942,
      0.0
    ],
    "ball_in_frame": 1
  },
  "3": {
    "img_file": "3.jpg",
    "car_pos": [
      0.1865919498315423,
      0.0
    ],
    "car_vel": [
      0.295437253899942,
      0.0
    ],
    "ball_in_frame": 1
  },
  "4": {
    "img_file": "4.jpg",
    "car_pos": [
      0.2487892664420564,
      0.0
    ],
    "car_vel": [
      0.295437253899942,
      0.0
    ],
    "ball_in_frame": 1
  },
  "5": {
    "img_file": "5.jpg",
    "car_pos": [
      0.3109865830525705,
      0.0
    ],
    "car_vel": [
      0.295437253899942,
      0.0
    ],
    "ball_in_frame": 1
  },
  "6": {
    "img_file": "6.jpg",
    "car_pos": [
      0.37318389966308463,
      0.0
    ],
    "car_vel": [
      0.295437253899942,
      0.0
    ],
    "ball_in_frame": 1
  },
  "7": {
    "img_file": "7.jpg",
    "car_pos": [
      0.4353812162735987,
      0.0
    ],
    "car_vel": [
      0.295437253899942,
      0.0
    ],
    "ball_in_frame": 1
  },
  "8": {
    "img_file": "8.jpg",
    "car_pos": [
      0.4975785328841129,
      0.0
    ],
    "car_vel": [
      0.295437253899942,
      0.0
    ],
    "ball_in_frame": 1
  },
  "9": {
    "img_file": "9.jpg",
    "car_pos": [
      0.559775849494627,
      0.0
    ],
    "car_vel": [
      0.295437253899942,
      0.0
    ],
    "ball_in_frame": 1
  },
  "ball_trj": {
    "pos": [
      [
        4.5344871315022965,
        4.655682004548316,
        4.774730651511751,
        4.8916330723926,
        5.0063892671908645,
        5.118999235906543,
        5.229462978539637,
        5.337780495090145,
        5.443951785558069,
        5.547976849943407
      ],
      [
        1.5367061687582855,
        1.6308289908588787,
        1.723285002716747,
        1.8140742043318907,
        1.9031965957043098,
        1.9906521768340044,
        2.0764409477209744,
        2.160562908365219,
        2.24301805876674,
        2.3238063989255364
      ]
    ],
    "vel": [
      [
        0.5807729339147335,
        0.5705783600224538,
        0.560383786130174,
        0.5501892122378942,
        0.5399946383456145,
        0.5298000644533347,
        0.519605490561055,
        0.5094109166687752,
        0.4992163427764954,
        0.48902176888421567
      ],
      [
        0.4510420793042875,
        0.4431247306513454,
        0.43520738199840325,
        0.4272900333454612,
        0.4193726846925191,
        0.41145533603957696,
        0.4035379873866348,
        0.3956206387336927,
        0.3877032900807506,
        0.3797859414278085
      ]
    ]
  }
}