{
  "0": {
    "img_file": "0.jpg",
    "car_pos": [
      0.0,
      0.0
    ],
    "car_vel": [
      0.0,
      0.0
    ],
    "ball_in_frame": 1
  },
  "1": {
    "img_file": "1.jpg",
    "car_pos": [
      0.0,
      0.0
    ],
    "car_vel": [
      0.0,
      0.0
    ],
    "ball_in_frame": 1
  },
  "2": {
    "img_file": "2.jpg",
    "car_pos": [
      0.0,
      0.0
    ],
    "car_vel": [
      0.0,
      0.0
    ],
    "ball_in_frame": 1
  },
  "3": {
    "img_file": "3.jpg",
    "car_pos": [
      0.0,
      0.0
    ],
    "car_vel": [
      0.0,
      0.0
    ],
    "ball_in_frame": 1
  },
  "4": {
    "img_file": "4.jpg",
    "car_pos": [
      0.0,
      0.0
    ],
    "car_vel": [
      0.0,
      0.0
    ],
    "ball_in_frame": 1
  },
  "5": {
    "img_file": "5.jpg",
    "car_pos": [
      0.0,
      0.0
    ],
    "car_vel": [
      0.0,
      0.0
    ],
    "ball_in_frame": 1
  },
  "6": {
    "img_file": "6.jpg",
    "car_pos": [
      0.0,
      0.0
    ],
    "car_vel": [
      0.0,
      0.0
    ],
    "ball_in_frame": 1
  },
  "7": {
    "img_file": "7.jpg",
    "car_pos": [
      0.0,
      0.0
    ],
    "car_vel": [
      0.0,
      0.0
    ],
    "ball_in_frame": 1
  },
  "8": {
    "img_file": "8.jpg",
    "car_pos": [
      0.0,
      0.0
    ],
    "car_vel": [
      0.0,
      0.0
    ],
    "ball_in_frame": 1
  },
  "9": {
    "img_file": "9.jpg",
    "car_pos": [
      0.0,
      0.0
    ],
    "car_vel": [
      0.0,
      0.0
    ],
    "ball_in_frame": 1
  },
  "ball_trj": {
    "pos": [
      [
        5.172279947057209,
        5.343545565826373,
        5.512241080213292,
        5.678366490217967,
        5.8419217958403955,
        6.002906997080581,
        6.16132209393852,
        6.317167086414214,
        6.470441974507664,
        6.621146758218869
      ],
      [
        -0.052020088775823814,
        0.006798929173727597,
        0.06473527716956651,
        0.1217889552116933,
        0.17795996330010777,
        0.23324830143481035,
        0.28765396961580014,
        0.3411769678430777,
        0.3938172961166434,
        0.4455749544364964
      ]
    ],
    "vel": [
      [
        0.8196156870613596,
        0.8074076912456962,
        0.795199695430033,
        0.7829916996143697,
        0.7707837037987064,
        0.7585757079830431,
        0.7463677121673798,
        0.7341597163517166,
        0.7219517205360533,
        0.70974372472039
      ],
      [
        0.2814866764004355,
        0.27729399412030215,
        0.2731013118401688,
        0.2689086295600355,
        0.2647159472799021,
        0.26052326499976874,
        0.2563305827196354,
        0.25213790043950207,
        0.2479452181593687,
        0.24375253587923534
      ]
    ]
  }
}