{
  "0": {
    "img_file": "0.jpg",
    "car_pos": [
      0.0,
      0.0
    ],
    "car_vel": [
      0.8451903081999625,
      0.0
    ],
    "ball_in_frame": 1
  },
  "1": {
    "img_file": "1.jpg",
    "car_pos": [
      0.177934801726308,
      0.0
    ],
    "car_vel": [
      0.8451903081999625,
      0.0
    ],
    "ball_in_frame": 1
  },
  "2": {
    "img_file": "2.jpg",
    "car_pos": [
      0.3558696034526158,
      0.0
    ],
    "car_vel": [
      0.8451903081999625,
      0.0
    ],
    "ball_in_frame": 1
  },
  "3": {
    "img_file": "3.jpg",
    "car_pos": [
      0.5338044051789237,
      0.0
    ],
    "car_vel": [
      0.8451903081999625,
      0.0
    ],
    "ball_in_frame": 1
  },
  "4": {
    "img_file": "4.jpg",
    "car_pos": [
      0.7117392069052316,
      0.0
    ],
    "car_vel": [
      0.8451903081999625,
      0.0
    ],
    "ball_in_frame": 1
  },
  "5": {
    "img_file": "5.jpg",
    "car_pos": [
      0.8896740086315393,
      0.0
    ],
    "car_vel": [
      0.8451903081999625,
      0.0
    ],
    "ball_in_frame": 1
  },
  "6": {
    "img_file": "6.jpg",
    "car_pos": [
      1.0676088103578476,
      0.0
    ],
    "car_vel": [
      0.8451903081999625,
      0.0
    ],
    "ball_in_frame": 1
  },
  "7": {
    "img_file": "7.jpg",
    "car_pos": [
      1.2455436120841554,
      0.0
    ],
    "car_vel": [
      0.8451903081999625,
      0.0
    ],
    "ball_in_frame": 1
  },
  "8": {
    "img_file": "8.jpg",
    "car_pos": [
      1.4234784138104637,
      0.0
    ],
    "car_vel": [
      0.8451903081999625,
      0.0
    ],
    "ball_in_frame": 1
  },
  "9": {
    "img_file": "9.jpg",
    "car_pos": [
      1.6014132155367715,
      0.0
    ],
    "car_vel": [
      0.8451903081999625,
      0.0
    ],
    "ball_in_frame": 1
  },
  "ball_trj": {
    "pos": [
      [
        4.553978841330431,
        4.630187675495837,
        4.704971653708553,
        4.778330775968579,
        4.850265042275914,
        4.920774452630558,
        4.9898590070325115,
        5.057518705481775,
        5.123753547978348,
        5.188563534522229
      ],
      [
        -1.0708635455877884,
        -1.1946254133256,
        -1.3160733389083643,
        -1.4352073223360815,
        -1.552027363608752,
        -1.6665334627263764,
        -1.778725619688953,
        -1.8886038344964822,
        -1.996168107148965,
        -2.101418437646399
      ]
    ],
    "vel": [
      [
        0.36537599517332003,
        0.35860792939804015,
        0.3518398636227602,
        0.3450717978474803,
        0.3383037320722003,
        0.33153566629692044,
        0.3247676005216405,
        0.3179995347463606,
        0.31123146897108067,
        0.3044634031958009
      ],
      [
        -0.5933644843728395,
        -0.5823732591363665,
        -0.5713820338998936,
        -0.5603908086634205,
        -0.5493995834269475,
        -0.5384083581904745,
        -0.5274171329540015,
        -0.5164259077175285,
        -0.5054346824810554,
        -0.4944434572445826
      ]
    ]
  }
}