{
  "0": {
    "img_file": "0.jpg",
    "car_pos": [
      0.0,
      0.0
    ],
    "car_vel": [
      0.0,
      0.0
    ],
    "ball_in_frame": 1
  },
  "1": {
    "img_file": "1.jpg",
    "car_pos": [
      0.0,
      0.0
    ],
    "car_vel": [
      0.0,
      0.0
    ],
    "ball_in_frame": 1
  },
  "2": {
    "img_file": "2.jpg",
    "car_pos": [
      0.0,
      0.0
    ],
    "car_vel": [
      0.0,
      0.0
    ],
    "ball_in_frame": 1
  },
  "3": {
    "img_file": "3.jpg",
    "car_pos": [
      0.0,
      0.0
    ],
    "car_vel": [
      0.0,
      0.0
    ],
    "ball_in_frame": 1
  },
  "4": {
    "img_file": "4.jpg",
    "car_pos": [
      0.0,
      0.0
    ],
    "car_vel": [
      0.0,
      0.0
    ],
    "ball_in_frame": 1
  },
  "5": {
    "img_file": "5.jpg",
    "car_pos": [
      0.0,
      0.0
    ],
    "car_vel": [
      0.0,
      0.0
    ],
    "ball_in_frame": 1
  },
  "6": {
    "img_file": "6.jpg",
    "car_pos": [
      0.0,
      0.0
    ],
    "car_vel": [
      0.0,
      0.0
    ],
    "ball_in_frame": 1
  },
  "7": {
    "img_file": "7.jpg",
    "car_pos": [
      0.0,
      0.0
    ],
    "car_vel": [
      0.0,
      0.0
    ],
    "ball_in_frame": 1
  },
  "8": {
    "img_file": "8.jpg",
    "car_pos": [
      0.0,
      0.0
    ],
    "car_vel": [
      0.0,
      0.0
    ],
    "ball_in_frame": 1
  },
  "9": {
    "img_file": "9.jpg",
    "car_pos": [
      0.0,
      0.0
    ],
    "car_vel": [
      0.0,
      0.0
    ],
    "ball_in_frame": 0
  },
  "ball_trj": {
    "pos": [
      [
        0.3351427560576743,
        0.16407678371908596,
        -0.004901477327049708,
        -0.17179202708073382,
        -0.33659486554196705,
        -0.49930999271074783,
        -0.6599374085870766,
        -0.8184771131709538,
        -0.9749291064623786,
        -1.1292933884613536
      ],
      [
        -2.28377157769142,
        -2.426308692394124,
        -2.5671062656796177,
        -2.7061642975479003,
        -2.8434827879989735,
        -2.979061737032836,
        -3.1129011446494887,
        -3.24500101084893,
        -3.375361335631162,
        -3.503982118996183
      ]
    ],
    "vel": [
      [
        -0.817521682927866,
        -0.8076050542887199,
        -0.7976884256495739,
        -0.7877717970104279,
        -0.7778551683712819,
        -0.7679385397321358,
        -0.7580219110929898,
        -0.7481052824538438,
        -0.7381886538146978,
        -0.7282720251755517
      ],
      [
        -0.6811827057037178,
        -0.6729198839719687,
        -0.6646570622402196,
        -0.6563942405084705,
        -0.6481314187767214,
        -0.6398685970449722,
        -0.6316057753132233,
        -0.6233429535814741,
        -0.615080131849725,
        -0.6068173101179759
      ]
    ]
  }
}