{
  "0": {
    "img_file": "0.jpg",
    "car_pos": [
      0.0,
      0.0
    ],
    "car_vel": [
      0.0,
      0.0
    ],
    "ball_in_frame": 1
  },
  "1": {
    "img_file": "1.jpg",
    "car_pos": [
      0.0,
      0.0
    ],
    "car_vel": [
      0.0,
      0.0
    ],
    "ball_in_frame": 1
  },
  "2": {
    "img_file": "2.jpg",
    "car_pos": [
      0.0,
      0.0
    ],
    "car_vel": [
      0.0,
      0.0
    ],
    "ball_in_frame": 1
  },
  "3": {
    "img_file": "3.jpg",
    "car_pos": [
      0.0,
      0.0
    ],
    "car_vel": [
      0.0,
      0.0
    ],
    "ball_in_frame": 1
  },
  "4": {
    "img_file": "4.jpg",
    "car_pos": [
      0.0,
      0.0
    ],
    "car_vel": [
      0.0,
      0.0
    ],
    "ball_in_frame": 1
  },
  "5": {
    "img_file": "5.jpg",
    "car_pos": [
      0.0,
      0.0
    ],
    "car_vel": [
      0.0,
      0.0
    ],
    "ball_in_frame": 1
  },
  "6": {
    "img_file": "6.jpg",
    "car_pos": [
      0.0,
      0.0
    ],
    "car_vel": [
      0.0,
      0.0
    ],
    "ball_in_frame": 1
  },
  "7": {
    "img_file": "7.jpg",
    "car_pos": [
      0.0,
      0.0
    ],
    "car_vel": [
      0.0,
      0.0
    ],
    "ball_in_frame": 1
  },
  "8": {
    "img_file": "8.jpg",
    "car_pos": [
      0.0,
      0.0
    ],
    "car_vel": [
      0.0,
      0.0
    ],
    "ball_in_frame": 1
  },
  "9": {
    "img_file": "9.jpg",
    "car_pos": [
      0.0,
      0.0
    ],
    "car_vel": [
      0.0,
      0.0
    ],
    "ball_in_frame": 1
  },
  "ball_trj": {
    "pos": [
      [
        3.297895100695107,
        3.3509507525234468,
        3.402828055278723,
        3.453527008960936,
        3.503047613570085,
        3.551389869106171,
        3.5985537755691928,
        3.644539332959152,
        3.6893465412760467,
        3.7329754005198783
      ],
      [
        -1.9131005456387205,
        -2.023353393117435,
        -2.131157560085173,
        -2.236513046541936,
        -2.339419852487724,
        -2.439877977922536,
        -2.5378874228463726,
        -2.6334481872592335,
        -2.7265602711611194,
        -2.8172236745520296
      ]
    ],
    "vel": [
      [
        0.2548129252331397,
        0.24921576713608798,
        0.24361860903903623,
        0.23802145094198449,
        0.23242429284493274,
        0.22682713474788097,
        0.22122997665082922,
        0.21563281855377747,
        0.21003566045672573,
        0.20443850235967398
      ],
      [
        -0.5295166417374586,
        -0.5178854093103249,
        -0.5062541768831914,
        -0.4946229444560578,
        -0.4829917120289241,
        -0.4713604796017905,
        -0.4597292471746569,
        -0.4480980147475233,
        -0.4364667823203897,
        -0.42483554989325606
      ]
    ]
  }
}