{
  "0": {
    "img_file": "0.jpg",
    "car_pos": [
      0.0,
      0.0
    ],
    "car_vel": [
      0.991915231625901,
      0.0
    ],
    "ball_in_frame": 1
  },
  "1": {
    "img_file": "1.jpg",
    "car_pos": [
      0.20882425928966344,
      0.0
    ],
    "car_vel": [
      0.991915231625901,
      0.0
    ],
    "ball_in_frame": 1
  },
  "2": {
    "img_file": "2.jpg",
    "car_pos": [
      0.4176485185793267,
      0.0
    ],
    "car_vel": [
      0.991915231625901,
      0.0
    ],
    "ball_in_frame": 1
  },
  "3": {
    "img_file": "3.jpg",
    "car_pos": [
      0.62647277786899,
      0.0
    ],
    "car_vel": [
      0.991915231625901,
      0.0
    ],
    "ball_in_frame": 1
  },
  "4": {
    "img_file": "4.jpg",
    "car_pos": [
      0.8352970371586534,
      0.0
    ],
    "car_vel": [
      0.991915231625901,
      0.0
    ],
    "ball_in_frame": 1
  },
  "5": {
    "img_file": "5.jpg",
    "car_pos": [
      1.0441212964483169,
      0.0
    ],
    "car_vel": [
      0.991915231625901,
      0.0
    ],
    "ball_in_frame": 1
  },
  "6": {
    "img_file": "6.jpg",
    "car_pos": [
      1.25294555573798,
      0.0
    ],
    "car_vel": [
      0.991915231625901,
      0.0
    ],
    "ball_in_frame": 1
  },
  "7": {
    "img_file": "7.jpg",
    "car_pos": [
      1.4617698150276437,
      0.0
    ],
    "car_vel": [
      0.991915231625901,
      0.0
    ],
    "ball_in_frame": 1
  },
  "8": {
    "img_file": "8.jpg",
    "car_pos": [
      1.6705940743173073,
      0.0
    ],
    "car_vel": [
      0.991915231625901,
      0.0
    ],
    "ball_in_frame": 1
  },
  "9": {
    "img_file": "9.jpg",
    "car_pos": [
      1.8794183336069707,
      0.0
    ],
    "car_vel": [
      0.991915231625901,
      0.0
    ],
    "ball_in_frame": 1
  },
  "ball_trj": {
    "pos": [
      [
        2.566627440302028,
        2.5707510002782326,
        2.5747227353864255,
        2.578542645626607,
        2.582210730998777,
        2.585726991502935,
        2.5890914271390817,
        2.5923040379072173,
        2.595364823807341,
        2.5982737848394533
      ],
      [
        1.4519545775230607,
        1.5256452170220698,
        1.5966226495639386,
        1.6648868751486665,
        1.730437893776255,
        1.7932757054467032,
        1.8534003101600112,
        1.9108117079161784,
        1.9655098987152062,
        2.0174948825570933
      ]
    ],
    "vel": [
      [
        0.019947493948498783,
        0.019226325825443966,
        0.018505157702389148,
        0.01778398957933433,
        0.017062821456279513,
        0.016341653333224692,
        0.015620485210169873,
        0.014899317087115053,
        0.014178148964060232,
        0.013456980841005411
      ],
      [
        0.3564744041435004,
        0.3435866710970843,
        0.33069893805066825,
        0.3178112050042521,
        0.304923471957836,
        0.2920357389114199,
        0.27914800586500377,
        0.26626027281858766,
        0.25337253977217156,
        0.2404848067257554
      ]
    ]
  }
}