{
  "0": {
    "img_file": "0.jpg",
    "car_pos": [
      0.0,
      0.0
    ],
    "car_vel": [
      0.0,
      0.0
    ],
    "ball_in_frame": 1
  },
  "1": {
    "img_file": "1.jpg",
    "car_pos": [
      0.0,
      0.0
    ],
    "car_vel": [
      0.0,
      0.0
    ],
    "ball_in_frame": 1
  },
  "2": {
    "img_file": "2.jpg",
    "car_pos": [
      0.0,
      0.0
    ],
    "car_vel": [
      0.0,
      0.0
    ],
    "ball_in_frame": 1
  },
  "3": {
    "img_file": "3.jpg",
    "car_pos": [
      0.0,
      0.0
    ],
    "car_vel": [
      0.0,
      0.0
    ],
    "ball_in_frame": 1
  },
  "4": {
    "img_file": "4.jpg",
    "car_pos": [
      0.0,
      0.0
    ],
    "car_vel": [
      0.0,
      0.0
    ],
    "ball_in_frame": 1
  },
  "5": {
    "img_file": "5.jpg",
    "car_pos": [
      0.0,
      0.0
    ],
    "car_vel": [
      0.0,
      0.0
    ],
    "ball_in_frame": 1
  },
  "6": {
    "img_file": "6.jpg",
    "car_pos": [
      0.0,
      0.0
    ],
    "car_vel": [
      0.0,
      0.0
    ],
    "ball_in_frame": 1
  },
  "7": {
    "img_file": "7.jpg",
    "car_pos": [
      0.0,
      0.0
    ],
    "car_vel": [
      0.0,
      0.0
    ],
    "ball_in_frame": 1
  },
  "8": {
    "img_file": "8.jpg",
    "car_pos": [
      0.0,
      0.0
    ],
    "car_vel": [
      0.0,
      0.0
    ],
    "ball_in_frame": 1
  },
  "9": {
    "img_file": "9.jpg",
    "car_pos": [
      0.0,
      0.0
    ],
    "car_vel": [
      0.0,
      0.0
    ],
    "ball_in_frame": 1
  },
  "ball_trj": {
    "pos": [
      [
        3.230406164668145,
        3.2493830496017617,
        3.2671450753016438,
        3.28369224176779,
        3.2990245490002006,
        3.3131419969988762,
        3.326044585763816,
        3.3377323152950202,
        3.348205185592489,
        3.3574631966562225
      ],
      [
        0.7684888116992474,
        0.8064590619089272,
        0.8419985386151667,
        0.8751072418179654,
        0.9057851715173239,
        0.9340323277132416,
        0.9598487104057188,
        0.9832343195947556,
        1.004189155280352,
        1.0227132174625075
      ]
    ],
    "vel": [
      [
        0.0930254941148036,
        0.08725491275456002,
        0.08148433139431645,
        0.07571375003407288,
        0.06994316867382931,
        0.06417258731358573,
        0.058402005953342134,
        0.05263142459309858,
        0.04686084323285497,
        0.041090261872611375
      ],
      [
        0.1861317755666501,
        0.1745856014253076,
        0.16303942728396514,
        0.15149325314262269,
        0.1399470790012802,
        0.1284009048599377,
        0.11685473071859523,
        0.10530855657725277,
        0.09376238243591026,
        0.0822162082945678
      ]
    ]
  }
}