{
  "0": {
    "img_file": "0.jpg",
    "car_pos": [
      0.0,
      0.0
    ],
    "car_vel": [
      0.0,
      0.0
    ],
    "ball_in_frame": 1
  },
  "1": {
    "img_file": "1.jpg",
    "car_pos": [
      0.0,
      0.0
    ],
    "car_vel": [
      0.0,
      0.0
    ],
    "ball_in_frame": 1
  },
  "2": {
    "img_file": "2.jpg",
    "car_pos": [
      0.0,
      0.0
    ],
    "car_vel": [
      0.0,
      0.0
    ],
    "ball_in_frame": 1
  },
  "3": {
    "img_file": "3.jpg",
    "car_pos": [
      0.0,
      0.0
    ],
    "car_vel": [
      0.0,
      0.0
    ],
    "ball_in_frame": 1
  },
  "4": {
    "img_file": "4.jpg",
    "car_pos": [
      0.0,
      0.0
    ],
    "car_vel": [
      0.0,
      0.0
    ],
    "ball_in_frame": 1
  },
  "5": {
    "img_file": "5.jpg",
    "car_pos": [
      0.0,
      0.0
    ],
    "car_vel": [
      0.0,
      0.0
    ],
    "ball_in_frame": 1
  },
  "6": {
    "img_file": "6.jpg",
    "car_pos": [
      0.0,
      0.0
    ],
    "car_vel": [
      0.0,
      0.0
    ],
    "ball_in_frame": 1
  },
  "7": {
    "img_file": "7.jpg",
    "car_pos": [
      0.0,
      0.0
    ],
    "car_vel": [
      0.0,
      0.0
    ],
    "ball_in_frame": 1
  },
  "8": {
    "img_file": "8.jpg",
    "car_pos": [
      0.0,
      0.0
    ],
    "car_vel": [
      0.0,
      0.0
    ],
    "ball_in_frame": 1
  },
  "9": {
    "img_file": "9.jpg",
    "car_pos": [
      0.0,
      0.0
    ],
    "car_vel": [
      0.0,
      0.0
    ],
    "ball_in_frame": 1
  },
  "ball_trj": {
    "pos": [
      [
        4.960468435102899,
        5.125723808259052,
        5.288485941042001,
        5.448754833451746,
        5.606530485488289,
        5.761812897151628,
        5.914602068441762,
        6.064897999358693,
        6.21270068990242,
        6.358010140072944
      ],
      [
        0.6046235413010409,
        0.6762655475110463,
        0.7468266766585471,
        0.8163069287435435,
        0.8847063037660358,
        0.9520248017260233,
        1.0182624226235064,
        1.0834191664584856,
        1.14749503323096,
        1.21049002294093
      ]
    ],
    "vel": [
      [
        0.7908844683780849,
        0.7790415766053674,
        0.7671986848326501,
        0.7553557930599328,
        0.7435129012872153,
        0.7316700095144979,
        0.7198271177417805,
        0.7079842259690632,
        0.6961413341963458,
        0.6842984424236285
      ],
      [
        0.34286661252097334,
        0.33773244647407735,
        0.3325982804271814,
        0.3274641143802855,
        0.3223299483333895,
        0.3171957822864936,
        0.31206161623959766,
        0.3069274501927017,
        0.30179328414580575,
        0.29665911809890977
      ]
    ]
  }
}