{
  "0": {
    "img_file": "0.jpg",
    "car_pos": [
      0.0,
      0.0
    ],
    "car_vel": [
      0.5168884372006026,
      0.0
    ],
    "ball_in_frame": 1
  },
  "1": {
    "img_file": "1.jpg",
    "car_pos": [
      0.1088186183580216,
      0.0
    ],
    "car_vel": [
      0.5168884372006026,
      0.0
    ],
    "ball_in_frame": 1
  },
  "2": {
    "img_file": "2.jpg",
    "car_pos": [
      0.21763723671604318,
      0.0
    ],
    "car_vel": [
      0.5168884372006026,
      0.0
    ],
    "ball_in_frame": 1
  },
  "3": {
    "img_file": "3.jpg",
    "car_pos": [
      0.32645585507406477,
      0.0
    ],
    "car_vel": [
      0.5168884372006026,
      0.0
    ],
    "ball_in_frame": 1
  },
  "4": {
    "img_file": "4.jpg",
    "car_pos": [
      0.43527447343208636,
      0.0
    ],
    "car_vel": [
      0.5168884372006026,
      0.0
    ],
    "ball_in_frame": 1
  },
  "5": {
    "img_file": "5.jpg",
    "car_pos": [
      0.544093091790108,
      0.0
    ],
    "car_vel": [
      0.5168884372006026,
      0.0
    ],
    "ball_in_frame": 1
  },
  "6": {
    "img_file": "6.jpg",
    "car_pos": [
      0.6529117101481297,
      0.0
    ],
    "car_vel": [
      0.5168884372006026,
      0.0
    ],
    "ball_in_frame": 1
  },
  "7": {
    "img_file": "7.jpg",
    "car_pos": [
      0.7617303285061513,
      0.0
    ],
    "car_vel": [
      0.5168884372006026,
      0.0
    ],
    "ball_in_frame": 1
  },
  "8": {
    "img_file": "8.jpg",
    "car_pos": [
      0.870548946864173,
      0.0
    ],
    "car_vel": [
      0.5168884372006026,
      0.0
    ],
    "ball_in_frame": 1
  },
  "9": {
    "img_file": "9.jpg",
    "car_pos": [
      0.9793675652221946,
      0.0
    ],
    "car_vel": [
      0.5168884372006026,
      0.0
    ],
    "ball_in_frame": 1
  },
  "ball_trj": {
    "pos": [
      [
        3.5360839581826435,
        3.6214698249249144,
        3.7053134442933726,
        3.7876148162880177,
        3.868373940908849,
        3.9475908181558674,
        4.025265448029073,
        4.101397830528464,
        4.175987965654042,
        4.2490358534058075
      ],
      [
        1.408214069222272,
        1.5320874700105827,
        1.6537234580473457,
        1.7731220333325615,
        1.89028319586623,
        2.005206945648351,
        2.1178932826789243,
        2.2283422069579504,
        2.3365537184854275,
        2.4425278172613587
      ]
    ],
    "vel": [
      [
        0.409245704538595,
        0.40192002951298206,
        0.3945943544873691,
        0.38726867946175625,
        0.3799430044361433,
        0.3726173294105304,
        0.3652916543849175,
        0.3579659793593046,
        0.3506403043336917,
        0.3433146293080788
      ],
      [
        0.5937125090293998,
        0.5830847984595494,
        0.5724570878896991,
        0.5618293773198488,
        0.5512016667499986,
        0.5405739561801483,
        0.529946245610298,
        0.5193185350404477,
        0.5086908244705974,
        0.49806311390074715
      ]
    ]
  }
}