{
  "0": {
    "img_file": "0.jpg",
    "car_pos": [
      0.0,
      0.0
    ],
    "car_vel": [
      0.0,
      0.0
    ],
    "ball_in_frame": 1
  },
  "1": {
    "img_file": "1.jpg",
    "car_pos": [
      0.0,
      0.0
    ],
    "car_vel": [
      0.0,
      0.0
    ],
    "ball_in_frame": 1
  },
  "2": {
    "img_file": "2.jpg",
    "car_pos": [
      0.0,
      0.0
    ],
    "car_vel": [
      0.0,
      0.0
    ],
    "ball_in_frame": 1
  },
  "3": {
    "img_file": "3.jpg",
    "car_pos": [
      0.0,
      0.0
    ],
    "car_vel": [
      0.0,
      0.0
    ],
    "ball_in_frame": 1
  },
  "4": {
    "img_file": "4.jpg",
    "car_pos": [
      0.0,
      0.0
    ],
    "car_vel": [
      0.0,
      0.0
    ],
    "ball_in_frame": 1
  },
  "5": {
    "img_file": "5.jpg",
    "car_pos": [
      0.0,
      0.0
    ],
    "car_vel": [
      0.0,
      0.0
    ],
    "ball_in_frame": 1
  },
  "6": {
    "img_file": "6.jpg",
    "car_pos": [
      0.0,
      0.0
    ],
    "car_vel": [
      0.0,
      0.0
    ],
    "ball_in_frame": 1
  },
  "7": {
    "img_file": "7.jpg",
    "car_pos": [
      0.0,
      0.0
    ],
    "car_vel": [
      0.0,
      0.0
    ],
    "ball_in_frame": 1
  },
  "8": {
    "img_file": "8.jpg",
    "car_pos": [
      0.0,
      0.0
    ],
    "car_vel": [
      0.0,
      0.0
    ],
    "ball_in_frame": 1
  },
  "9": {
    "img_file": "9.jpg",
    "car_pos": [
      0.0,
      0.0
    ],
    "car_vel": [
      0.0,
      0.0
    ],
    "ball_in_frame": 1
  },
  "ball_trj": {
    "pos": [
      [
        2.0131761041457397,
        1.8995674513960157,
        1.7881066165604593,
        1.6787935996390704,
        1.571628400631848,
        1.466611019538792,
        1.3637414563599035,
        1.2630197110951826,
        1.1644457837446287,
        1.0680196743082409
      ],
      [
        -0.7844202909491855,
        -0.8724775575486412,
        -0.9588700656099289,
        -1.043597815133048,
        -1.1266608061179995,
        -1.2080590385647827,
        -1.2877925124733969,
        -1.3658612278438431,
        -1.4422651846761216,
        -1.5170043829702315
      ]
    ],
    "vel": [
      [
        -0.5447421681073329,
        -0.5345400330150394,
        -0.5243378979227461,
        -0.5141357628304527,
        -0.5039336277381593,
        -0.49373149264586585,
        -0.48352935755357246,
        -0.473327222461279,
        -0.4631250873689856,
        -0.4529229522766922
      ],
      [
        -0.4222258178755647,
        -0.41431821481926556,
        -0.4064106117629664,
        -0.3985030087066672,
        -0.39059540565036804,
        -0.38268780259406887,
        -0.3747801995377697,
        -0.3668725964814705,
        -0.35896499342517135,
        -0.3510573903688722
      ]
    ]
  }
}