{
  "0": {
    "img_file": "0.jpg",
    "car_pos": [
      0.0,
      0.0
    ],
    "car_vel": [
      0.0,
      0.0
    ],
    "ball_in_frame": 1
  },
  "1": {
    "img_file": "1.jpg",
    "car_pos": [
      0.0,
      0.0
    ],
    "car_vel": [
      0.0,
      0.0
    ],
    "ball_in_frame": 1
  },
  "2": {
    "img_file": "2.jpg",
    "car_pos": [
      0.0,
      0.0
    ],
    "car_vel": [
      0.0,
      0.0
    ],
    "ball_in_frame": 1
  },
  "3": {
    "img_file": "3.jpg",
    "car_pos": [
      0.0,
      0.0
    ],
    "car_vel": [
      0.0,
      0.0
    ],
    "ball_in_frame": 1
  },
  "4": {
    "img_file": "4.jpg",
    "car_pos": [
      0.0,
      0.0
    ],
    "car_vel": [
      0.0,
      0.0
    ],
    "ball_in_frame": 1
  },
  "5": {
    "img_file": "5.jpg",
    "car_pos": [
      0.0,
      0.0
    ],
    "car_vel": [
      0.0,
      0.0
    ],
    "ball_in_frame": 1
  },
  "6": {
    "img_file": "6.jpg",
    "car_pos": [
      0.0,
      0.0
    ],
    "car_vel": [
      0.0,
      0.0
    ],
    "ball_in_frame": 1
  },
  "7": {
    "img_file": "7.jpg",
    "car_pos": [
      0.0,
      0.0
    ],
    "car_vel": [
      0.0,
      0.0
    ],
    "ball_in_frame": 1
  },
  "8": {
    "img_file": "8.jpg",
    "car_pos": [
      0.0,
      0.0
    ],
    "car_vel": [
      0.0,
      0.0
    ],
    "ball_in_frame": 1
  },
  "9": {
    "img_file": "9.jpg",
    "car_pos": [
      0.0,
      0.0
    ],
    "car_vel": [
      0.0,
      0.0
    ],
    "ball_in_frame": 1
  },
  "ball_trj": {
    "pos": [
      [
        3.4392634452989075,
        3.5464627208700232,
        3.651494687591769,
        3.7543593454641457,
        3.8550566944871534,
        3.953586734660791,
        4.049949465985059,
        4.144144888459957,
        4.236173002085486,
        4.326033806861647
      ],
      [
        -0.11210237018520042,
        -0.19318547032870736,
        -0.27262926722562897,
        -0.3504337608759648,
        -0.4265989512797156,
        -0.5011248384368808,
        -0.5740114223474609,
        -0.6452587030114548,
        -0.7148666804288638,
        -0.7828353545996877
      ]
    ],
    "vel": [
      [
        0.5143439174800508,
        0.5040492004455457,
        0.49375448341104056,
        0.4834597663765355,
        0.4731650493420303,
        0.46287033230752517,
        0.4525756152730201,
        0.44228089823851496,
        0.43198618120400983,
        0.4216914641695047
      ],
      [
        -0.3890380708922982,
        -0.38125138047101736,
        -0.3734646900497366,
        -0.36567799962845576,
        -0.35789130920717493,
        -0.35010461878589416,
        -0.3423179283646134,
        -0.33453123794333256,
        -0.3267445475220518,
        -0.31895785710077096
      ]
    ]
  }
}