{
  "0": {
    "img_file": "0.jpg",
    "car_pos": [
      0.0,
      0.0
    ],
    "car_vel": [
      0.4174963696849111,
      0.0
    ],
    "ball_in_frame": 1
  },
  "1": {
    "img_file": "1.jpg",
    "car_pos": [
      0.08789397256524444,
      0.0
    ],
    "car_vel": [
      0.4174963696849111,
      0.0
    ],
    "ball_in_frame": 1
  },
  "2": {
    "img_file": "2.jpg",
    "car_pos": [
      0.17578794513048887,
      0.0
    ],
    "car_vel": [
      0.4174963696849111,
      0.0
    ],
    "ball_in_frame": 1
  },
  "3": {
    "img_file": "3.jpg",
    "car_pos": [
      0.26368191769573335,
      0.0
    ],
    "car_vel": [
      0.4174963696849111,
      0.0
    ],
    "ball_in_frame": 1
  },
  "4": {
    "img_file": "4.jpg",
    "car_pos": [
      0.35157589026097774,
      0.0
    ],
    "car_vel": [
      0.4174963696849111,
      0.0
    ],
    "ball_in_frame": 1
  },
  "5": {
    "img_file": "5.jpg",
    "car_pos": [
      0.4394698628262222,
      0.0
    ],
    "car_vel": [
      0.4174963696849111,
      0.0
    ],
    "ball_in_frame": 1
  },
  "6": {
    "img_file": "6.jpg",
    "car_pos": [
      0.5273638353914667,
      0.0
    ],
    "car_vel": [
      0.4174963696849111,
      0.0
    ],
    "ball_in_frame": 1
  },
  "7": {
    "img_file": "7.jpg",
    "car_pos": [
      0.615257807956711,
      0.0
    ],
    "car_vel": [
      0.4174963696849111,
      0.0
    ],
    "ball_in_frame": 1
  },
  "8": {
    "img_file": "8.jpg",
    "car_pos": [
      0.7031517805219556,
      0.0
    ],
    "car_vel": [
      0.4174963696849111,
      0.0
    ],
    "ball_in_frame": 1
  },
  "9": {
    "img_file": "9.jpg",
    "car_pos": [
      0.7910457530871999,
      0.0
    ],
    "car_vel": [
      0.4174963696849111,
      0.0
    ],
    "ball_in_frame": 1
  },
  "ball_trj": {
    "pos": [
      [
        2.7808956066676846,
        2.763991949249026,
        2.747365870091146,
        2.7310173691940443,
        2.714946446557721,
        2.699153102182176,
        2.6836373360674095,
        2.6683991482134215,
        2.653438538620212,
        2.638755507287781
      ],
      [
        -0.8885925827653156,
        -1.0532113855447192,
        -1.2151269508036728,
        -1.3743392785421777,
        -1.530848368760234,
        -1.6846542214578408,
        -1.8357568366349983,
        -1.9841562142917064,
        -2.1298523544279657,
        -2.2728452570437767
      ]
    ],
    "vel": [
      [
        -0.08095162110797727,
        -0.07963312436927965,
        -0.07831462763058203,
        -0.07699613089188441,
        -0.0756776341531868,
        -0.07435913741448918,
        -0.07304064067579157,
        -0.07172214393709395,
        -0.07040364719839633,
        -0.06908515045969871
      ],
      [
        -0.7883595023132319,
        -0.7755191240910984,
        -0.7626787458689649,
        -0.7498383676468314,
        -0.7369979894246979,
        -0.7241576112025644,
        -0.7113172329804309,
        -0.6984768547582973,
        -0.6856364765361639,
        -0.6727960983140304
      ]
    ]
  }
}