{
  "0": {
    "img_file": "0.jpg",
    "car_pos": [
      0.0,
      0.0
    ],
    "car_vel": [
      0.3246136399308547,
      0.0
    ],
    "ball_in_frame": 1
  },
  "1": {
    "img_file": "1.jpg",
    "car_pos": [
      0.06833971366965362,
      0.0
    ],
    "car_vel": [
      0.3246136399308547,
      0.0
    ],
    "ball_in_frame": 1
  },
  "2": {
    "img_file": "2.jpg",
    "car_pos": [
      0.13667942733930735,
      0.0
    ],
    "car_vel": [
      0.3246136399308547,
      0.0
    ],
    "ball_in_frame": 1
  },
  "3": {
    "img_file": "3.jpg",
    "car_pos": [
      0.20501914100896085,
      0.0
    ],
    "car_vel": [
      0.3246136399308547,
      0.0
    ],
    "ball_in_frame": 1
  },
  "4": {
    "img_file": "4.jpg",
    "car_pos": [
      0.2733588546786144,
      0.0
    ],
    "car_vel": [
      0.3246136399308547,
      0.0
    ],
    "ball_in_frame": 1
  },
  "5": {
    "img_file": "5.jpg",
    "car_pos": [
      0.34169856834826806,
      0.0
    ],
    "car_vel": [
      0.3246136399308547,
      0.0
    ],
    "ball_in_frame": 1
  },
  "6": {
    "img_file": "6.jpg",
    "car_pos": [
      0.4100382820179217,
      0.0
    ],
    "car_vel": [
      0.3246136399308547,
      0.0
    ],
    "ball_in_frame": 1
  },
  "7": {
    "img_file": "7.jpg",
    "car_pos": [
      0.47837799568757533,
      0.0
    ],
    "car_vel": [
      0.3246136399308547,
      0.0
    ],
    "ball_in_frame": 1
  },
  "8": {
    "img_file": "8.jpg",
    "car_pos": [
      0.5467177093572291,
      0.0
    ],
    "car_vel": [
      0.3246136399308547,
      0.0
    ],
    "ball_in_frame": 1
  },
  "9": {
    "img_file": "9.jpg",
    "car_pos": [
      0.6150574230268826,
      0.0
    ],
    "car_vel": [
      0.3246136399308547,
      0.0
    ],
    "ball_in_frame": 1
  },
  "ball_trj": {
    "pos": [
      [
        3.9342488057539295,
        4.0660968352935445,
        4.195796502839819,
        4.323347808392754,
        4.448750751952347,
        4.5720053335186,
        4.693111553091513,
        4.812069410671084,
        4.9288789062573155,
        5.043540039850206
      ],
      [
        0.6766941505266678,
        0.7788196541289504,
        0.8792811013835121,
        0.9780784922903526,
        1.0752118268494724,
        1.1706811050608712,
        1.2644863269245488,
        1.3566274924405046,
        1.44710460160874,
        1.5359176544292548
      ]
    ],
    "vel": [
      [
        0.6313805000473545,
        0.6211757805789868,
        0.6109710611106192,
        0.6007663416422515,
        0.5905616221738839,
        0.5803569027055162,
        0.5701521832371486,
        0.5599474637687809,
        0.5497427443004133,
        0.5395380248320456
      ],
      [
        0.48904827593667977,
        0.4811440082850048,
        0.47323974063332985,
        0.4653354729816549,
        0.45743120532997994,
        0.449526937678305,
        0.44162267002663,
        0.43371840237495507,
        0.4258141347232801,
        0.41790986707160516
      ]
    ]
  }
}