{
  "0": {
    "img_file": "0.jpg",
    "car_pos": [
      0.0,
      0.0
    ],
    "car_vel": [
      0.9959588016485751,
      0.0
    ],
    "ball_in_frame": 1
  },
  "1": {
    "img_file": "1.jpg",
    "car_pos": [
      0.2096755371891737,
      0.0
    ],
    "car_vel": [
      0.9959588016485751,
      0.0
    ],
    "ball_in_frame": 1
  },
  "2": {
    "img_file": "2.jpg",
    "car_pos": [
      0.4193510743783474,
      0.0
    ],
    "car_vel": [
      0.9959588016485751,
      0.0
    ],
    "ball_in_frame": 1
  },
  "3": {
    "img_file": "3.jpg",
    "car_pos": [
      0.629026611567521,
      0.0
    ],
    "car_vel": [
      0.9959588016485751,
      0.0
    ],
    "ball_in_frame": 1
  },
  "4": {
    "img_file": "4.jpg",
    "car_pos": [
      0.8387021487566948,
      0.0
    ],
    "car_vel": [
      0.9959588016485751,
      0.0
    ],
    "ball_in_frame": 1
  },
  "5": {
    "img_file": "5.jpg",
    "car_pos": [
      1.0483776859458684,
      0.0
    ],
    "car_vel": [
      0.9959588016485751,
      0.0
    ],
    "ball_in_frame": 1
  },
  "6": {
    "img_file": "6.jpg",
    "car_pos": [
      1.258053223135042,
      0.0
    ],
    "car_vel": [
      0.9959588016485751,
      0.0
    ],
    "ball_in_frame": 1
  },
  "7": {
    "img_file": "7.jpg",
    "car_pos": [
      1.4677287603242157,
      0.0
    ],
    "car_vel": [
      0.9959588016485751,
      0.0
    ],
    "ball_in_frame": 1
  },
  "8": {
    "img_file": "8.jpg",
    "car_pos": [
      1.67740429751339,
      0.0
    ],
    "car_vel": [
      0.9959588016485751,
      0.0
    ],
    "ball_in_frame": 1
  },
  "9": {
    "img_file": "9.jpg",
    "car_pos": [
      1.8870798347025635,
      0.0
    ],
    "car_vel": [
      0.9959588016485751,
      0.0
    ],
    "ball_in_frame": 1
  },
  "ball_trj": {
    "pos": [
      [
        3.7609257343127886,
        3.756547737473917,
        3.7522658650312533,
        3.7480801169847973,
        3.7439904933345494,
        3.739996994080509,
        3.736099619222677,
        3.7322983687610525,
        3.728593242695636,
        3.7249842410264273
      ],
      [
        -1.60240048111713,
        -1.726089672102372,
        -1.8470631122000556,
        -1.9653208014101804,
        -2.080862739732747,
        -2.193688927167755,
        -2.303799363715205,
        -2.411194049375095,
        -2.5158729841474283,
        -2.6178361680322033
      ]
    ],
    "vel": [
      [
        -0.02102378042563335,
        -0.02056718954364608,
        -0.020110598661658804,
        -0.01965400777967153,
        -0.019197416897684255,
        -0.018740826015696984,
        -0.01828423513370971,
        -0.017827644251722438,
        -0.017371053369735164,
        -0.016914462487747892
      ],
      [
        -0.5939735655378506,
        -0.581073748821948,
        -0.5681739321060453,
        -0.5552741153901426,
        -0.5423742986742398,
        -0.5294744819583371,
        -0.5165746652424346,
        -0.5036748485265319,
        -0.4907750318106291,
        -0.4778752150947264
      ]
    ]
  }
}