{
  "0": {
    "img_file": "0.jpg",
    "car_pos": [
      0.0,
      0.0
    ],
    "car_vel": [
      0.7436719624844923,
      0.0
    ],
    "ball_in_frame": 1
  },
  "1": {
    "img_file": "1.jpg",
    "car_pos": [
      0.15656251841778787,
      0.0
    ],
    "car_vel": [
      0.7436719624844923,
      0.0
    ],
    "ball_in_frame": 1
  },
  "2": {
    "img_file": "2.jpg",
    "car_pos": [
      0.31312503683557563,
      0.0
    ],
    "car_vel": [
      0.7436719624844923,
      0.0
    ],
    "ball_in_frame": 1
  },
  "3": {
    "img_file": "3.jpg",
    "car_pos": [
      0.4696875552533635,
      0.0
    ],
    "car_vel": [
      0.7436719624844923,
      0.0
    ],
    "ball_in_frame": 1
  },
  "4": {
    "img_file": "4.jpg",
    "car_pos": [
      0.6262500736711514,
      0.0
    ],
    "car_vel": [
      0.7436719624844923,
      0.0
    ],
    "ball_in_frame": 1
  },
  "5": {
    "img_file": "5.jpg",
    "car_pos": [
      0.7828125920889393,
      0.0
    ],
    "car_vel": [
      0.7436719624844923,
      0.0
    ],
    "ball_in_frame": 1
  },
  "6": {
    "img_file": "6.jpg",
    "car_pos": [
      0.9393751105067272,
      0.0
    ],
    "car_vel": [
      0.7436719624844923,
      0.0
    ],
    "ball_in_frame": 1
  },
  "7": {
    "img_file": "7.jpg",
    "car_pos": [
      1.095937628924515,
      0.0
    ],
    "car_vel": [
      0.7436719624844923,
      0.0
    ],
    "ball_in_frame": 1
  },
  "8": {
    "img_file": "8.jpg",
    "car_pos": [
      1.252500147342303,
      0.0
    ],
    "car_vel": [
      0.7436719624844923,
      0.0
    ],
    "ball_in_frame": 1
  },
  "9": {
    "img_file": "9.jpg",
    "car_pos": [
      1.409062665760091,
      0.0
    ],
    "car_vel": [
      0.7436719624844923,
      0.0
    ],
    "ball_in_frame": 0
  },
  "ball_trj": {
    "pos": [
      [
        1.9184597932720653,
        1.8769053471450128,
        1.8362623050309368,
        1.7965306669298378,
        1.7577104328417144,
        1.7198016027665683,
        1.6828041767043986,
        1.6467181546552054,
        1.6115435366189885,
        1.5772803225957486
      ],
      [
        2.0858145325420745,
        2.202537410384643,
        2.316700232464547,
        2.4283029987817875,
        2.537345709336363,
        2.6438283641282743,
        2.7477509631575208,
        2.849113506424103,
        2.9479159939280217,
        3.0441584256692753
      ]
    ],
    "vel": [
      [
        -0.19954820363431852,
        -0.19521903457267994,
        -0.19088986551104137,
        -0.18656069644940282,
        -0.18223152738776421,
        -0.1779023583261257,
        -0.1735731892644871,
        -0.16924402020284857,
        -0.16491485114120996,
        -0.1605856820795714
      ],
      [
        0.5605138021885288,
        0.5483535373158729,
        0.536193272443217,
        0.5240330075705613,
        0.5118727426979053,
        0.49971247782524947,
        0.48755221295259366,
        0.4753919480799378,
        0.4632316832072819,
        0.45107141833462605
      ]
    ]
  }
}