{
  "0": {
    "img_file": "0.jpg",
    "car_pos": [
      0.0,
      0.0
    ],
    "car_vel": [
      0.5546047786587015,
      0.0
    ],
    "ball_in_frame": 1
  },
  "1": {
    "img_file": "1.jpg",
    "car_pos": [
      0.11675890077025297,
      0.0
    ],
    "car_vel": [
      0.5546047786587015,
      0.0
    ],
    "ball_in_frame": 1
  },
  "2": {
    "img_file": "2.jpg",
    "car_pos": [
      0.2335178015405059,
      0.0
    ],
    "car_vel": [
      0.5546047786587015,
      0.0
    ],
    "ball_in_frame": 1
  },
  "3": {
    "img_file": "3.jpg",
    "car_pos": [
      0.3502767023107588,
      0.0
    ],
    "car_vel": [
      0.5546047786587015,
      0.0
    ],
    "ball_in_frame": 1
  },
  "4": {
    "img_file": "4.jpg",
    "car_pos": [
      0.4670356030810118,
      0.0
    ],
    "car_vel": [
      0.5546047786587015,
      0.0
    ],
    "ball_in_frame": 1
  },
  "5": {
    "img_file": "5.jpg",
    "car_pos": [
      0.5837945038512646,
      0.0
    ],
    "car_vel": [
      0.5546047786587015,
      0.0
    ],
    "ball_in_frame": 1
  },
  "6": {
    "img_file": "6.jpg",
    "car_pos": [
      0.7005534046215177,
      0.0
    ],
    "car_vel": [
      0.5546047786587015,
      0.0
    ],
    "ball_in_frame": 1
  },
  "7": {
    "img_file": "7.jpg",
    "car_pos": [
      0.8173123053917706,
      0.0
    ],
    "car_vel": [
      0.5546047786587015,
      0.0
    ],
    "ball_in_frame": 1
  },
  "8": {
    "img_file": "8.jpg",
    "car_pos": [
      0.9340712061620237,
      0.0
    ],
    "car_vel": [
      0.5546047786587015,
      0.0
    ],
    "ball_in_frame": 1
  },
  "9": {
    "img_file": "9.jpg",
    "car_pos": [
      1.0508301069322767,
      0.0
    ],
    "car_vel": [
      0.5546047786587015,
      0.0
    ],
    "ball_in_frame": 1
  },
  "ball_trj": {
    "pos": [
      [
        2.704816819526034,
        2.6816225032979317,
        2.6588277007637795,
        2.6364324119235785,
        2.6144366367773277,
        2.5928403753250273,
        2.571643627566678,
        2.550846393502279,
        2.5304486731318305,
        2.5104504664553327
      ],
      [
        -2.677685280120052,
        -2.833736358306572,
        -2.9870995132071396,
        -3.137774744821755,
        -3.2857620531504166,
        -3.431061438193126,
        -3.5736728999498824,
        -3.7135964384206863,
        -3.8508320536055374,
        -3.9853797455044373
      ]
    ],
    "vel": [
      [
        -0.11112184710661926,
        -0.10922415706035399,
        -0.10732646701408874,
        -0.10542877696782348,
        -0.10353108692155821,
        -0.10163339687529295,
        -0.09973570682902769,
        -0.09783801678276242,
        -0.09594032673649716,
        -0.0940426366902319
      ],
      [
        -0.7476264391901081,
        -0.7348588035818326,
        -0.7220911679735572,
        -0.7093235323652819,
        -0.6965558967570065,
        -0.683788261148731,
        -0.6710206255404557,
        -0.6582529899321803,
        -0.645485354323905,
        -0.6327177187156295
      ]
    ]
  }
}