{
  "0": {
    "img_file": "0.jpg",
    "car_pos": [
      0.0,
      0.0
    ],
    "car_vel": [
      0.9529776629670383,
      0.0
    ],
    "ball_in_frame": 1
  },
  "1": {
    "img_file": "1.jpg",
    "car_pos": [
      0.2006268764141133,
      0.0
    ],
    "car_vel": [
      0.9529776629670383,
      0.0
    ],
    "ball_in_frame": 1
  },
  "2": {
    "img_file": "2.jpg",
    "car_pos": [
      0.40125375282822673,
      0.0
    ],
    "car_vel": [
      0.9529776629670383,
      0.0
    ],
    "ball_in_frame": 1
  },
  "3": {
    "img_file": "3.jpg",
    "car_pos": [
      0.60188062924234,
      0.0
    ],
    "car_vel": [
      0.9529776629670383,
      0.0
    ],
    "ball_in_frame": 1
  },
  "4": {
    "img_file": "4.jpg",
    "car_pos": [
      0.8025075056564533,
      0.0
    ],
    "car_vel": [
      0.9529776629670383,
      0.0
    ],
    "ball_in_frame": 1
  },
  "5": {
    "img_file": "5.jpg",
    "car_pos": [
      1.0031343820705667,
      0.0
    ],
    "car_vel": [
      0.9529776629670383,
      0.0
    ],
    "ball_in_frame": 1
  },
  "6": {
    "img_file": "6.jpg",
    "car_pos": [
      1.20376125848468,
      0.0
    ],
    "car_vel": [
      0.9529776629670383,
      0.0
    ],
    "ball_in_frame": 1
  },
  "7": {
    "img_file": "7.jpg",
    "car_pos": [
      1.4043881348987934,
      0.0
    ],
    "car_vel": [
      0.9529776629670383,
      0.0
    ],
    "ball_in_frame": 1
  },
  "8": {
    "img_file": "8.jpg",
    "car_pos": [
      1.6050150113129065,
      0.0
    ],
    "car_vel": [
      0.9529776629670383,
      0.0
    ],
    "ball_in_frame": 1
  },
  "9": {
    "img_file": "9.jpg",
    "car_pos": [
      1.80564188772702,
      0.0
    ],
    "car_vel": [
      0.9529776629670383,
      0.0
    ],
    "ball_in_frame": 1
  },
  "ball_trj": {
    "pos": [
      [
        0.9347400545294207,
        0.8066655752957252,
        0.6810138063291162,
        0.557784747629593,
        0.43697839919715586,
        0.31859476103180495,
        0.20263383313354044,
        0.08909561550236211,
        -0.022019891861730034,
        -0.13071268895873667
      ],
      [
        0.13942991024333395,
        0.07436153258914335,
        0.01052401550568205,
        -0.052082641007049846,
        -0.11345843694905267,
        -0.1736033723203262,
        -0.23251744712086997,
        -0.2902006613506847,
        -0.3466530150097702,
        -0.4018745080981263
      ]
    ],
    "vel": [
      [
        -0.6141077132443822,
        -0.6025998394757228,
        -0.5910919657070635,
        -0.5795840919384042,
        -0.568076218169745,
        -0.5565683444010856,
        -0.5450604706324262,
        -0.533552596863767,
        -0.5220447230951076,
        -0.5105368493264483
      ],
      [
        -0.31199808771288773,
        -0.3061515000019234,
        -0.30030491229095907,
        -0.29445832457999477,
        -0.2886117368690304,
        -0.28276514915806605,
        -0.2769185614471018,
        -0.27107197373613745,
        -0.2652253860251731,
        -0.2593787983142088
      ]
    ]
  }
}