{
  "0": {
    "img_file": "0.jpg",
    "car_pos": [
      0.0,
      0.0
    ],
    "car_vel": [
      0.40343572754627266,
      0.0
    ],
    "ball_in_frame": 1
  },
  "1": {
    "img_file": "1.jpg",
    "car_pos": [
      0.08493383737816268,
      0.0
    ],
    "car_vel": [
      0.40343572754627266,
      0.0
    ],
    "ball_in_frame": 1
  },
  "2": {
    "img_file": "2.jpg",
    "car_pos": [
      0.16986767475632553,
      0.0
    ],
    "car_vel": [
      0.40343572754627266,
      0.0
    ],
    "ball_in_frame": 1
  },
  "3": {
    "img_file": "3.jpg",
    "car_pos": [
      0.254801512134488,
      0.0
    ],
    "car_vel": [
      0.40343572754627266,
      0.0
    ],
    "ball_in_frame": 1
  },
  "4": {
    "img_file": "4.jpg",
    "car_pos": [
      0.3397353495126506,
      0.0
    ],
    "car_vel": [
      0.40343572754627266,
      0.0
    ],
    "ball_in_frame": 1
  },
  "5": {
    "img_file": "5.jpg",
    "car_pos": [
      0.42466918689081334,
      0.0
    ],
    "car_vel": [
      0.40343572754627266,
      0.0
    ],
    "ball_in_frame": 1
  },
  "6": {
    "img_file": "6.jpg",
    "car_pos": [
      0.5096030242689761,
      0.0
    ],
    "car_vel": [
      0.40343572754627266,
      0.0
    ],
    "ball_in_frame": 1
  },
  "7": {
    "img_file": "7.jpg",
    "car_pos": [
      0.5945368616471387,
      0.0
    ],
    "car_vel": [
      0.40343572754627266,
      0.0
    ],
    "ball_in_frame": 1
  },
  "8": {
    "img_file": "8.jpg",
    "car_pos": [
      0.6794706990253013,
      0.0
    ],
    "car_vel": [
      0.40343572754627266,
      0.0
    ],
    "ball_in_frame": 1
  },
  "9": {
    "img_file": "9.jpg",
    "car_pos": [
      0.7644045364034642,
      0.0
    ],
    "car_vel": [
      0.40343572754627266,
      0.0
    ],
    "ball_in_frame": 1
  },
  "ball_trj": {
    "pos": [
      [
        0.8349302714228899,
        0.6983812003422092,
        0.5639922637970698,
        0.4317634617874717,
        0.30169479431341495,
        0.17378626137489928,
        0.048037862971925804,
        -0.07555040089550724,
        -0.19697853022739897,
        -0.3162465250237519
      ],
      [
        1.2261956397948541,
        1.330418157629095,
        1.4329919300096097,
        1.5339169569363982,
        1.6331932384094605,
        1.7308207744287967,
        1.8267995649944067,
        1.92112961010629,
        2.013810909764447,
        2.1048434639688782
      ]
    ],
    "vel": [
      [
        -0.653738407155144,
        -0.643477768111323,
        -0.6332171290675019,
        -0.622956490023681,
        -0.61269585097986,
        -0.602435211936039,
        -0.592174572892218,
        -0.581913933848397,
        -0.571653294804576,
        -0.5613926557607551
      ],
      [
        0.4989727301652435,
        0.491141189260044,
        0.4833096483548446,
        0.47547810744964514,
        0.46764656654444564,
        0.45981502563924614,
        0.4519834847340467,
        0.44415194382884726,
        0.43632040292364777,
        0.4284888620184484
      ]
    ]
  }
}