{
  "0": {
    "img_file": "0.jpg",
    "car_pos": [
      0.0,
      0.0
    ],
    "car_vel": [
      0.887204834484977,
      0.0
    ],
    "ball_in_frame": 1
  },
  "1": {
    "img_file": "1.jpg",
    "car_pos": [
      0.186779965154732,
      0.0
    ],
    "car_vel": [
      0.887204834484977,
      0.0
    ],
    "ball_in_frame": 1
  },
  "2": {
    "img_file": "2.jpg",
    "car_pos": [
      0.373559930309464,
      0.0
    ],
    "car_vel": [
      0.887204834484977,
      0.0
    ],
    "ball_in_frame": 1
  },
  "3": {
    "img_file": "3.jpg",
    "car_pos": [
      0.5603398954641959,
      0.0
    ],
    "car_vel": [
      0.887204834484977,
      0.0
    ],
    "ball_in_frame": 1
  },
  "4": {
    "img_file": "4.jpg",
    "car_pos": [
      0.747119860618928,
      0.0
    ],
    "car_vel": [
      0.887204834484977,
      0.0
    ],
    "ball_in_frame": 1
  },
  "5": {
    "img_file": "5.jpg",
    "car_pos": [
      0.9338998257736599,
      0.0
    ],
    "car_vel": [
      0.887204834484977,
      0.0
    ],
    "ball_in_frame": 1
  },
  "6": {
    "img_file": "6.jpg",
    "car_pos": [
      1.1206797909283919,
      0.0
    ],
    "car_vel": [
      0.887204834484977,
      0.0
    ],
    "ball_in_frame": 1
  },
  "7": {
    "img_file": "7.jpg",
    "car_pos": [
      1.307459756083124,
      0.0
    ],
    "car_vel": [
      0.887204834484977,
      0.0
    ],
    "ball_in_frame": 1
  },
  "8": {
    "img_file": "8.jpg",
    "car_pos": [
      1.494239721237856,
      0.0
    ],
    "car_vel": [
      0.887204834484977,
      0.0
    ],
    "ball_in_frame": 1
  },
  "9": {
    "img_file": "9.jpg",
    "car_pos": [
      1.6810196863925881,
      0.0
    ],
    "car_vel": [
      0.887204834484977,
      0.0
    ],
    "ball_in_frame": 1
  },
  "ball_trj": {
    "pos": [
      [
        2.4836600768557977,
        2.4836600069235177,
        2.483659916105155,
        2.4836598156549567,
        2.4836597193435894,
        2.4836596381026834,
        2.483659578275787,
        2.483659529112246,
        2.4836594766493496,
        2.483659409771736
      ],
      [
        0.01632478872208352,
        0.016324377030808815,
        0.016323842383167485,
        0.01632325103290867,
        0.016322684047946633,
        0.016322205782779122,
        0.01632185358187064,
        0.016321564156122903,
        0.016321255307075695,
        0.01632086159859851
      ]
    ],
    "vel": [
      [
        -1.1493403570131833e-05,
        3.409068732142854e-06,
        1.7730607758505924e-05,
        2.2400949955985662e-05,
        1.2420356040305152e-05,
        -3.1966741659051386e-06,
        -1.7640499361597707e-05,
        -2.3276581977850913e-05,
        -1.4156822325756386e-05,
        1.6098351713583102e-06
      ],
      [
        -6.76616580151259e-05,
        2.006918501528452e-05,
        0.00010438007429530736,
        0.00013187437523507885,
        7.311862649712704e-05,
        -1.881881836650608e-05,
        -0.00010384960623171737,
        -0.00013702922027719264,
        -8.334120218970237e-05,
        9.47709842089195e-06
      ]
    ]
  }
}