{
  "0": {
    "img_file": "0.jpg",
    "car_pos": [
      0.0,
      0.0
    ],
    "car_vel": [
      0.5458220149976594,
      0.0
    ],
    "ball_in_frame": 1
  },
  "1": {
    "img_file": "1.jpg",
    "car_pos": [
      0.1149098978942441,
      0.0
    ],
    "car_vel": [
      0.5458220149976594,
      0.0
    ],
    "ball_in_frame": 1
  },
  "2": {
    "img_file": "2.jpg",
    "car_pos": [
      0.22981979578848813,
      0.0
    ],
    "car_vel": [
      0.5458220149976594,
      0.0
    ],
    "ball_in_frame": 1
  },
  "3": {
    "img_file": "3.jpg",
    "car_pos": [
      0.3447296936827322,
      0.0
    ],
    "car_vel": [
      0.5458220149976594,
      0.0
    ],
    "ball_in_frame": 1
  },
  "4": {
    "img_file": "4.jpg",
    "car_pos": [
      0.4596395915769763,
      0.0
    ],
    "car_vel": [
      0.5458220149976594,
      0.0
    ],
    "ball_in_frame": 1
  },
  "5": {
    "img_file": "5.jpg",
    "car_pos": [
      0.5745494894712203,
      0.0
    ],
    "car_vel": [
      0.5458220149976594,
      0.0
    ],
    "ball_in_frame": 1
  },
  "6": {
    "img_file": "6.jpg",
    "car_pos": [
      0.6894593873654644,
      0.0
    ],
    "car_vel": [
      0.5458220149976594,
      0.0
    ],
    "ball_in_frame": 1
  },
  "7": {
    "img_file": "7.jpg",
    "car_pos": [
      0.8043692852597084,
      0.0
    ],
    "car_vel": [
      0.5458220149976594,
      0.0
    ],
    "ball_in_frame": 1
  },
  "8": {
    "img_file": "8.jpg",
    "car_pos": [
      0.9192791831539526,
      0.0
    ],
    "car_vel": [
      0.5458220149976594,
      0.0
    ],
    "ball_in_frame": 1
  },
  "9": {
    "img_file": "9.jpg",
    "car_pos": [
      1.0341890810481968,
      0.0
    ],
    "car_vel": [
      0.5458220149976594,
      0.0
    ],
    "ball_in_frame": 1
  },
  "ball_trj": {
    "pos": [
      [
        2.8749474112912434,
        2.816204339897835,
        2.7591179823497667,
        2.703688338647039,
        2.6499154087896506,
        2.597799192777602,
        2.5473396906108943,
        2.498536902289526,
        2.4513908278134977,
        2.4059014671828094
      ],
      [
        -1.7585767370363188,
        -1.8349534115453872,
        -1.9091760568026852,
        -1.9812446728082138,
        -2.051159259561973,
        -2.1189198170639623,
        -2.184526345314182,
        -2.2479788443126316,
        -2.3092773140593117,
        -2.3684217545542223
      ]
    ],
    "vel": [
      [
        -0.28296428450137073,
        -0.27509489373600576,
        -0.26722550297064085,
        -0.2593561122052759,
        -0.2514867214399109,
        -0.24361733067454594,
        -0.235747939909181,
        -0.227878549143816,
        -0.22000915837845103,
        -0.2121397676130861
      ],
      [
        -0.3679050233910261,
        -0.35767338444511987,
        -0.3474417454992136,
        -0.3372101065533074,
        -0.3269784676074011,
        -0.31674682866149495,
        -0.30651518971558867,
        -0.2962835507696825,
        -0.28605191182377626,
        -0.27582027287787
      ]
    ]
  }
}