{
  "0": {
    "img_file": "0.jpg",
    "car_pos": [
      0.0,
      0.0
    ],
    "car_vel": [
      0.0,
      0.0
    ],
    "ball_in_frame": 1
  },
  "1": {
    "img_file": "1.jpg",
    "car_pos": [
      0.0,
      0.0
    ],
    "car_vel": [
      0.0,
      0.0
    ],
    "ball_in_frame": 1
  },
  "2": {
    "img_file": "2.jpg",
    "car_pos": [
      0.0,
      0.0
    ],
    "car_vel": [
      0.0,
      0.0
    ],
    "ball_in_frame": 1
  },
  "3": {
    "img_file": "3.jpg",
    "car_pos": [
      0.0,
      0.0
    ],
    "car_vel": [
      0.0,
      0.0
    ],
    "ball_in_frame": 1
  },
  "4": {
    "img_file": "4.jpg",
    "car_pos": [
      0.0,
      0.0
    ],
    "car_vel": [
      0.0,
      0.0
    ],
    "ball_in_frame": 1
  },
  "5": {
    "img_file": "5.jpg",
    "car_pos": [
      0.0,
      0.0
    ],
    "car_vel": [
      0.0,
      0.0
    ],
    "ball_in_frame": 1
  },
  "6": {
    "img_file": "6.jpg",
    "car_pos": [
      0.0,
      0.0
    ],
    "car_vel": [
      0.0,
      0.0
    ],
    "ball_in_frame": 1
  },
  "7": {
    "img_file": "7.jpg",
    "car_pos": [
      0.0,
      0.0
    ],
    "car_vel": [
      0.0,
      0.0
    ],
    "ball_in_frame": 1
  },
  "8": {
    "img_file": "8.jpg",
    "car_pos": [
      0.0,
      0.0
    ],
    "car_vel": [
      0.0,
      0.0
    ],
    "ball_in_frame": 1
  },
  "9": {
    "img_file": "9.jpg",
    "car_pos": [
      0.0,
      0.0
    ],
    "car_vel": [
      0.0,
      0.0
    ],
    "ball_in_frame": 1
  },
  "ball_trj": {
    "pos": [
      [
        1.4853575524211948,
        1.3666968530566643,
        1.2506992840903761,
        1.1373648455223297,
        1.026693537352525,
        0.9186853595809625,
        0.8133403122076421,
        0.7106583952325636,
        0.6106396086557271,
        0.5132839524771327
      ],
      [
        1.2488568966767755,
        1.2729456028851538,
        1.29649368051051,
        1.319501129552844,
        1.3419679500121562,
        1.363894141888446,
        1.385279705181714,
        1.40612463989196,
        1.426428946019184,
        1.4461926235633857
      ]
    ],
    "vel": [
      [
        -0.5699632566773429,
        -0.5573133872856936,
        -0.5446635178940442,
        -0.5320136485023949,
        -0.5193637791107455,
        -0.506713909719096,
        -0.49406404032744666,
        -0.4814141709357973,
        -0.46876430154414794,
        -0.4561144321524985
      ],
      [
        0.11570534737447388,
        0.11313736160511911,
        0.11056937583576434,
        0.10800139006640959,
        0.1054334042970548,
        0.10286541852770006,
        0.1002974327583453,
        0.09772944698899053,
        0.09516146121963576,
        0.09259347545028099
      ]
    ]
  }
}