{
  "0": {
    "img_file": "0.jpg",
    "car_pos": [
      0.0,
      0.0
    ],
    "car_vel": [
      0.5086847895591703,
      0.0
    ],
    "ball_in_frame": 1
  },
  "1": {
    "img_file": "1.jpg",
    "car_pos": [
      0.10709153464403587,
      0.0
    ],
    "car_vel": [
      0.5086847895591703,
      0.0
    ],
    "ball_in_frame": 1
  },
  "2": {
    "img_file": "2.jpg",
    "car_pos": [
      0.21418306928807174,
      0.0
    ],
    "car_vel": [
      0.5086847895591703,
      0.0
    ],
    "ball_in_frame": 1
  },
  "3": {
    "img_file": "3.jpg",
    "car_pos": [
      0.3212746039321076,
      0.0
    ],
    "car_vel": [
      0.5086847895591703,
      0.0
    ],
    "ball_in_frame": 1
  },
  "4": {
    "img_file": "4.jpg",
    "car_pos": [
      0.4283661385761434,
      0.0
    ],
    "car_vel": [
      0.5086847895591703,
      0.0
    ],
    "ball_in_frame": 1
  },
  "5": {
    "img_file": "5.jpg",
    "car_pos": [
      0.5354576732201793,
      0.0
    ],
    "car_vel": [
      0.5086847895591703,
      0.0
    ],
    "ball_in_frame": 1
  },
  "6": {
    "img_file": "6.jpg",
    "car_pos": [
      0.6425492078642152,
      0.0
    ],
    "car_vel": [
      0.5086847895591703,
      0.0
    ],
    "ball_in_frame": 1
  },
  "7": {
    "img_file": "7.jpg",
    "car_pos": [
      0.749640742508251,
      0.0
    ],
    "car_vel": [
      0.5086847895591703,
      0.0
    ],
    "ball_in_frame": 1
  },
  "8": {
    "img_file": "8.jpg",
    "car_pos": [
      0.856732277152287,
      0.0
    ],
    "car_vel": [
      0.5086847895591703,
      0.0
    ],
    "ball_in_frame": 1
  },
  "9": {
    "img_file": "9.jpg",
    "car_pos": [
      0.9638238117963227,
      0.0
    ],
    "car_vel": [
      0.5086847895591703,
      0.0
    ],
    "ball_in_frame": 1
  },
  "ball_trj": {
    "pos": [
      [
        2.1587821187047123,
        2.136548049564858,
        2.1169804268380155,
        2.1000792505241836,
        2.085844520623363,
        2.0742762371355536,
        2.0653744000607555,
        2.0591390093989683,
        2.0555700651501922,
        2.0546326586031958
      ],
      [
        0.7984758475674951,
        0.8028454441922169,
        0.806691011896591,
        0.8100125506806173,
        0.8128100605442958,
        0.8150835414876266,
        0.8168329935106096,
        0.8180584166132449,
        0.8187598107955323,
        0.818944036564463
      ]
    ],
    "vel": [
      [
        -0.11194463864520804,
        -0.09927901818340504,
        -0.08661339772160209,
        -0.07394777725979912,
        -0.061282156797996125,
        -0.04861653633619313,
        -0.035950915874390164,
        -0.023285295412587205,
        -0.010619674950784216,
        8.819683809697984e-06
      ],
      [
        0.022000152653254456,
        0.01951101528160261,
        0.017021877909950765,
        0.014532740538298922,
        0.012043603166647075,
        0.009554465794995226,
        0.007065328423343384,
        0.004576191051691539,
        0.0020870536800396936,
        -1.7333066819017513e-06
      ]
    ]
  }
}