{
  "0": {
    "img_file": "0.jpg",
    "car_pos": [
      0.0,
      0.0
    ],
    "car_vel": [
      0.46550200444840295,
      0.0
    ],
    "ball_in_frame": 1
  },
  "1": {
    "img_file": "1.jpg",
    "car_pos": [
      0.0980004219891375,
      0.0
    ],
    "car_vel": [
      0.46550200444840295,
      0.0
    ],
    "ball_in_frame": 1
  },
  "2": {
    "img_file": "2.jpg",
    "car_pos": [
      0.19600084397827489,
      0.0
    ],
    "car_vel": [
      0.46550200444840295,
      0.0
    ],
    "ball_in_frame": 1
  },
  "3": {
    "img_file": "3.jpg",
    "car_pos": [
      0.29400126596741233,
      0.0
    ],
    "car_vel": [
      0.46550200444840295,
      0.0
    ],
    "ball_in_frame": 1
  },
  "4": {
    "img_file": "4.jpg",
    "car_pos": [
      0.3920016879565498,
      0.0
    ],
    "car_vel": [
      0.46550200444840295,
      0.0
    ],
    "ball_in_frame": 1
  },
  "5": {
    "img_file": "5.jpg",
    "car_pos": [
      0.4900021099456873,
      0.0
    ],
    "car_vel": [
      0.46550200444840295,
      0.0
    ],
    "ball_in_frame": 1
  },
  "6": {
    "img_file": "6.jpg",
    "car_pos": [
      0.5880025319348248,
      0.0
    ],
    "car_vel": [
      0.46550200444840295,
      0.0
    ],
    "ball_in_frame": 1
  },
  "7": {
    "img_file": "7.jpg",
    "car_pos": [
      0.6860029539239623,
      0.0
    ],
    "car_vel": [
      0.46550200444840295,
      0.0
    ],
    "ball_in_frame": 1
  },
  "8": {
    "img_file": "8.jpg",
    "car_pos": [
      0.7840033759130998,
      0.0
    ],
    "car_vel": [
      0.46550200444840295,
      0.0
    ],
    "ball_in_frame": 1
  },
  "9": {
    "img_file": "9.jpg",
    "car_pos": [
      0.8820037979022375,
      0.0
    ],
    "car_vel": [
      0.46550200444840295,
      0.0
    ],
    "ball_in_frame": 1
  },
  "ball_trj": {
    "pos": [
      [
        2.688796204919148,
        2.6851787829635247,
        2.6837960670083345,
        2.683780455240527,
        2.6837803572206496,
        2.6837802678271925,
        2.6837802438217135,
        2.683780324353692,
        2.6837804710181326,
        2.6837806875437233
      ],
      [
        0.5170347826322814,
        0.5195376343928605,
        0.5204943193207685,
        0.5205051209195374,
        0.5205051887383391,
        0.5205052505886221,
        0.5205052671977315,
        0.5205052114786018,
        0.5205051100031988,
        0.5205049601916862
      ]
    ],
    "vel": [
      [
        -0.022490181040235573,
        -0.011875327538180654,
        -0.0012604740361257815,
        7.777395211431975e-05,
        0.00011324540001621269,
        7.608937589101117e-05,
        -1.908600543857105e-06,
        -7.325457185380037e-05,
        -0.00011287670322290244,
        2.852293144142867e-06
      ],
      [
        0.015560692090343456,
        0.008216399635156985,
        0.0008721071799705066,
        -5.3810883929077016e-05,
        -7.835316208204281e-05,
        -5.264534542733011e-05,
        1.3205382977259562e-06,
        5.0683977811809335e-05,
        7.809806510148895e-05,
        -1.9734681231778773e-06
      ]
    ]
  }
}