{
  "0": {
    "img_file": "0.jpg",
    "car_pos": [
      0.0,
      0.0
    ],
    "car_vel": [
      0.0,
      0.0
    ],
    "ball_in_frame": 1
  },
  "1": {
    "img_file": "1.jpg",
    "car_pos": [
      0.0,
      0.0
    ],
    "car_vel": [
      0.0,
      0.0
    ],
    "ball_in_frame": 1
  },
  "2": {
    "img_file": "2.jpg",
    "car_pos": [
      0.0,
      0.0
    ],
    "car_vel": [
      0.0,
      0.0
    ],
    "ball_in_frame": 1
  },
  "3": {
    "img_file": "3.jpg",
    "car_pos": [
      0.0,
      0.0
    ],
    "car_vel": [
      0.0,
      0.0
    ],
    "ball_in_frame": 1
  },
  "4": {
    "img_file": "4.jpg",
    "car_pos": [
      0.0,
      0.0
    ],
    "car_vel": [
      0.0,
      0.0
    ],
    "ball_in_frame": 1
  },
  "5": {
    "img_file": "5.jpg",
    "car_pos": [
      0.0,
      0.0
    ],
    "car_vel": [
      0.0,
      0.0
    ],
    "ball_in_frame": 1
  },
  "6": {
    "img_file": "6.jpg",
    "car_pos": [
      0.0,
      0.0
    ],
    "car_vel": [
      0.0,
      0.0
    ],
    "ball_in_frame": 1
  },
  "7": {
    "img_file": "7.jpg",
    "car_pos": [
      0.0,
      0.0
    ],
    "car_vel": [
      0.0,
      0.0
    ],
    "ball_in_frame": 1
  },
  "8": {
    "img_file": "8.jpg",
    "car_pos": [
      0.0,
      0.0
    ],
    "car_vel": [
      0.0,
      0.0
    ],
    "ball_in_frame": 1
  },
  "9": {
    "img_file": "9.jpg",
    "car_pos": [
      0.0,
      0.0
    ],
    "car_vel": [
      0.0,
      0.0
    ],
    "ball_in_frame": 1
  },
  "ball_trj": {
    "pos": [
      [
        4.250037765287592,
        4.406506955166142,
        4.5603173471476595,
        4.711468941232146,
        4.859961737419601,
        5.005795735710025,
        5.148970936103416,
        5.289487338599777,
        5.427344943199105,
        5.562543749901403
      ],
      [
        -0.5517220373347281,
        -0.5186751434054158,
        -0.4861897978048887,
        -0.45426600053314686,
        -0.4229037515901902,
        -0.3921030509760188,
        -0.3618638986906327,
        -0.3321862947340319,
        -0.3030702391062162,
        -0.2745157318071856
      ]
    ],
    "vel": [
      [
        0.7495432969285594,
        0.7369140069176594,
        0.7242847169067597,
        0.7116554268958597,
        0.6990261368849598,
        0.68639684687406,
        0.6737675568631601,
        0.6611382668522603,
        0.6485089768413604,
        0.6358796868304605
      ],
      [
        0.1583064234450982,
        0.15563906888336831,
        0.15297171432163842,
        0.1503043597599085,
        0.1476370051981786,
        0.1449696506364487,
        0.1423022960747188,
        0.13963494151298889,
        0.136967586951259,
        0.13430023238952907
      ]
    ]
  }
}