{
  "0": {
    "img_file": "0.jpg",
    "car_pos": [
      0.0,
      0.0
    ],
    "car_vel": [
      0.10903182998661776,
      0.0
    ],
    "ball_in_frame": 1
  },
  "1": {
    "img_file": "1.jpg",
    "car_pos": [
      0.022954069470866895,
      0.0
    ],
    "car_vel": [
      0.10903182998661776,
      0.0
    ],
    "ball_in_frame": 1
  },
  "2": {
    "img_file": "2.jpg",
    "car_pos": [
      0.04590813894173378,
      0.0
    ],
    "car_vel": [
      0.10903182998661776,
      0.0
    ],
    "ball_in_frame": 1
  },
  "3": {
    "img_file": "3.jpg",
    "car_pos": [
      0.06886220841260068,
      0.0
    ],
    "car_vel": [
      0.10903182998661776,
      0.0
    ],
    "ball_in_frame": 1
  },
  "4": {
    "img_file": "4.jpg",
    "car_pos": [
      0.09181627788346758,
      0.0
    ],
    "car_vel": [
      0.10903182998661776,
      0.0
    ],
    "ball_in_frame": 1
  },
  "5": {
    "img_file": "5.jpg",
    "car_pos": [
      0.11477034735433447,
      0.0
    ],
    "car_vel": [
      0.10903182998661776,
      0.0
    ],
    "ball_in_frame": 1
  },
  "6": {
    "img_file": "6.jpg",
    "car_pos": [
      0.13772441682520137,
      0.0
    ],
    "car_vel": [
      0.10903182998661776,
      0.0
    ],
    "ball_in_frame": 1
  },
  "7": {
    "img_file": "7.jpg",
    "car_pos": [
      0.16067848629606826,
      0.0
    ],
    "car_vel": [
      0.10903182998661776,
      0.0
    ],
    "ball_in_frame": 1
  },
  "8": {
    "img_file": "8.jpg",
    "car_pos": [
      0.18363255576693513,
      0.0
    ],
    "car_vel": [
      0.10903182998661776,
      0.0
    ],
    "ball_in_frame": 1
  },
  "9": {
    "img_file": "9.jpg",
    "car_pos": [
      0.20658662523780208,
      0.0
    ],
    "car_vel": [
      0.10903182998661776,
      0.0
    ],
    "ball_in_frame": 1
  },
  "ball_trj": {
    "pos": [
      [
        1.9712685225357751,
        1.9027812860498963,
        1.8356181294282665,
        1.7697790526708856,
        1.7052640557777536,
        1.642073138748871,
        1.5802063015842374,
        1.5196635442838524,
        1.4604448668477172,
        1.4025502692758318
      ],
      [
        1.7044603928220874,
        1.827204860209244,
        1.9475762799154823,
        2.065574651940803,
        2.181199976285205,
        2.2944522529486893,
        2.4053314819312552,
        2.513837663232903,
        2.6199707968536328,
        2.7237308827934417
      ]
    ],
    "vel": [
      [
        -0.32845906298551614,
        -0.3221696836303331,
        -0.3158803042751501,
        -0.3095909249199671,
        -0.30330154556478406,
        -0.297012166209601,
        -0.29072278685441805,
        -0.28443340749923507,
        -0.27814402814405204,
        -0.27185464878886895
      ],
      [
        0.5886722083311737,
        0.5774002318468124,
        0.5661282553624511,
        0.5548562788780899,
        0.5435843023937286,
        0.5323123259093673,
        0.521040349425006,
        0.5097683729406447,
        0.4984963964562834,
        0.4872244199719221
      ]
    ]
  }
}