{
  "0": {
    "img_file": "0.jpg",
    "car_pos": [
      0.0,
      0.0
    ],
    "car_vel": [
      0.0,
      0.0
    ],
    "ball_in_frame": 1
  },
  "1": {
    "img_file": "1.jpg",
    "car_pos": [
      0.0,
      0.0
    ],
    "car_vel": [
      0.0,
      0.0
    ],
    "ball_in_frame": 1
  },
  "2": {
    "img_file": "2.jpg",
    "car_pos": [
      0.0,
      0.0
    ],
    "car_vel": [
      0.0,
      0.0
    ],
    "ball_in_frame": 1
  },
  "3": {
    "img_file": "3.jpg",
    "car_pos": [
      0.0,
      0.0
    ],
    "car_vel": [
      0.0,
      0.0
    ],
    "ball_in_frame": 1
  },
  "4": {
    "img_file": "4.jpg",
    "car_pos": [
      0.0,
      0.0
    ],
    "car_vel": [
      0.0,
      0.0
    ],
    "ball_in_frame": 1
  },
  "5": {
    "img_file": "5.jpg",
    "car_pos": [
      0.0,
      0.0
    ],
    "car_vel": [
      0.0,
      0.0
    ],
    "ball_in_frame": 1
  },
  "6": {
    "img_file": "6.jpg",
    "car_pos": [
      0.0,
      0.0
    ],
    "car_vel": [
      0.0,
      0.0
    ],
    "ball_in_frame": 1
  },
  "7": {
    "img_file": "7.jpg",
    "car_pos": [
      0.0,
      0.0
    ],
    "car_vel": [
      0.0,
      0.0
    ],
    "ball_in_frame": 1
  },
  "8": {
    "img_file": "8.jpg",
    "car_pos": [
      0.0,
      0.0
    ],
    "car_vel": [
      0.0,
      0.0
    ],
    "ball_in_frame": 1
  },
  "9": {
    "img_file": "9.jpg",
    "car_pos": [
      0.0,
      0.0
    ],
    "car_vel": [
      0.0,
      0.0
    ],
    "ball_in_frame": 1
  },
  "ball_trj": {
    "pos": [
      [
        4.0703584220251345,
        4.243514266442864,
        4.414566299550716,
        4.583514521348692,
        4.750358931836793,
        4.9150995310150165,
        5.077736318883362,
        5.238269295441834,
        5.3966984606904305,
        5.553023814629148
      ],
      [
        -0.6326731709323513,
        -0.7742420128123589,
        -0.914090819589452,
        -1.0522195912636305,
        -1.1886283278348957,
        -1.3233170293032464,
        -1.4562856956686825,
        -1.587534326931204,
        -1.7170629230908125,
        -1.8448714841475056
      ]
    ],
    "vel": [
      [
        0.827486812845168,
        0.8174937091232554,
        0.8075006054013427,
        0.7975075016794302,
        0.7875143979575174,
        0.7775212942356049,
        0.7675281905136924,
        0.7575350867917797,
        0.7475419830698671,
        0.7375488793479544
      ],
      [
        -0.6765370822994567,
        -0.668366915560614,
        -0.6601967488217713,
        -0.6520265820829285,
        -0.6438564153440857,
        -0.6356862486052429,
        -0.6275160818664002,
        -0.6193459151275573,
        -0.6111757483887146,
        -0.6030055816498718
      ]
    ]
  }
}