{
  "0": {
    "img_file": "0.jpg",
    "car_pos": [
      0.0,
      0.0
    ],
    "car_vel": [
      0.7778144773302155,
      0.0
    ],
    "ball_in_frame": 1
  },
  "1": {
    "img_file": "1.jpg",
    "car_pos": [
      0.1637504162800454,
      0.0
    ],
    "car_vel": [
      0.7778144773302155,
      0.0
    ],
    "ball_in_frame": 1
  },
  "2": {
    "img_file": "2.jpg",
    "car_pos": [
      0.3275008325600907,
      0.0
    ],
    "car_vel": [
      0.7778144773302155,
      0.0
    ],
    "ball_in_frame": 1
  },
  "3": {
    "img_file": "3.jpg",
    "car_pos": [
      0.49125124884013605,
      0.0
    ],
    "car_vel": [
      0.7778144773302155,
      0.0
    ],
    "ball_in_frame": 1
  },
  "4": {
    "img_file": "4.jpg",
    "car_pos": [
      0.6550016651201814,
      0.0
    ],
    "car_vel": [
      0.7778144773302155,
      0.0
    ],
    "ball_in_frame": 1
  },
  "5": {
    "img_file": "5.jpg",
    "car_pos": [
      0.8187520814002268,
      0.0
    ],
    "car_vel": [
      0.7778144773302155,
      0.0
    ],
    "ball_in_frame": 1
  },
  "6": {
    "img_file": "6.jpg",
    "car_pos": [
      0.9825024976802723,
      0.0
    ],
    "car_vel": [
      0.7778144773302155,
      0.0
    ],
    "ball_in_frame": 1
  },
  "7": {
    "img_file": "7.jpg",
    "car_pos": [
      1.146252913960318,
      0.0
    ],
    "car_vel": [
      0.7778144773302155,
      0.0
    ],
    "ball_in_frame": 1
  },
  "8": {
    "img_file": "8.jpg",
    "car_pos": [
      1.310003330240363,
      0.0
    ],
    "car_vel": [
      0.7778144773302155,
      0.0
    ],
    "ball_in_frame": 1
  },
  "9": {
    "img_file": "9.jpg",
    "car_pos": [
      1.4737537465204085,
      0.0
    ],
    "car_vel": [
      0.7778144773302155,
      0.0
    ],
    "ball_in_frame": 1
  },
  "ball_trj": {
    "pos": [
      [
        3.059697646167926,
        3.114240374930351,
        3.1678857132671117,
        3.2206336611782085,
        3.272484218663641,
        3.3234373857234094,
        3.373493162357514,
        3.4226515485659537,
        3.47091254434873,
        3.5182761497058417
      ],
      [
        1.0164612375450288,
        1.1723601445643512,
        1.3256940499839176,
        1.476462953803729,
        1.624666856023785,
        1.7703057566440856,
        1.9133796556646314,
        2.053888553085421,
        2.1918324489064567,
        2.3272113431277344
      ]
    ],
    "vel": [
      [
        0.26120926388247023,
        0.25694665936056565,
        0.25268405483866113,
        0.2484214503167566,
        0.24415884579485203,
        0.2398962412729475,
        0.23563363675104296,
        0.23137103222913846,
        0.22710842770723388,
        0.22284582318532936
      ],
      [
        0.7466116871411976,
        0.7344279295423599,
        0.7222441719435223,
        0.7100604143446846,
        0.6978766567458469,
        0.6856928991470091,
        0.6735091415481714,
        0.6613253839493338,
        0.6491416263504961,
        0.6369578687516585
      ]
    ]
  }
}