{
  "0": {
    "img_file": "0.jpg",
    "car_pos": [
      0.0,
      0.0
    ],
    "car_vel": [
      0.0,
      0.0
    ],
    "ball_in_frame": 1
  },
  "1": {
    "img_file": "1.jpg",
    "car_pos": [
      0.0,
      0.0
    ],
    "car_vel": [
      0.0,
      0.0
    ],
    "ball_in_frame": 1
  },
  "2": {
    "img_file": "2.jpg",
    "car_pos": [
      0.0,
      0.0
    ],
    "car_vel": [
      0.0,
      0.0
    ],
    "ball_in_frame": 1
  },
  "3": {
    "img_file": "3.jpg",
    "car_pos": [
      0.0,
      0.0
    ],
    "car_vel": [
      0.0,
      0.0
    ],
    "ball_in_frame": 1
  },
  "4": {
    "img_file": "4.jpg",
    "car_pos": [
      0.0,
      0.0
    ],
    "car_vel": [
      0.0,
      0.0
    ],
    "ball_in_frame": 1
  },
  "5": {
    "img_file": "5.jpg",
    "car_pos": [
      0.0,
      0.0
    ],
    "car_vel": [
      0.0,
      0.0
    ],
    "ball_in_frame": 1
  },
  "6": {
    "img_file": "6.jpg",
    "car_pos": [
      0.0,
      0.0
    ],
    "car_vel": [
      0.0,
      0.0
    ],
    "ball_in_frame": 1
  },
  "7": {
    "img_file": "7.jpg",
    "car_pos": [
      0.0,
      0.0
    ],
    "car_vel": [
      0.0,
      0.0
    ],
    "ball_in_frame": 1
  },
  "8": {
    "img_file": "8.jpg",
    "car_pos": [
      0.0,
      0.0
    ],
    "car_vel": [
      0.0,
      0.0
    ],
    "ball_in_frame": 1
  },
  "9": {
    "img_file": "9.jpg",
    "car_pos": [
      0.0,
      0.0
    ],
    "car_vel": [
      0.0,
      0.0
    ],
    "ball_in_frame": 1
  },
  "ball_trj": {
    "pos": [
      [
        1.716331112541813,
        1.6072297903307862,
        1.5003550096587366,
        1.3957067705256643,
        1.2932850729315692,
        1.1930899168764515,
        1.0951213023603115,
        0.9993792293831483,
        0.9058636979449624,
        0.8145747080457546
      ],
      [
        1.4276681318199613,
        1.5040058318479792,
        1.5787856308656536,
        1.6520075288729839,
        1.723671525869971,
        1.793777621856615,
        1.862325816832915,
        1.9293161107988719,
        1.9947485037544845,
        2.0586229956997544
      ]
    ],
    "vel": [
      [
        -0.523519316657449,
        -0.5129432443473066,
        -0.5023671720371643,
        -0.49179109972702195,
        -0.4812150274168796,
        -0.47063895510673726,
        -0.4600628827965949,
        -0.44948681048645256,
        -0.4389107381763102,
        -0.42833466586616786
      ],
      [
        0.36630409003265,
        0.3589040602335183,
        0.3515040304343866,
        0.3441040006352549,
        0.3367039708361232,
        0.32930394103699145,
        0.3219039112378598,
        0.3145038814387281,
        0.3071038516395964,
        0.29970382184046473
      ]
    ]
  }
}