{
  "0": {
    "img_file": "0.jpg",
    "car_pos": [
      0.0,
      0.0
    ],
    "car_vel": [
      0.0,
      0.0
    ],
    "ball_in_frame": 1
  },
  "1": {
    "img_file": "1.jpg",
    "car_pos": [
      0.0,
      0.0
    ],
    "car_vel": [
      0.0,
      0.0
    ],
    "ball_in_frame": 1
  },
  "2": {
    "img_file": "2.jpg",
    "car_pos": [
      0.0,
      0.0
    ],
    "car_vel": [
      0.0,
      0.0
    ],
    "ball_in_frame": 1
  },
  "3": {
    "img_file": "3.jpg",
    "car_pos": [
      0.0,
      0.0
    ],
    "car_vel": [
      0.0,
      0.0
    ],
    "ball_in_frame": 1
  },
  "4": {
    "img_file": "4.jpg",
    "car_pos": [
      0.0,
      0.0
    ],
    "car_vel": [
      0.0,
      0.0
    ],
    "ball_in_frame": 1
  },
  "5": {
    "img_file": "5.jpg",
    "car_pos": [
      0.0,
      0.0
    ],
    "car_vel": [
      0.0,
      0.0
    ],
    "ball_in_frame": 1
  },
  "6": {
    "img_file": "6.jpg",
    "car_pos": [
      0.0,
      0.0
    ],
    "car_vel": [
      0.0,
      0.0
    ],
    "ball_in_frame": 1
  },
  "7": {
    "img_file": "7.jpg",
    "car_pos": [
      0.0,
      0.0
    ],
    "car_vel": [
      0.0,
      0.0
    ],
    "ball_in_frame": 1
  },
  "8": {
    "img_file": "8.jpg",
    "car_pos": [
      0.0,
      0.0
    ],
    "car_vel": [
      0.0,
      0.0
    ],
    "ball_in_frame": 1
  },
  "9": {
    "img_file": "9.jpg",
    "car_pos": [
      0.0,
      0.0
    ],
    "car_vel": [
      0.0,
      0.0
    ],
    "ball_in_frame": 1
  },
  "ball_trj": {
    "pos": [
      [
        3.1941621937139617,
        3.1359589297675683,
        3.079255519357096,
        3.0240519624825435,
        2.9703482591439117,
        2.9181444093412,
        2.867440413074409,
        2.8182362703435384,
        2.7705319811485882,
        2.7243275454895586
      ],
      [
        -1.2288455629328279,
        -1.3167818162683296,
        -1.4024520197028787,
        -1.4858561732364746,
        -1.5669942768691183,
        -1.645866330600809,
        -1.7224723344315471,
        -1.796812288361333,
        -1.8688861923901656,
        -1.938694046518046
      ]
    ],
    "vel": [
      [
        -0.28002765589317896,
        -0.2729033515975568,
        -0.2657790473019347,
        -0.2586547430063125,
        -0.25153043871069036,
        -0.2444061344150682,
        -0.2372818301194461,
        -0.23015752582382393,
        -0.22303322152820176,
        -0.21590891723257966
      ],
      [
        -0.42307907185839544,
        -0.41231533482887006,
        -0.4015515977993447,
        -0.3907878607698193,
        -0.38002412374029393,
        -0.36926038671076855,
        -0.35849664968124323,
        -0.34773291265171785,
        -0.33696917562219253,
        -0.32620543859266715
      ]
    ]
  }
}