{
  "0": {
    "img_file": "0.jpg",
    "car_pos": [
      0.0,
      0.0
    ],
    "car_vel": [
      0.0,
      0.0
    ],
    "ball_in_frame": 1
  },
  "1": {
    "img_file": "1.jpg",
    "car_pos": [
      0.0,
      0.0
    ],
    "car_vel": [
      0.0,
      0.0
    ],
    "ball_in_frame": 1
  },
  "2": {
    "img_file": "2.jpg",
    "car_pos": [
      0.0,
      0.0
    ],
    "car_vel": [
      0.0,
      0.0
    ],
    "ball_in_frame": 1
  },
  "3": {
    "img_file": "3.jpg",
    "car_pos": [
      0.0,
      0.0
    ],
    "car_vel": [
      0.0,
      0.0
    ],
    "ball_in_frame": 1
  },
  "4": {
    "img_file": "4.jpg",
    "car_pos": [
      0.0,
      0.0
    ],
    "car_vel": [
      0.0,
      0.0
    ],
    "ball_in_frame": 1
  },
  "5": {
    "img_file": "5.jpg",
    "car_pos": [
      0.0,
      0.0
    ],
    "car_vel": [
      0.0,
      0.0
    ],
    "ball_in_frame": 1
  },
  "6": {
    "img_file": "6.jpg",
    "car_pos": [
      0.0,
      0.0
    ],
    "car_vel": [
      0.0,
      0.0
    ],
    "ball_in_frame": 1
  },
  "7": {
    "img_file": "7.jpg",
    "car_pos": [
      0.0,
      0.0
    ],
    "car_vel": [
      0.0,
      0.0
    ],
    "ball_in_frame": 1
  },
  "8": {
    "img_file": "8.jpg",
    "car_pos": [
      0.0,
      0.0
    ],
    "car_vel": [
      0.0,
      0.0
    ],
    "ball_in_frame": 1
  },
  "9": {
    "img_file": "9.jpg",
    "car_pos": [
      0.0,
      0.0
    ],
    "car_vel": [
      0.0,
      0.0
    ],
    "ball_in_frame": 1
  },
  "ball_trj": {
    "pos": [
      [
        1.9773283718867436,
        1.9254761244181493,
        1.8747397598627422,
        1.8251192782205226,
        1.7766146794914894,
        1.7292259636756433,
        1.6829531307729844,
        1.6377961807835124,
        1.5937551137072279,
        1.55082992954413
      ],
      [
        0.842774749047368,
        0.9579104705958357,
        1.070568421350449,
        1.1807486013112074,
        1.2884510104781122,
        1.3936756488511621,
        1.4964225164303573,
        1.5966916132156983,
        1.6944829392071852,
        1.7897964944048173
      ]
    ],
    "vel": [
      [
        -0.24894839739464134,
        -0.2436479535570029,
        -0.23834750971936447,
        -0.23304706588172602,
        -0.22774662204408758,
        -0.22244617820644913,
        -0.21714573436881068,
        -0.21184529053117224,
        -0.20654484669353382,
        -0.20124440285589534
      ],
      [
        0.5527793829906245,
        0.5410099717198158,
        0.5292405604490071,
        0.5174711491781986,
        0.5057017379073899,
        0.4939323266365812,
        0.4821629153657726,
        0.47039350409496394,
        0.45862409282415534,
        0.4468546815533466
      ]
    ]
  }
}