{
  "0": {
    "img_file": "0.jpg",
    "car_pos": [
      0.0,
      0.0
    ],
    "car_vel": [
      0.18397815123808547,
      0.0
    ],
    "ball_in_frame": 1
  },
  "1": {
    "img_file": "1.jpg",
    "car_pos": [
      0.038732242365912724,
      0.0
    ],
    "car_vel": [
      0.18397815123808547,
      0.0
    ],
    "ball_in_frame": 1
  },
  "2": {
    "img_file": "2.jpg",
    "car_pos": [
      0.07746448473182548,
      0.0
    ],
    "car_vel": [
      0.18397815123808547,
      0.0
    ],
    "ball_in_frame": 1
  },
  "3": {
    "img_file": "3.jpg",
    "car_pos": [
      0.11619672709773818,
      0.0
    ],
    "car_vel": [
      0.18397815123808547,
      0.0
    ],
    "ball_in_frame": 1
  },
  "4": {
    "img_file": "4.jpg",
    "car_pos": [
      0.15492896946365092,
      0.0
    ],
    "car_vel": [
      0.18397815123808547,
      0.0
    ],
    "ball_in_frame": 1
  },
  "5": {
    "img_file": "5.jpg",
    "car_pos": [
      0.19366121182956364,
      0.0
    ],
    "car_vel": [
      0.18397815123808547,
      0.0
    ],
    "ball_in_frame": 1
  },
  "6": {
    "img_file": "6.jpg",
    "car_pos": [
      0.23239345419547638,
      0.0
    ],
    "car_vel": [
      0.18397815123808547,
      0.0
    ],
    "ball_in_frame": 1
  },
  "7": {
    "img_file": "7.jpg",
    "car_pos": [
      0.2711256965613891,
      0.0
    ],
    "car_vel": [
      0.18397815123808547,
      0.0
    ],
    "ball_in_frame": 1
  },
  "8": {
    "img_file": "8.jpg",
    "car_pos": [
      0.3098579389273018,
      0.0
    ],
    "car_vel": [
      0.18397815123808547,
      0.0
    ],
    "ball_in_frame": 1
  },
  "9": {
    "img_file": "9.jpg",
    "car_pos": [
      0.34859018129321456,
      0.0
    ],
    "car_vel": [
      0.18397815123808547,
      0.0
    ],
    "ball_in_frame": 1
  },
  "ball_trj": {
    "pos": [
      [
        3.32667879541059,
        3.345186532854502,
        3.3633310133557743,
        3.381112236914408,
        3.3985302035304032,
        3.4155849132037592,
        3.4322763659344764,
        3.448604561722555,
        3.4645695005679946,
        3.4801711824707953
      ],
      [
        -0.5495395414287942,
        -0.6867495796612408,
        -0.8212665551063676,
        -0.9530904677641749,
        -1.0822213176346624,
        -1.2086591047178308,
        -1.3324038290136795,
        -1.4534554905222086,
        -1.5718140892434187,
        -1.6874796251773088
      ]
    ],
    "vel": [
      [
        0.08877448809734702,
        0.08704901761981243,
        0.08532354714227786,
        0.08359807666474327,
        0.0818726061872087,
        0.0801471357096741,
        0.07842166523213952,
        0.07669619475460493,
        0.07497072427707034,
        0.07324525379953577
      ],
      [
        -0.6581437057240039,
        -0.6453516574842358,
        -0.6325596092444677,
        -0.6197675610046997,
        -0.6069755127649317,
        -0.5941834645251636,
        -0.5813914162853955,
        -0.5685993680456274,
        -0.5558073198058593,
        -0.5430152715660912
      ]
    ]
  }
}