{
  "0": {
    "img_file": "0.jpg",
    "car_pos": [
      0.0,
      0.0
    ],
    "car_vel": [
      0.4672735686302334,
      0.0
    ],
    "ball_in_frame": 1
  },
  "1": {
    "img_file": "1.jpg",
    "car_pos": [
      0.09837338286952282,
      0.0
    ],
    "car_vel": [
      0.4672735686302334,
      0.0
    ],
    "ball_in_frame": 1
  },
  "2": {
    "img_file": "2.jpg",
    "car_pos": [
      0.1967467657390456,
      0.0
    ],
    "car_vel": [
      0.4672735686302334,
      0.0
    ],
    "ball_in_frame": 1
  },
  "3": {
    "img_file": "3.jpg",
    "car_pos": [
      0.2951201486085684,
      0.0
    ],
    "car_vel": [
      0.4672735686302334,
      0.0
    ],
    "ball_in_frame": 1
  },
  "4": {
    "img_file": "4.jpg",
    "car_pos": [
      0.3934935314780912,
      0.0
    ],
    "car_vel": [
      0.4672735686302334,
      0.0
    ],
    "ball_in_frame": 1
  },
  "5": {
    "img_file": "5.jpg",
    "car_pos": [
      0.49186691434761404,
      0.0
    ],
    "car_vel": [
      0.4672735686302334,
      0.0
    ],
    "ball_in_frame": 1
  },
  "6": {
    "img_file": "6.jpg",
    "car_pos": [
      0.5902402972171368,
      0.0
    ],
    "car_vel": [
      0.4672735686302334,
      0.0
    ],
    "ball_in_frame": 1
  },
  "7": {
    "img_file": "7.jpg",
    "car_pos": [
      0.6886136800866596,
      0.0
    ],
    "car_vel": [
      0.4672735686302334,
      0.0
    ],
    "ball_in_frame": 1
  },
  "8": {
    "img_file": "8.jpg",
    "car_pos": [
      0.7869870629561825,
      0.0
    ],
    "car_vel": [
      0.4672735686302334,
      0.0
    ],
    "ball_in_frame": 1
  },
  "9": {
    "img_file": "9.jpg",
    "car_pos": [
      0.8853604458257053,
      0.0
    ],
    "car_vel": [
      0.4672735686302334,
      0.0
    ],
    "ball_in_frame": 1
  },
  "ball_trj": {
    "pos": [
      [
        2.8916405672903887,
        2.835012514851849,
        2.7809455216443104,
        2.7294395876677724,
        2.6804947129222354,
        2.6341108974076994,
        2.5902881411241645,
        2.5490264440716306,
        2.510325806250097,
        2.474186227659565
      ],
      [
        -0.28289812254141866,
        -0.26280833327662023,
        -0.2436271244420126,
        -0.22535449603759575,
        -0.2079904480633697,
        -0.19153498051933449,
        -0.17598809340549004,
        -0.16134978672183642,
        -0.1476200604683735,
        -0.13479891464510152
      ]
    ],
    "vel": [
      [
        -0.2750657647566909,
        -0.26290073340943637,
        -0.25073570206218193,
        -0.23857067071492738,
        -0.22640563936767283,
        -0.2142406080204183,
        -0.2020755766731638,
        -0.1899105453259093,
        -0.17774551397865473,
        -0.1655804826314002
      ],
      [
        0.09758437752949561,
        0.09326862048608929,
        0.088952863442683,
        0.08463710639927667,
        0.08032134935587035,
        0.07600559231246402,
        0.0716898352690577,
        0.06737407822565139,
        0.06305832118224505,
        0.05874256413883873
      ]
    ]
  }
}