{
  "0": {
    "img_file": "0.jpg",
    "car_pos": [
      0.0,
      0.0
    ],
    "car_vel": [
      0.0,
      0.0
    ],
    "ball_in_frame": 1
  },
  "1": {
    "img_file": "1.jpg",
    "car_pos": [
      0.0,
      0.0
    ],
    "car_vel": [
      0.0,
      0.0
    ],
    "ball_in_frame": 1
  },
  "2": {
    "img_file": "2.jpg",
    "car_pos": [
      0.0,
      0.0
    ],
    "car_vel": [
      0.0,
      0.0
    ],
    "ball_in_frame": 1
  },
  "3": {
    "img_file": "3.jpg",
    "car_pos": [
      0.0,
      0.0
    ],
    "car_vel": [
      0.0,
      0.0
    ],
    "ball_in_frame": 1
  },
  "4": {
    "img_file": "4.jpg",
    "car_pos": [
      0.0,
      0.0
    ],
    "car_vel": [
      0.0,
      0.0
    ],
    "ball_in_frame": 1
  },
  "5": {
    "img_file": "5.jpg",
    "car_pos": [
      0.0,
      0.0
    ],
    "car_vel": [
      0.0,
      0.0
    ],
    "ball_in_frame": 1
  },
  "6": {
    "img_file": "6.jpg",
    "car_pos": [
      0.0,
      0.0
    ],
    "car_vel": [
      0.0,
      0.0
    ],
    "ball_in_frame": 1
  },
  "7": {
    "img_file": "7.jpg",
    "car_pos": [
      0.0,
      0.0
    ],
    "car_vel": [
      0.0,
      0.0
    ],
    "ball_in_frame": 1
  },
  "8": {
    "img_file": "8.jpg",
    "car_pos": [
      0.0,
      0.0
    ],
    "car_vel": [
      0.0,
      0.0
    ],
    "ball_in_frame": 1
  },
  "9": {
    "img_file": "9.jpg",
    "car_pos": [
      0.0,
      0.0
    ],
    "car_vel": [
      0.0,
      0.0
    ],
    "ball_in_frame": 1
  },
  "ball_trj": {
    "pos": [
      [
        2.7524732120544426,
        2.7222991211553014,
        2.693345798441595,
        2.665613243913323,
        2.639101457570485,
        2.613810439413082,
        2.5897401894411134,
        2.566890707654579,
        2.545261994053479,
        2.5248540486378137
      ],
      [
        -0.1995987397942327,
        -0.13958980409189903,
        -0.08200867971259951,
        -0.0268553666563337,
        0.02587013507689817,
        0.076167825487096,
        0.12403770457425967,
        0.16947977233838996,
        0.21249402877948564,
        0.2530804738975476
      ]
    ],
    "vel": [
      [
        -0.14622625621132646,
        -0.1404276073305128,
        -0.13462895844969916,
        -0.12883030956888547,
        -0.12303166068807182,
        -0.11723301180725816,
        -0.11143436292644453,
        -0.10563571404563085,
        -0.09983706516481719,
        -0.09403841628400353
      ],
      [
        0.2908084964782903,
        0.27927639269387894,
        0.26774428890946755,
        0.2562121851250562,
        0.24468008134064484,
        0.23314797755623345,
        0.22161587377182212,
        0.21008376998741077,
        0.19855166620299936,
        0.18701956241858797
      ]
    ]
  }
}