{
  "0": {
    "img_file": "0.jpg",
    "car_pos": [
      0.0,
      0.0
    ],
    "car_vel": [
      0.0,
      0.0
    ],
    "ball_in_frame": 1
  },
  "1": {
    "img_file": "1.jpg",
    "car_pos": [
      0.0,
      0.0
    ],
    "car_vel": [
      0.0,
      0.0
    ],
    "ball_in_frame": 1
  },
  "2": {
    "img_file": "2.jpg",
    "car_pos": [
      0.0,
      0.0
    ],
    "car_vel": [
      0.0,
      0.0
    ],
    "ball_in_frame": 1
  },
  "3": {
    "img_file": "3.jpg",
    "car_pos": [
      0.0,
      0.0
    ],
    "car_vel": [
      0.0,
      0.0
    ],
    "ball_in_frame": 1
  },
  "4": {
    "img_file": "4.jpg",
    "car_pos": [
      0.0,
      0.0
    ],
    "car_vel": [
      0.0,
      0.0
    ],
    "ball_in_frame": 1
  },
  "5": {
    "img_file": "5.jpg",
    "car_pos": [
      0.0,
      0.0
    ],
    "car_vel": [
      0.0,
      0.0
    ],
    "ball_in_frame": 1
  },
  "6": {
    "img_file": "6.jpg",
    "car_pos": [
      0.0,
      0.0
    ],
    "car_vel": [
      0.0,
      0.0
    ],
    "ball_in_frame": 1
  },
  "7": {
    "img_file": "7.jpg",
    "car_pos": [
      0.0,
      0.0
    ],
    "car_vel": [
      0.0,
      0.0
    ],
    "ball_in_frame": 1
  },
  "8": {
    "img_file": "8.jpg",
    "car_pos": [
      0.0,
      0.0
    ],
    "car_vel": [
      0.0,
      0.0
    ],
    "ball_in_frame": 1
  },
  "9": {
    "img_file": "9.jpg",
    "car_pos": [
      0.0,
      0.0
    ],
    "car_vel": [
      0.0,
      0.0
    ],
    "ball_in_frame": 1
  },
  "ball_trj": {
    "pos": [
      [
        4.997333683252541,
        5.123166220248509,
        5.2466264724082645,
        5.367714439731811,
        5.486430122219146,
        5.602773519870271,
        5.716744632685186,
        5.8283434606638895,
        5.937570003806384,
        6.044424262112666
      ],
      [
        1.201082562291257,
        1.2713878841541832,
        1.3403677598889294,
        1.408022189495496,
        1.4743511729738836,
        1.5393547103240914,
        1.6030328015461195,
        1.6653854466399678,
        1.7264126456056368,
        1.786114398443126
      ]
    ],
    "vel": [
      [
        0.6033387272168438,
        0.5920703742448435,
        0.5808020212728434,
        0.5695336683008433,
        0.558265315328843,
        0.5469969623568429,
        0.5357286093848428,
        0.5244602564128427,
        0.5131919034408423,
        0.5019235504688422
      ],
      [
        0.33709821340332463,
        0.3308023442944715,
        0.3245064751856183,
        0.3182106060767652,
        0.31191473696791205,
        0.3056188678590589,
        0.29932299875020574,
        0.29302712964135263,
        0.2867312605324995,
        0.2804353914236464
      ]
    ]
  }
}