{
  "0": {
    "img_file": "0.jpg",
    "car_pos": [
      0.0,
      0.0
    ],
    "car_vel": [
      0.22215125918526746,
      0.0
    ],
    "ball_in_frame": 1
  },
  "1": {
    "img_file": "1.jpg",
    "car_pos": [
      0.04676868614426684,
      0.0
    ],
    "car_vel": [
      0.22215125918526746,
      0.0
    ],
    "ball_in_frame": 1
  },
  "2": {
    "img_file": "2.jpg",
    "car_pos": [
      0.0935373722885337,
      0.0
    ],
    "car_vel": [
      0.22215125918526746,
      0.0
    ],
    "ball_in_frame": 1
  },
  "3": {
    "img_file": "3.jpg",
    "car_pos": [
      0.1403060584328005,
      0.0
    ],
    "car_vel": [
      0.22215125918526746,
      0.0
    ],
    "ball_in_frame": 1
  },
  "4": {
    "img_file": "4.jpg",
    "car_pos": [
      0.18707474457706733,
      0.0
    ],
    "car_vel": [
      0.22215125918526746,
      0.0
    ],
    "ball_in_frame": 1
  },
  "5": {
    "img_file": "5.jpg",
    "car_pos": [
      0.23384343072133415,
      0.0
    ],
    "car_vel": [
      0.22215125918526746,
      0.0
    ],
    "ball_in_frame": 1
  },
  "6": {
    "img_file": "6.jpg",
    "car_pos": [
      0.280612116865601,
      0.0
    ],
    "car_vel": [
      0.22215125918526746,
      0.0
    ],
    "ball_in_frame": 1
  },
  "7": {
    "img_file": "7.jpg",
    "car_pos": [
      0.3273808030098679,
      0.0
    ],
    "car_vel": [
      0.22215125918526746,
      0.0
    ],
    "ball_in_frame": 1
  },
  "8": {
    "img_file": "8.jpg",
    "car_pos": [
      0.37414948915413476,
      0.0
    ],
    "car_vel": [
      0.22215125918526746,
      0.0
    ],
    "ball_in_frame": 1
  },
  "9": {
    "img_file": "9.jpg",
    "car_pos": [
      0.42091817529840153,
      0.0
    ],
    "car_vel": [
      0.22215125918526746,
      0.0
    ],
    "ball_in_frame": 1
  },
  "ball_trj": {
    "pos": [
      [
        3.5586035500908966,
        3.557318483436262,
        3.5561670799111886,
        3.5551493395156752,
        3.5542652622497224,
        3.5535148481133296,
        3.552898097106498,
        3.5524150092292257,
        3.5520655844815145,
        3.5518498228633635
      ],
      [
        0.2693973613748911,
        0.2433028095791367,
        0.21992242007599072,
        0.19925619286545304,
        0.18130412794752365,
        0.16606622532220267,
        0.1535424849894899,
        0.14373290694938562,
        0.13663749120188956,
        0.13225623774700201
      ]
    ],
    "vel": [
      [
        -0.006421516542217896,
        -0.0057866166768060405,
        -0.005151716811394187,
        -0.004516816945982331,
        -0.0038819170805704734,
        -0.003247017215158618,
        -0.002612117349746765,
        -0.0019772174843349106,
        -0.001342317618923056,
        -0.0007074177535112067
      ],
      [
        -0.13039525647477776,
        -0.11750298558488807,
        -0.10461071469499847,
        -0.09171844380510882,
        -0.07882617291521912,
        -0.06593390202532945,
        -0.053041631135439804,
        -0.04014936024555013,
        -0.02725708935566043,
        -0.014364818465770757
      ]
    ]
  }
}