{
  "0": {
    "img_file": "0.jpg",
    "car_pos": [
      0.0,
      0.0
    ],
    "car_vel": [
      0.0,
      0.0
    ],
    "ball_in_frame": 1
  },
  "1": {
    "img_file": "1.jpg",
    "car_pos": [
      0.0,
      0.0
    ],
    "car_vel": [
      0.0,
      0.0
    ],
    "ball_in_frame": 1
  },
  "2": {
    "img_file": "2.jpg",
    "car_pos": [
      0.0,
      0.0
    ],
    "car_vel": [
      0.0,
      0.0
    ],
    "ball_in_frame": 1
  },
  "3": {
    "img_file": "3.jpg",
    "car_pos": [
      0.0,
      0.0
    ],
    "car_vel": [
      0.0,
      0.0
    ],
    "ball_in_frame": 1
  },
  "4": {
    "img_file": "4.jpg",
    "car_pos": [
      0.0,
      0.0
    ],
    "car_vel": [
      0.0,
      0.0
    ],
    "ball_in_frame": 1
  },
  "5": {
    "img_file": "5.jpg",
    "car_pos": [
      0.0,
      0.0
    ],
    "car_vel": [
      0.0,
      0.0
    ],
    "ball_in_frame": 1
  },
  "6": {
    "img_file": "6.jpg",
    "car_pos": [
      0.0,
      0.0
    ],
    "car_vel": [
      0.0,
      0.0
    ],
    "ball_in_frame": 1
  },
  "7": {
    "img_file": "7.jpg",
    "car_pos": [
      0.0,
      0.0
    ],
    "car_vel": [
      0.0,
      0.0
    ],
    "ball_in_frame": 1
  },
  "8": {
    "img_file": "8.jpg",
    "car_pos": [
      0.0,
      0.0
    ],
    "car_vel": [
      0.0,
      0.0
    ],
    "ball_in_frame": 1
  },
  "9": {
    "img_file": "9.jpg",
    "car_pos": [
      0.0,
      0.0
    ],
    "car_vel": [
      0.0,
      0.0
    ],
    "ball_in_frame": 1
  },
  "ball_trj": {
    "pos": [
      [
        2.827667316817088,
        2.7342045885424695,
        2.6433032243835375,
        2.554963224340293,
        2.4691845884127357,
        2.385967316600865,
        2.3053114089046822,
        2.2272168653241864,
        2.1516836858593775,
        2.078711870510256
      ],
      [
        1.2828166815297726,
        1.3159388921957733,
        1.3481533822826914,
        1.379460151790526,
        1.4098592007192776,
        1.4393505290689461,
        1.4679341368395316,
        1.4956100240310337,
        1.5223781906434528,
        1.548238636676789
      ]
    ],
    "vel": [
      [
        -0.4500311990791963,
        -0.4378647195296822,
        -0.42569823998016815,
        -0.41353176043065415,
        -0.4013652808811401,
        -0.38919880133162604,
        -0.377032321782112,
        -0.36486584223259794,
        -0.3526993626830839,
        -0.3405328831335698
      ],
      [
        0.15948633703882675,
        0.1551746642881819,
        0.1508629915375371,
        0.1465513187868923,
        0.14223964603624745,
        0.1379279732856026,
        0.1336163005349578,
        0.12930462778431298,
        0.12499295503366815,
        0.1206812822830233
      ]
    ]
  }
}