{
  "0": {
    "img_file": "0.jpg",
    "car_pos": [
      0.0,
      0.0
    ],
    "car_vel": [
      0.0,
      0.0
    ],
    "ball_in_frame": 1
  },
  "1": {
    "img_file": "1.jpg",
    "car_pos": [
      0.0,
      0.0
    ],
    "car_vel": [
      0.0,
      0.0
    ],
    "ball_in_frame": 1
  },
  "2": {
    "img_file": "2.jpg",
    "car_pos": [
      0.0,
      0.0
    ],
    "car_vel": [
      0.0,
      0.0
    ],
    "ball_in_frame": 1
  },
  "3": {
    "img_file": "3.jpg",
    "car_pos": [
      0.0,
      0.0
    ],
    "car_vel": [
      0.0,
      0.0
    ],
    "ball_in_frame": 1
  },
  "4": {
    "img_file": "4.jpg",
    "car_pos": [
      0.0,
      0.0
    ],
    "car_vel": [
      0.0,
      0.0
    ],
    "ball_in_frame": 1
  },
  "5": {
    "img_file": "5.jpg",
    "car_pos": [
      0.0,
      0.0
    ],
    "car_vel": [
      0.0,
      0.0
    ],
    "ball_in_frame": 1
  },
  "6": {
    "img_file": "6.jpg",
    "car_pos": [
      0.0,
      0.0
    ],
    "car_vel": [
      0.0,
      0.0
    ],
    "ball_in_frame": 1
  },
  "7": {
    "img_file": "7.jpg",
    "car_pos": [
      0.0,
      0.0
    ],
    "car_vel": [
      0.0,
      0.0
    ],
    "ball_in_frame": 1
  },
  "8": {
    "img_file": "8.jpg",
    "car_pos": [
      0.0,
      0.0
    ],
    "car_vel": [
      0.0,
      0.0
    ],
    "ball_in_frame": 1
  },
  "9": {
    "img_file": "9.jpg",
    "car_pos": [
      0.0,
      0.0
    ],
    "car_vel": [
      0.0,
      0.0
    ],
    "ball_in_frame": 1
  },
  "ball_trj": {
    "pos": [
      [
        2.3558367984541713,
        2.2988233689274993,
        2.2428923901643945,
        2.188043862164856,
        2.134277784928884,
        2.081594158456479,
        2.0299929827476406,
        1.9794742578023685,
        1.930037983620663,
        1.881684160202525
      ],
      [
        -0.5304965704906384,
        -0.6617812984939788,
        -0.7905734689498836,
        -0.9168730818583537,
        -1.040680137219389,
        -1.1619946350329893,
        -1.280816575299155,
        -1.3971459580178853,
        -1.5109827831891816,
        -1.6223270508130414
      ]
    ],
    "vel": [
      [
        -0.2733846108151613,
        -0.2682429696882197,
        -0.2631013285612781,
        -0.2579596874343365,
        -0.2528180463073949,
        -0.24767640518045334,
        -0.24253476405351174,
        -0.23739312292657014,
        -0.23225148179962854,
        -0.22710984067268694
      ],
      [
        -0.6295222821910221,
        -0.6176826338407062,
        -0.6058429854903903,
        -0.5940033371400744,
        -0.5821636887897583,
        -0.5703240404394424,
        -0.5584843920891265,
        -0.5466447437388106,
        -0.5348050953884946,
        -0.5229654470381787
      ]
    ]
  }
}