{
  "0": {
    "img_file": "0.jpg",
    "car_pos": [
      0.0,
      0.0
    ],
    "car_vel": [
      0.0,
      0.0
    ],
    "ball_in_frame": 1
  },
  "1": {
    "img_file": "1.jpg",
    "car_pos": [
      0.0,
      0.0
    ],
    "car_vel": [
      0.0,
      0.0
    ],
    "ball_in_frame": 1
  },
  "2": {
    "img_file": "2.jpg",
    "car_pos": [
      0.0,
      0.0
    ],
    "car_vel": [
      0.0,
      0.0
    ],
    "ball_in_frame": 1
  },
  "3": {
    "img_file": "3.jpg",
    "car_pos": [
      0.0,
      0.0
    ],
    "car_vel": [
      0.0,
      0.0
    ],
    "ball_in_frame": 1
  },
  "4": {
    "img_file": "4.jpg",
    "car_pos": [
      0.0,
      0.0
    ],
    "car_vel": [
      0.0,
      0.0
    ],
    "ball_in_frame": 1
  },
  "5": {
    "img_file": "5.jpg",
    "car_pos": [
      0.0,
      0.0
    ],
    "car_vel": [
      0.0,
      0.0
    ],
    "ball_in_frame": 1
  },
  "6": {
    "img_file": "6.jpg",
    "car_pos": [
      0.0,
      0.0
    ],
    "car_vel": [
      0.0,
      0.0
    ],
    "ball_in_frame": 1
  },
  "7": {
    "img_file": "7.jpg",
    "car_pos": [
      0.0,
      0.0
    ],
    "car_vel": [
      0.0,
      0.0
    ],
    "ball_in_frame": 1
  },
  "8": {
    "img_file": "8.jpg",
    "car_pos": [
      0.0,
      0.0
    ],
    "car_vel": [
      0.0,
      0.0
    ],
    "ball_in_frame": 1
  },
  "9": {
    "img_file": "9.jpg",
    "car_pos": [
      0.0,
      0.0
    ],
    "car_vel": [
      0.0,
      0.0
    ],
    "ball_in_frame": 1
  },
  "ball_trj": {
    "pos": [
      [
        4.881463518282052,
        5.05340972167883,
        5.222793706003368,
        5.389615471255669,
        5.553875017435731,
        5.7155723445435545,
        5.874707452579139,
        6.031280341542486,
        6.185291011433593,
        6.336739462252462
      ],
      [
        -0.1622695994227501,
        -0.22302305747851803,
        -0.2828712110503262,
        -0.3418140601381747,
        -0.39985160474206394,
        -0.4569838448619933,
        -0.5132107804979631,
        -0.5685324116499729,
        -0.6229487383180236,
        -0.6764597605021141
      ]
    ],
    "vel": [
      [
        0.8228297364312603,
        0.8106591958381267,
        0.7984886552449932,
        0.7863181146518596,
        0.774147574058726,
        0.7619770334655925,
        0.749806492872459,
        0.7376359522793254,
        0.7254654116861918,
        0.7132948710930582
      ],
      [
        -0.29072902391430167,
        -0.2864288276154934,
        -0.2821286313166851,
        -0.2778284350178768,
        -0.2735282387190685,
        -0.2692280424202602,
        -0.2649278461214519,
        -0.2606276498226436,
        -0.25632745352383535,
        -0.252027257225027
      ]
    ]
  }
}