{
  "0": {
    "img_file": "0.jpg",
    "car_pos": [
      0.0,
      0.0
    ],
    "car_vel": [
      0.0,
      0.0
    ],
    "ball_in_frame": 1
  },
  "1": {
    "img_file": "1.jpg",
    "car_pos": [
      0.0,
      0.0
    ],
    "car_vel": [
      0.0,
      0.0
    ],
    "ball_in_frame": 1
  },
  "2": {
    "img_file": "2.jpg",
    "car_pos": [
      0.0,
      0.0
    ],
    "car_vel": [
      0.0,
      0.0
    ],
    "ball_in_frame": 1
  },
  "3": {
    "img_file": "3.jpg",
    "car_pos": [
      0.0,
      0.0
    ],
    "car_vel": [
      0.0,
      0.0
    ],
    "ball_in_frame": 1
  },
  "4": {
    "img_file": "4.jpg",
    "car_pos": [
      0.0,
      0.0
    ],
    "car_vel": [
      0.0,
      0.0
    ],
    "ball_in_frame": 1
  },
  "5": {
    "img_file": "5.jpg",
    "car_pos": [
      0.0,
      0.0
    ],
    "car_vel": [
      0.0,
      0.0
    ],
    "ball_in_frame": 1
  },
  "6": {
    "img_file": "6.jpg",
    "car_pos": [
      0.0,
      0.0
    ],
    "car_vel": [
      0.0,
      0.0
    ],
    "ball_in_frame": 1
  },
  "7": {
    "img_file": "7.jpg",
    "car_pos": [
      0.0,
      0.0
    ],
    "car_vel": [
      0.0,
      0.0
    ],
    "ball_in_frame": 1
  },
  "8": {
    "img_file": "8.jpg",
    "car_pos": [
      0.0,
      0.0
    ],
    "car_vel": [
      0.0,
      0.0
    ],
    "ball_in_frame": 1
  },
  "9": {
    "img_file": "9.jpg",
    "car_pos": [
      0.0,
      0.0
    ],
    "car_vel": [
      0.0,
      0.0
    ],
    "ball_in_frame": 1
  },
  "ball_trj": {
    "pos": [
      [
        3.2993896440962156,
        3.242458451835814,
        3.1864844799054097,
        3.131467728305002,
        3.0774081970345906,
        3.024305886094176,
        2.9721607954837586,
        2.920972925203338,
        2.8707422752529137,
        2.821468845632487
      ],
      [
        -2.2024096164185485,
        -2.353672544506168,
        -2.5023921928170694,
        -2.6485685613512535,
        -2.7922016501087197,
        -2.933291459089468,
        -3.0718379882934985,
        -3.2078412377208103,
        -3.3413012073714055,
        -3.4722178972452817
      ]
    ],
    "vel": [
      [
        -0.2726965615206494,
        -0.26814976495316467,
        -0.26360296838567987,
        -0.2590561718181951,
        -0.2545093752507104,
        -0.2499625786832256,
        -0.24541578211574083,
        -0.2408689855482561,
        -0.23632218898077129,
        -0.2317753924132866
      ],
      [
        -0.7245391978858964,
        -0.7124586189464868,
        -0.7003780400070773,
        -0.6882974610676678,
        -0.6762168821282581,
        -0.6641363031888486,
        -0.6520557242494391,
        -0.6399751453100295,
        -0.62789456637062,
        -0.6158139874312106
      ]
    ]
  }
}