{
  "0": {
    "img_file": "0.jpg",
    "car_pos": [
      0.0,
      0.0
    ],
    "car_vel": [
      0.0,
      0.0
    ],
    "ball_in_frame": 1
  },
  "1": {
    "img_file": "1.jpg",
    "car_pos": [
      0.0,
      0.0
    ],
    "car_vel": [
      0.0,
      0.0
    ],
    "ball_in_frame": 1
  },
  "2": {
    "img_file": "2.jpg",
    "car_pos": [
      0.0,
      0.0
    ],
    "car_vel": [
      0.0,
      0.0
    ],
    "ball_in_frame": 1
  },
  "3": {
    "img_file": "3.jpg",
    "car_pos": [
      0.0,
      0.0
    ],
    "car_vel": [
      0.0,
      0.0
    ],
    "ball_in_frame": 1
  },
  "4": {
    "img_file": "4.jpg",
    "car_pos": [
      0.0,
      0.0
    ],
    "car_vel": [
      0.0,
      0.0
    ],
    "ball_in_frame": 1
  },
  "5": {
    "img_file": "5.jpg",
    "car_pos": [
      0.0,
      0.0
    ],
    "car_vel": [
      0.0,
      0.0
    ],
    "ball_in_frame": 1
  },
  "6": {
    "img_file": "6.jpg",
    "car_pos": [
      0.0,
      0.0
    ],
    "car_vel": [
      0.0,
      0.0
    ],
    "ball_in_frame": 1
  },
  "7": {
    "img_file": "7.jpg",
    "car_pos": [
      0.0,
      0.0
    ],
    "car_vel": [
      0.0,
      0.0
    ],
    "ball_in_frame": 1
  },
  "8": {
    "img_file": "8.jpg",
    "car_pos": [
      0.0,
      0.0
    ],
    "car_vel": [
      0.0,
      0.0
    ],
    "ball_in_frame": 1
  },
  "9": {
    "img_file": "9.jpg",
    "car_pos": [
      0.0,
      0.0
    ],
    "car_vel": [
      0.0,
      0.0
    ],
    "ball_in_frame": 1
  },
  "ball_trj": {
    "pos": [
      [
        1.5062029956153626,
        1.441270776254198,
        1.37752565932885,
        1.314967644839319,
        1.2535967327856041,
        1.1934129231677053,
        1.1344162159856233,
        1.0766066112393582,
        1.0199841089289088,
        0.9645487090542766
      ],
      [
        -2.1005042852796576,
        -2.2342109390564135,
        -2.3654731438994214,
        -2.494290899808682,
        -2.6206642067841956,
        -2.7445930648259615,
        -2.8660774739339794,
        -2.9851174341082505,
        -3.101712945348774,
        -3.21586400765555
      ]
    ],
    "vel": [
      [
        -0.31124741025059455,
        -0.30560867368046624,
        -0.2999699371103379,
        -0.29433120054020956,
        -0.28869246397008125,
        -0.28305372739995294,
        -0.27741499082982457,
        -0.27177625425969626,
        -0.26613751768956795,
        -0.26049878111943964
      ],
      [
        -0.6409121716572399,
        -0.629301039221939,
        -0.6176899067866383,
        -0.6060787743513375,
        -0.5944676419160367,
        -0.5828565094807359,
        -0.5712453770454351,
        -0.5596342446101343,
        -0.5480231121748336,
        -0.5364119797395327
      ]
    ]
  }
}