{
  "0": {
    "img_file": "0.jpg",
    "car_pos": [
      0.0,
      0.0
    ],
    "car_vel": [
      0.0,
      0.0
    ],
    "ball_in_frame": 1
  },
  "1": {
    "img_file": "1.jpg",
    "car_pos": [
      0.0,
      0.0
    ],
    "car_vel": [
      0.0,
      0.0
    ],
    "ball_in_frame": 1
  },
  "2": {
    "img_file": "2.jpg",
    "car_pos": [
      0.0,
      0.0
    ],
    "car_vel": [
      0.0,
      0.0
    ],
    "ball_in_frame": 1
  },
  "3": {
    "img_file": "3.jpg",
    "car_pos": [
      0.0,
      0.0
    ],
    "car_vel": [
      0.0,
      0.0
    ],
    "ball_in_frame": 1
  },
  "4": {
    "img_file": "4.jpg",
    "car_pos": [
      0.0,
      0.0
    ],
    "car_vel": [
      0.0,
      0.0
    ],
    "ball_in_frame": 1
  },
  "5": {
    "img_file": "5.jpg",
    "car_pos": [
      0.0,
      0.0
    ],
    "car_vel": [
      0.0,
      0.0
    ],
    "ball_in_frame": 1
  },
  "6": {
    "img_file": "6.jpg",
    "car_pos": [
      0.0,
      0.0
    ],
    "car_vel": [
      0.0,
      0.0
    ],
    "ball_in_frame": 1
  },
  "7": {
    "img_file": "7.jpg",
    "car_pos": [
      0.0,
      0.0
    ],
    "car_vel": [
      0.0,
      0.0
    ],
    "ball_in_frame": 1
  },
  "8": {
    "img_file": "8.jpg",
    "car_pos": [
      0.0,
      0.0
    ],
    "car_vel": [
      0.0,
      0.0
    ],
    "ball_in_frame": 1
  },
  "9": {
    "img_file": "9.jpg",
    "car_pos": [
      0.0,
      0.0
    ],
    "car_vel": [
      0.0,
      0.0
    ],
    "ball_in_frame": 1
  },
  "ball_trj": {
    "pos": [
      [
        3.323912898711131,
        3.3777193770892593,
        3.4303631019145193,
        3.4818440731869114,
        3.5321622909064363,
        3.5813177550730924,
        3.6293104656868813,
        3.676140422747802,
        3.7218076262558544,
        3.7663120762110394
      ],
      [
        1.863330566749085,
        1.9769878442435083,
        2.088188997360357,
        2.1969340260996315,
        2.3032229304613323,
        2.407055710445459,
        2.5084323660520114,
        2.6073528972809896,
        2.703817304132394,
        2.797825586606224
      ]
    ],
    "vel": [
      [
        0.25834231198416974,
        0.2528192326080471,
        0.2472961532319245,
        0.24177307385580188,
        0.23624999447967923,
        0.23072691510355658,
        0.22520383572743397,
        0.21968075635131132,
        0.21415767697518867,
        0.20863459759906602
      ],
      [
        0.5457053634952476,
        0.5340387727017705,
        0.5223721819082933,
        0.5107055911148162,
        0.4990390003213391,
        0.487372409527862,
        0.47570581873438483,
        0.46403922794090774,
        0.4523726371474306,
        0.44070604635395344
      ]
    ]
  }
}