{
  "0": {
    "img_file": "0.jpg",
    "car_pos": [
      0.0,
      0.0
    ],
    "car_vel": [
      0.5497000863699038,
      0.0
    ],
    "ball_in_frame": 1
  },
  "1": {
    "img_file": "1.jpg",
    "car_pos": [
      0.11572633397261133,
      0.0
    ],
    "car_vel": [
      0.5497000863699038,
      0.0
    ],
    "ball_in_frame": 1
  },
  "2": {
    "img_file": "2.jpg",
    "car_pos": [
      0.2314526679452226,
      0.0
    ],
    "car_vel": [
      0.5497000863699038,
      0.0
    ],
    "ball_in_frame": 1
  },
  "3": {
    "img_file": "3.jpg",
    "car_pos": [
      0.3471790019178339,
      0.0
    ],
    "car_vel": [
      0.5497000863699038,
      0.0
    ],
    "ball_in_frame": 1
  },
  "4": {
    "img_file": "4.jpg",
    "car_pos": [
      0.46290533589044525,
      0.0
    ],
    "car_vel": [
      0.5497000863699038,
      0.0
    ],
    "ball_in_frame": 1
  },
  "5": {
    "img_file": "5.jpg",
    "car_pos": [
      0.5786316698630565,
      0.0
    ],
    "car_vel": [
      0.5497000863699038,
      0.0
    ],
    "ball_in_frame": 1
  },
  "6": {
    "img_file": "6.jpg",
    "car_pos": [
      0.6943580038356678,
      0.0
    ],
    "car_vel": [
      0.5497000863699038,
      0.0
    ],
    "ball_in_frame": 1
  },
  "7": {
    "img_file": "7.jpg",
    "car_pos": [
      0.8100843378082792,
      0.0
    ],
    "car_vel": [
      0.5497000863699038,
      0.0
    ],
    "ball_in_frame": 1
  },
  "8": {
    "img_file": "8.jpg",
    "car_pos": [
      0.9258106717808905,
      0.0
    ],
    "car_vel": [
      0.5497000863699038,
      0.0
    ],
    "ball_in_frame": 1
  },
  "9": {
    "img_file": "9.jpg",
    "car_pos": [
      1.041537005753502,
      0.0
    ],
    "car_vel": [
      0.5497000863699038,
      0.0
    ],
    "ball_in_frame": 1
  },
  "ball_trj": {
    "pos": [
      [
        2.229708973429567,
        2.189458765874668,
        2.150100256121378,
        2.1116334441696973,
        2.0740583300196263,
        2.0373749136711643,
        2.0015831951243124,
        1.9666831743790691,
        1.9326748514354355,
        1.8995582262934114
      ],
      [
        -0.42658527389471645,
        -0.5424560593868224,
        -0.6557598587446793,
        -0.7664966719682871,
        -0.8746664990576469,
        -0.9802693400127571,
        -1.083305194833619,
        -1.1837740635202312,
        -1.2816759460725953,
        -1.3770108424907106
      ]
    ],
    "vel": [
      [
        -0.1933062681645939,
        -0.18907070360694925,
        -0.1848351390493046,
        -0.18059957449165998,
        -0.17636400993401535,
        -0.1721284453763707,
        -0.16789288081872605,
        -0.16365731626108143,
        -0.15942175170343675,
        -0.15518618714579213
      ],
      [
        -0.5564828231563433,
        -0.5442896390186613,
        -0.5320964548809792,
        -0.5199032707432972,
        -0.5077100866056152,
        -0.4955169024679331,
        -0.4833237183302511,
        -0.47113053419256906,
        -0.458937350054887,
        -0.446744165917205
      ]
    ]
  }
}