{
  "0": {
    "img_file": "0.jpg",
    "car_pos": [
      0.0,
      0.0
    ],
    "car_vel": [
      0.0,
      0.0
    ],
    "ball_in_frame": 1
  },
  "1": {
    "img_file": "1.jpg",
    "car_pos": [
      0.0,
      0.0
    ],
    "car_vel": [
      0.0,
      0.0
    ],
    "ball_in_frame": 1
  },
  "2": {
    "img_file": "2.jpg",
    "car_pos": [
      0.0,
      0.0
    ],
    "car_vel": [
      0.0,
      0.0
    ],
    "ball_in_frame": 1
  },
  "3": {
    "img_file": "3.jpg",
    "car_pos": [
      0.0,
      0.0
    ],
    "car_vel": [
      0.0,
      0.0
    ],
    "ball_in_frame": 1
  },
  "4": {
    "img_file": "4.jpg",
    "car_pos": [
      0.0,
      0.0
    ],
    "car_vel": [
      0.0,
      0.0
    ],
    "ball_in_frame": 1
  },
  "5": {
    "img_file": "5.jpg",
    "car_pos": [
      0.0,
      0.0
    ],
    "car_vel": [
      0.0,
      0.0
    ],
    "ball_in_frame": 1
  },
  "6": {
    "img_file": "6.jpg",
    "car_pos": [
      0.0,
      0.0
    ],
    "car_vel": [
      0.0,
      0.0
    ],
    "ball_in_frame": 1
  },
  "7": {
    "img_file": "7.jpg",
    "car_pos": [
      0.0,
      0.0
    ],
    "car_vel": [
      0.0,
      0.0
    ],
    "ball_in_frame": 1
  },
  "8": {
    "img_file": "8.jpg",
    "car_pos": [
      0.0,
      0.0
    ],
    "car_vel": [
      0.0,
      0.0
    ],
    "ball_in_frame": 1
  },
  "9": {
    "img_file": "9.jpg",
    "car_pos": [
      0.0,
      0.0
    ],
    "car_vel": [
      0.0,
      0.0
    ],
    "ball_in_frame": 1
  },
  "ball_trj": {
    "pos": [
      [
        2.302167768714738,
        2.1856584176256444,
        2.0712033606338593,
        1.9588025977393821,
        1.848456128942213,
        1.7401639542423528,
        1.6339260736398005,
        1.5297424871345566,
        1.4276131947266206,
        1.327538196415994
      ],
      [
        1.5439899315554917,
        1.6448792354683215,
        1.74398965811907,
        1.841321199507737,
        1.9368738596343222,
        2.0306476384988263,
        2.122642536101248,
        2.2128585524415887,
        2.301295687519848,
        2.3879539413360256
      ]
    ],
    "vel": [
      [
        -0.5582983661543023,
        -0.5485404691920877,
        -0.538782572229873,
        -0.5290246752676584,
        -0.5192667783054438,
        -0.5095088813432291,
        -0.49975098438101456,
        -0.4899930874187999,
        -0.48023519045658525,
        -0.4704772934943706
      ],
      [
        0.4834490365833861,
        0.47499935058849857,
        0.466549664593611,
        0.4580999785987235,
        0.44965029260383593,
        0.44120060660894833,
        0.43275092061406084,
        0.42430123461917324,
        0.41585154862428564,
        0.40740186262939815
      ]
    ]
  }
}