{
  "0": {
    "img_file": "0.jpg",
    "car_pos": [
      0.0,
      0.0
    ],
    "car_vel": [
      0.0,
      0.0
    ],
    "ball_in_frame": 1
  },
  "1": {
    "img_file": "1.jpg",
    "car_pos": [
      0.0,
      0.0
    ],
    "car_vel": [
      0.0,
      0.0
    ],
    "ball_in_frame": 1
  },
  "2": {
    "img_file": "2.jpg",
    "car_pos": [
      0.0,
      0.0
    ],
    "car_vel": [
      0.0,
      0.0
    ],
    "ball_in_frame": 1
  },
  "3": {
    "img_file": "3.jpg",
    "car_pos": [
      0.0,
      0.0
    ],
    "car_vel": [
      0.0,
      0.0
    ],
    "ball_in_frame": 1
  },
  "4": {
    "img_file": "4.jpg",
    "car_pos": [
      0.0,
      0.0
    ],
    "car_vel": [
      0.0,
      0.0
    ],
    "ball_in_frame": 1
  },
  "5": {
    "img_file": "5.jpg",
    "car_pos": [
      0.0,
      0.0
    ],
    "car_vel": [
      0.0,
      0.0
    ],
    "ball_in_frame": 1
  },
  "6": {
    "img_file": "6.jpg",
    "car_pos": [
      0.0,
      0.0
    ],
    "car_vel": [
      0.0,
      0.0
    ],
    "ball_in_frame": 1
  },
  "7": {
    "img_file": "7.jpg",
    "car_pos": [
      0.0,
      0.0
    ],
    "car_vel": [
      0.0,
      0.0
    ],
    "ball_in_frame": 1
  },
  "8": {
    "img_file": "8.jpg",
    "car_pos": [
      0.0,
      0.0
    ],
    "car_vel": [
      0.0,
      0.0
    ],
    "ball_in_frame": 1
  },
  "9": {
    "img_file": "9.jpg",
    "car_pos": [
      0.0,
      0.0
    ],
    "car_vel": [
      0.0,
      0.0
    ],
    "ball_in_frame": 1
  },
  "ball_trj": {
    "pos": [
      [
        0.9016017083239434,
        0.7574881352193072,
        0.6159263702959499,
        0.4769164135538715,
        0.3404582649930714,
        0.20655192461355032,
        0.07519739241530798,
        -0.05360533160165604,
        -0.17985624743734085,
        -0.3035553550917478
      ],
      [
        0.2321733576938737,
        0.17941167289759874,
        0.1275842352788844,
        0.07669104483773093,
        0.026732101574137968,
        -0.02229259451189458,
        -0.07038304342036628,
        -0.11753924515127745,
        -0.16376119970462788,
        -0.209048907080418
      ]
    ],
    "vel": [
      [
        -0.6906000166775573,
        -0.6784789278164836,
        -0.6663578389554097,
        -0.6542367500943359,
        -0.6421156612332621,
        -0.6299945723721883,
        -0.6178734835111144,
        -0.6057523946500406,
        -0.5936313057889668,
        -0.581510216927893
      ],
      [
        -0.2528368398290119,
        -0.24839916573559892,
        -0.24396149164218597,
        -0.23952381754877305,
        -0.2350861434553601,
        -0.23064846936194713,
        -0.2262107952685342,
        -0.22177312117512127,
        -0.21733544708170832,
        -0.21289777298829532
      ]
    ]
  }
}