{
  "0": {
    "img_file": "0.jpg",
    "car_pos": [
      0.0,
      0.0
    ],
    "car_vel": [
      0.0,
      0.0
    ],
    "ball_in_frame": 1
  },
  "1": {
    "img_file": "1.jpg",
    "car_pos": [
      0.0,
      0.0
    ],
    "car_vel": [
      0.0,
      0.0
    ],
    "ball_in_frame": 1
  },
  "2": {
    "img_file": "2.jpg",
    "car_pos": [
      0.0,
      0.0
    ],
    "car_vel": [
      0.0,
      0.0
    ],
    "ball_in_frame": 1
  },
  "3": {
    "img_file": "3.jpg",
    "car_pos": [
      0.0,
      0.0
    ],
    "car_vel": [
      0.0,
      0.0
    ],
    "ball_in_frame": 1
  },
  "4": {
    "img_file": "4.jpg",
    "car_pos": [
      0.0,
      0.0
    ],
    "car_vel": [
      0.0,
      0.0
    ],
    "ball_in_frame": 1
  },
  "5": {
    "img_file": "5.jpg",
    "car_pos": [
      0.0,
      0.0
    ],
    "car_vel": [
      0.0,
      0.0
    ],
    "ball_in_frame": 1
  },
  "6": {
    "img_file": "6.jpg",
    "car_pos": [
      0.0,
      0.0
    ],
    "car_vel": [
      0.0,
      0.0
    ],
    "ball_in_frame": 1
  },
  "7": {
    "img_file": "7.jpg",
    "car_pos": [
      0.0,
      0.0
    ],
    "car_vel": [
      0.0,
      0.0
    ],
    "ball_in_frame": 1
  },
  "8": {
    "img_file": "8.jpg",
    "car_pos": [
      0.0,
      0.0
    ],
    "car_vel": [
      0.0,
      0.0
    ],
    "ball_in_frame": 1
  },
  "9": {
    "img_file": "9.jpg",
    "car_pos": [
      0.0,
      0.0
    ],
    "car_vel": [
      0.0,
      0.0
    ],
    "ball_in_frame": 1
  },
  "ball_trj": {
    "pos": [
      [
        2.3040770360625267,
        2.1726645459516662,
        2.043789926268757,
        1.9174531770138,
        1.7936542981867942,
        1.67239328978774,
        1.5536701518166385,
        1.4374848842734882,
        1.3238374871582894,
        1.2127279604710428
      ],
      [
        -0.731592840066378,
        -0.7818962205386839,
        -0.8312281297176678,
        -0.8795885676033297,
        -0.9269775341956696,
        -0.9733950294946874,
        -1.0188410535003831,
        -1.0633156062127564,
        -1.106818687631808,
        -1.1493502977575376
      ]
    ],
    "vel": [
      [
        -0.6302367702929742,
        -0.6181818857602033,
        -0.6061270012274325,
        -0.5940721166946616,
        -0.5820172321618907,
        -0.5699623476291199,
        -0.5579074630963491,
        -0.5458525785635782,
        -0.5337976940308073,
        -0.5217428094980364
      ],
      [
        -0.24124830156509317,
        -0.23663381292181335,
        -0.2320193242785335,
        -0.22740483563525368,
        -0.22279034699197386,
        -0.21817585834869402,
        -0.21356136970541423,
        -0.20894688106213438,
        -0.20433239241885456,
        -0.19971790377557475
      ]
    ]
  }
}