{
  "0": {
    "img_file": "0.jpg",
    "car_pos": [
      0.0,
      0.0
    ],
    "car_vel": [
      0.0,
      0.0
    ],
    "ball_in_frame": 1
  },
  "1": {
    "img_file": "1.jpg",
    "car_pos": [
      0.0,
      0.0
    ],
    "car_vel": [
      0.0,
      0.0
    ],
    "ball_in_frame": 1
  },
  "2": {
    "img_file": "2.jpg",
    "car_pos": [
      0.0,
      0.0
    ],
    "car_vel": [
      0.0,
      0.0
    ],
    "ball_in_frame": 1
  },
  "3": {
    "img_file": "3.jpg",
    "car_pos": [
      0.0,
      0.0
    ],
    "car_vel": [
      0.0,
      0.0
    ],
    "ball_in_frame": 1
  },
  "4": {
    "img_file": "4.jpg",
    "car_pos": [
      0.0,
      0.0
    ],
    "car_vel": [
      0.0,
      0.0
    ],
    "ball_in_frame": 1
  },
  "5": {
    "img_file": "5.jpg",
    "car_pos": [
      0.0,
      0.0
    ],
    "car_vel": [
      0.0,
      0.0
    ],
    "ball_in_frame": 1
  },
  "6": {
    "img_file": "6.jpg",
    "car_pos": [
      0.0,
      0.0
    ],
    "car_vel": [
      0.0,
      0.0
    ],
    "ball_in_frame": 1
  },
  "7": {
    "img_file": "7.jpg",
    "car_pos": [
      0.0,
      0.0
    ],
    "car_vel": [
      0.0,
      0.0
    ],
    "ball_in_frame": 1
  },
  "8": {
    "img_file": "8.jpg",
    "car_pos": [
      0.0,
      0.0
    ],
    "car_vel": [
      0.0,
      0.0
    ],
    "ball_in_frame": 1
  },
  "9": {
    "img_file": "9.jpg",
    "car_pos": [
      0.0,
      0.0
    ],
    "car_vel": [
      0.0,
      0.0
    ],
    "ball_in_frame": 1
  },
  "ball_trj": {
    "pos": [
      [
        2.396581333985413,
        2.4043321136336755,
        2.4115094295046733,
        2.4181132815984063,
        2.424143669914874,
        2.429600594454077,
        2.4344840552160147,
        2.438794052200688,
        2.442530585408096,
        2.445693654838239
      ],
      [
        1.1230570484417508,
        1.1589582431508407,
        1.1922031844685943,
        1.2227918723950113,
        1.2507243069300922,
        1.2760004880738367,
        1.2986204158262447,
        1.3185840901873165,
        1.3358915111570517,
        1.3505426787354509
      ]
    ],
    "vel": [
      [
        0.03817817980025176,
        0.035454226858243315,
        0.032730273916234884,
        0.030006320974226442,
        0.027282368032217993,
        0.024558415090209555,
        0.021834462148201117,
        0.019110509206192665,
        0.016386556264184234,
        0.013662603322175788
      ],
      [
        0.1768392766726005,
        0.16422207306375275,
        0.15160486945490506,
        0.13898766584605735,
        0.12637046223720957,
        0.11375325862836186,
        0.10113605501951414,
        0.08851885141066643,
        0.07590164780181868,
        0.06328444419297094
      ]
    ]
  }
}