{
  "0": {
    "img_file": "0.jpg",
    "car_pos": [
      0.0,
      0.0
    ],
    "car_vel": [
      0.04393156195173087,
      0.0
    ],
    "ball_in_frame": 1
  },
  "1": {
    "img_file": "1.jpg",
    "car_pos": [
      0.00924874988457492,
      0.0
    ],
    "car_vel": [
      0.04393156195173087,
      0.0
    ],
    "ball_in_frame": 1
  },
  "2": {
    "img_file": "2.jpg",
    "car_pos": [
      0.01849749976914984,
      0.0
    ],
    "car_vel": [
      0.04393156195173087,
      0.0
    ],
    "ball_in_frame": 1
  },
  "3": {
    "img_file": "3.jpg",
    "car_pos": [
      0.02774624965372477,
      0.0
    ],
    "car_vel": [
      0.04393156195173087,
      0.0
    ],
    "ball_in_frame": 1
  },
  "4": {
    "img_file": "4.jpg",
    "car_pos": [
      0.03699499953829967,
      0.0
    ],
    "car_vel": [
      0.04393156195173087,
      0.0
    ],
    "ball_in_frame": 1
  },
  "5": {
    "img_file": "5.jpg",
    "car_pos": [
      0.0462437494228746,
      0.0
    ],
    "car_vel": [
      0.04393156195173087,
      0.0
    ],
    "ball_in_frame": 1
  },
  "6": {
    "img_file": "6.jpg",
    "car_pos": [
      0.05549249930744951,
      0.0
    ],
    "car_vel": [
      0.04393156195173087,
      0.0
    ],
    "ball_in_frame": 1
  },
  "7": {
    "img_file": "7.jpg",
    "car_pos": [
      0.06474124919202442,
      0.0
    ],
    "car_vel": [
      0.04393156195173087,
      0.0
    ],
    "ball_in_frame": 1
  },
  "8": {
    "img_file": "8.jpg",
    "car_pos": [
      0.07398999907659935,
      0.0
    ],
    "car_vel": [
      0.04393156195173087,
      0.0
    ],
    "ball_in_frame": 1
  },
  "9": {
    "img_file": "9.jpg",
    "car_pos": [
      0.08323874896117428,
      0.0
    ],
    "car_vel": [
      0.04393156195173087,
      0.0
    ],
    "ball_in_frame": 1
  },
  "ball_trj": {
    "pos": [
      [
        3.503853182756494,
        3.4801452816711453,
        3.4568353560018394,
        3.4339234057485752,
        3.4114094309113527,
        3.3892934314901724,
        3.3675754074850337,
        3.346255358895937,
        3.3253332857228832,
        3.3048091879658705
      ],
      [
        1.839870384272425,
        2.000006982404442,
        2.157455429061737,
        2.312215724244311,
        2.464287867952164,
        2.613671860185295,
        2.7603677009437044,
        2.904375390227392,
        3.0456949280363577,
        3.184326314370603
      ]
    ],
    "vel": [
      [
        -0.11355772176850301,
        -0.11166733854230385,
        -0.10977695531610467,
        -0.1078865720899055,
        -0.10599618886370632,
        -0.10410580563750714,
        -0.10221542241130796,
        -0.1003250391851088,
        -0.09843465595890966,
        -0.09654427273271048
      ],
      [
        0.7670332008795425,
        0.7542644813746157,
        0.7414957618696888,
        0.7287270423647618,
        0.7159583228598349,
        0.703189603354908,
        0.690420883849981,
        0.6776521643450542,
        0.6648834448401273,
        0.6521147253352004
      ]
    ]
  }
}