{
  "0": {
    "img_file": "0.jpg",
    "car_pos": [
      0.0,
      0.0
    ],
    "car_vel": [
      0.5534324396957858,
      0.0
    ],
    "ball_in_frame": 1
  },
  "1": {
    "img_file": "1.jpg",
    "car_pos": [
      0.11651209256753388,
      0.0
    ],
    "car_vel": [
      0.5534324396957858,
      0.0
    ],
    "ball_in_frame": 1
  },
  "2": {
    "img_file": "2.jpg",
    "car_pos": [
      0.2330241851350677,
      0.0
    ],
    "car_vel": [
      0.5534324396957858,
      0.0
    ],
    "ball_in_frame": 1
  },
  "3": {
    "img_file": "3.jpg",
    "car_pos": [
      0.34953627770260154,
      0.0
    ],
    "car_vel": [
      0.5534324396957858,
      0.0
    ],
    "ball_in_frame": 1
  },
  "4": {
    "img_file": "4.jpg",
    "car_pos": [
      0.4660483702701354,
      0.0
    ],
    "car_vel": [
      0.5534324396957858,
      0.0
    ],
    "ball_in_frame": 1
  },
  "5": {
    "img_file": "5.jpg",
    "car_pos": [
      0.5825604628376693,
      0.0
    ],
    "car_vel": [
      0.5534324396957858,
      0.0
    ],
    "ball_in_frame": 1
  },
  "6": {
    "img_file": "6.jpg",
    "car_pos": [
      0.6990725554052032,
      0.0
    ],
    "car_vel": [
      0.5534324396957858,
      0.0
    ],
    "ball_in_frame": 1
  },
  "7": {
    "img_file": "7.jpg",
    "car_pos": [
      0.815584647972737,
      0.0
    ],
    "car_vel": [
      0.5534324396957858,
      0.0
    ],
    "ball_in_frame": 1
  },
  "8": {
    "img_file": "8.jpg",
    "car_pos": [
      0.9320967405402709,
      0.0
    ],
    "car_vel": [
      0.5534324396957858,
      0.0
    ],
    "ball_in_frame": 1
  },
  "9": {
    "img_file": "9.jpg",
    "car_pos": [
      1.0486088331078047,
      0.0
    ],
    "car_vel": [
      0.5534324396957858,
      0.0
    ],
    "ball_in_frame": 1
  },
  "ball_trj": {
    "pos": [
      [
        3.477686064699873,
        3.501250931609791,
        3.524416714231083,
        3.5471834125637502,
        3.569551026607792,
        3.591519556363209,
        3.6130890018300006,
        3.634259363008167,
        3.6550306398977086,
        3.6754028324986243
      ],
      [
        1.4336819006304982,
        1.5924003956319106,
        1.7484309035586898,
        1.901773424410837,
        2.0524279581883507,
        2.2003945048912317,
        2.3456730645194797,
        2.488263637073094,
        2.628166222552077,
        2.765380820956427
      ]
    ],
    "vel": [
      [
        0.11288094300759366,
        0.11098529263662392,
        0.10908964226565418,
        0.10719399189468443,
        0.10529834152371469,
        0.10340269115274493,
        0.10150704078177519,
        0.09961139041080545,
        0.09771574003983571,
        0.09582008966886596
      ],
      [
        0.7602968205589619,
        0.7475288819544557,
        0.7347609433499496,
        0.7219930047454434,
        0.7092250661409372,
        0.6964571275364311,
        0.683689188931925,
        0.6709212503274189,
        0.6581533117229127,
        0.6453853731184066
      ]
    ]
  }
}