{
  "0": {
    "img_file": "0.jpg",
    "car_pos": [
      0.0,
      0.0
    ],
    "car_vel": [
      0.09371995493775742,
      0.0
    ],
    "ball_in_frame": 1
  },
  "1": {
    "img_file": "1.jpg",
    "car_pos": [
      0.01973051682900156,
      0.0
    ],
    "car_vel": [
      0.09371995493775742,
      0.0
    ],
    "ball_in_frame": 1
  },
  "2": {
    "img_file": "2.jpg",
    "car_pos": [
      0.03946103365800311,
      0.0
    ],
    "car_vel": [
      0.09371995493775742,
      0.0
    ],
    "ball_in_frame": 1
  },
  "3": {
    "img_file": "3.jpg",
    "car_pos": [
      0.05919155048700468,
      0.0
    ],
    "car_vel": [
      0.09371995493775742,
      0.0
    ],
    "ball_in_frame": 1
  },
  "4": {
    "img_file": "4.jpg",
    "car_pos": [
      0.07892206731600623,
      0.0
    ],
    "car_vel": [
      0.09371995493775742,
      0.0
    ],
    "ball_in_frame": 1
  },
  "5": {
    "img_file": "5.jpg",
    "car_pos": [
      0.0986525841450078,
      0.0
    ],
    "car_vel": [
      0.09371995493775742,
      0.0
    ],
    "ball_in_frame": 1
  },
  "6": {
    "img_file": "6.jpg",
    "car_pos": [
      0.11838310097400936,
      0.0
    ],
    "car_vel": [
      0.09371995493775742,
      0.0
    ],
    "ball_in_frame": 1
  },
  "7": {
    "img_file": "7.jpg",
    "car_pos": [
      0.13811361780301093,
      0.0
    ],
    "car_vel": [
      0.09371995493775742,
      0.0
    ],
    "ball_in_frame": 1
  },
  "8": {
    "img_file": "8.jpg",
    "car_pos": [
      0.1578441346320125,
      0.0
    ],
    "car_vel": [
      0.09371995493775742,
      0.0
    ],
    "ball_in_frame": 1
  },
  "9": {
    "img_file": "9.jpg",
    "car_pos": [
      0.17757465146101406,
      0.0
    ],
    "car_vel": [
      0.09371995493775742,
      0.0
    ],
    "ball_in_frame": 1
  },
  "ball_trj": {
    "pos": [
      [
        4.402651858853322,
        4.5255878363227655,
        4.6467242078197,
        4.766060973344129,
        4.883598132896051,
        4.999335686475465,
        5.113273634082372,
        5.225411975716772,
        5.335750711378664,
        5.44428984106805
      ],
      [
        0.5137939993139686,
        0.6528898534575551,
        0.7899495442662052,
        0.9249730717399194,
        1.0579604358786978,
        1.1889116366825407,
        1.317826674151447,
        1.444705548285418,
        1.5695482590844525,
        1.692354806548552
      ]
    ],
    "vel": [
      [
        0.5882199571645585,
        0.5796718287951493,
        0.5711237004257401,
        0.562575572056331,
        0.5540274436869218,
        0.5454793153175126,
        0.5369311869481035,
        0.5283830585786944,
        0.5198349302092852,
        0.511286801839876
      ],
      [
        0.6655411951025073,
        0.6558694192615617,
        0.6461976434206161,
        0.6365258675796706,
        0.626854091738725,
        0.6171823158977794,
        0.6075105400568337,
        0.5978387642158881,
        0.5881669883749425,
        0.5784952125339969
      ]
    ]
  }
}