{
  "0": {
    "img_file": "0.jpg",
    "car_pos": [
      0.0,
      0.0
    ],
    "car_vel": [
      0.0,
      0.0
    ],
    "ball_in_frame": 1
  },
  "1": {
    "img_file": "1.jpg",
    "car_pos": [
      0.0,
      0.0
    ],
    "car_vel": [
      0.0,
      0.0
    ],
    "ball_in_frame": 1
  },
  "2": {
    "img_file": "2.jpg",
    "car_pos": [
      0.0,
      0.0
    ],
    "car_vel": [
      0.0,
      0.0
    ],
    "ball_in_frame": 1
  },
  "3": {
    "img_file": "3.jpg",
    "car_pos": [
      0.0,
      0.0
    ],
    "car_vel": [
      0.0,
      0.0
    ],
    "ball_in_frame": 1
  },
  "4": {
    "img_file": "4.jpg",
    "car_pos": [
      0.0,
      0.0
    ],
    "car_vel": [
      0.0,
      0.0
    ],
    "ball_in_frame": 1
  },
  "5": {
    "img_file": "5.jpg",
    "car_pos": [
      0.0,
      0.0
    ],
    "car_vel": [
      0.0,
      0.0
    ],
    "ball_in_frame": 1
  },
  "6": {
    "img_file": "6.jpg",
    "car_pos": [
      0.0,
      0.0
    ],
    "car_vel": [
      0.0,
      0.0
    ],
    "ball_in_frame": 1
  },
  "7": {
    "img_file": "7.jpg",
    "car_pos": [
      0.0,
      0.0
    ],
    "car_vel": [
      0.0,
      0.0
    ],
    "ball_in_frame": 1
  },
  "8": {
    "img_file": "8.jpg",
    "car_pos": [
      0.0,
      0.0
    ],
    "car_vel": [
      0.0,
      0.0
    ],
    "ball_in_frame": 1
  },
  "9": {
    "img_file": "9.jpg",
    "car_pos": [
      0.0,
      0.0
    ],
    "car_vel": [
      0.0,
      0.0
    ],
    "ball_in_frame": 1
  },
  "ball_trj": {
    "pos": [
      [
        2.7229594000065793,
        2.691528824886597,
        2.661710512375867,
        2.633504462474389,
        2.6069106751821622,
        2.581929150499188,
        2.5585598884254654,
        2.536802888960995,
        2.516658152105776,
        2.498125677859809
      ],
      [
        0.5603363485383421,
        0.6029809850824148,
        0.6434381225838295,
        0.6817077610425863,
        0.7177899004586855,
        0.7516845408321268,
        0.7833916821629102,
        0.8129113244510355,
        0.8402434676965033,
        0.8653881118993132
      ]
    ],
    "vel": [
      [
        -0.1531243555168884,
        -0.1454661081229417,
        -0.13780786072899504,
        -0.1301496133350484,
        -0.12249136594110172,
        -0.11483311854715503,
        -0.10717487115320838,
        -0.09951662375926175,
        -0.09185837636531505,
        -0.08420012897136839
      ],
      [
        0.2077573338106571,
        0.1973667133580323,
        0.18697609290540748,
        0.1765854724527827,
        0.16619485200015788,
        0.15580423154753303,
        0.14541361109490825,
        0.13502299064228343,
        0.12463237018965859,
        0.1142417497370338
      ]
    ]
  }
}