{
  "0": {
    "img_file": "0.jpg",
    "car_pos": [
      0.0,
      0.0
    ],
    "car_vel": [
      0.0,
      0.0
    ],
    "ball_in_frame": 1
  },
  "1": {
    "img_file": "1.jpg",
    "car_pos": [
      0.0,
      0.0
    ],
    "car_vel": [
      0.0,
      0.0
    ],
    "ball_in_frame": 1
  },
  "2": {
    "img_file": "2.jpg",
    "car_pos": [
      0.0,
      0.0
    ],
    "car_vel": [
      0.0,
      0.0
    ],
    "ball_in_frame": 1
  },
  "3": {
    "img_file": "3.jpg",
    "car_pos": [
      0.0,
      0.0
    ],
    "car_vel": [
      0.0,
      0.0
    ],
    "ball_in_frame": 1
  },
  "4": {
    "img_file": "4.jpg",
    "car_pos": [
      0.0,
      0.0
    ],
    "car_vel": [
      0.0,
      0.0
    ],
    "ball_in_frame": 1
  },
  "5": {
    "img_file": "5.jpg",
    "car_pos": [
      0.0,
      0.0
    ],
    "car_vel": [
      0.0,
      0.0
    ],
    "ball_in_frame": 1
  },
  "6": {
    "img_file": "6.jpg",
    "car_pos": [
      0.0,
      0.0
    ],
    "car_vel": [
      0.0,
      0.0
    ],
    "ball_in_frame": 1
  },
  "7": {
    "img_file": "7.jpg",
    "car_pos": [
      0.0,
      0.0
    ],
    "car_vel": [
      0.0,
      0.0
    ],
    "ball_in_frame": 1
  },
  "8": {
    "img_file": "8.jpg",
    "car_pos": [
      0.0,
      0.0
    ],
    "car_vel": [
      0.0,
      0.0
    ],
    "ball_in_frame": 1
  },
  "9": {
    "img_file": "9.jpg",
    "car_pos": [
      0.0,
      0.0
    ],
    "car_vel": [
      0.0,
      0.0
    ],
    "ball_in_frame": 1
  },
  "ball_trj": {
    "pos": [
      [
        3.2031002258463963,
        3.177396377404233,
        3.1522045453522214,
        3.127524729690361,
        3.103356930418652,
        3.0797011475370946,
        3.056557381045688,
        3.033925630944433,
        3.0118058972333297,
        2.9901981799123774
      ],
      [
        -1.6585578323880776,
        -1.7925338053893307,
        -1.9238409992691432,
        -2.0524794140275153,
        -2.178449049664447,
        -2.301749906179938,
        -2.422381983573988,
        -2.5403452818465975,
        -2.655639800997767,
        -2.7682655410274926
      ]
    ],
    "vel": [
      [
        -0.12330931902688404,
        -0.12087724117366505,
        -0.11844516332044608,
        -0.11601308546722709,
        -0.11358100761400809,
        -0.1111489297607891,
        -0.10871685190757013,
        -0.10628477405435113,
        -0.10385269620113216,
        -0.10142061834791323
      ],
      [
        -0.6427242221693727,
        -0.63004752134253,
        -0.617370820515687,
        -0.6046941196888442,
        -0.5920174188620013,
        -0.5793407180351584,
        -0.5666640172083157,
        -0.5539873163814728,
        -0.5413106155546299,
        -0.5286339147277872
      ]
    ]
  }
}