{
  "0": {
    "img_file": "0.jpg",
    "car_pos": [
      0.0,
      0.0
    ],
    "car_vel": [
      0.1024213764848162,
      0.0
    ],
    "ball_in_frame": 1
  },
  "1": {
    "img_file": "1.jpg",
    "car_pos": [
      0.02156239504943499,
      0.0
    ],
    "car_vel": [
      0.1024213764848162,
      0.0
    ],
    "ball_in_frame": 1
  },
  "2": {
    "img_file": "2.jpg",
    "car_pos": [
      0.04312479009886999,
      0.0
    ],
    "car_vel": [
      0.1024213764848162,
      0.0
    ],
    "ball_in_frame": 1
  },
  "3": {
    "img_file": "3.jpg",
    "car_pos": [
      0.06468718514830497,
      0.0
    ],
    "car_vel": [
      0.1024213764848162,
      0.0
    ],
    "ball_in_frame": 1
  },
  "4": {
    "img_file": "4.jpg",
    "car_pos": [
      0.08624958019773996,
      0.0
    ],
    "car_vel": [
      0.1024213764848162,
      0.0
    ],
    "ball_in_frame": 1
  },
  "5": {
    "img_file": "5.jpg",
    "car_pos": [
      0.10781197524717495,
      0.0
    ],
    "car_vel": [
      0.1024213764848162,
      0.0
    ],
    "ball_in_frame": 1
  },
  "6": {
    "img_file": "6.jpg",
    "car_pos": [
      0.12937437029660992,
      0.0
    ],
    "car_vel": [
      0.1024213764848162,
      0.0
    ],
    "ball_in_frame": 1
  },
  "7": {
    "img_file": "7.jpg",
    "car_pos": [
      0.15093676534604492,
      0.0
    ],
    "car_vel": [
      0.1024213764848162,
      0.0
    ],
    "ball_in_frame": 1
  },
  "8": {
    "img_file": "8.jpg",
    "car_pos": [
      0.1724991603954799,
      0.0
    ],
    "car_vel": [
      0.1024213764848162,
      0.0
    ],
    "ball_in_frame": 1
  },
  "9": {
    "img_file": "9.jpg",
    "car_pos": [
      0.19406155544491488,
      0.0
    ],
    "car_vel": [
      0.1024213764848162,
      0.0
    ],
    "ball_in_frame": 1
  },
  "ball_trj": {
    "pos": [
      [
        0.6238780500641552,
        0.48110096508714584,
        0.34034808912265935,
        0.20161942217069595,
        0.0649149642312552,
        -0.06976528469566357,
        -0.20242132461005813,
        -0.3330531555119314,
        -0.4616607774012813,
        -0.588244190278108
      ],
      [
        1.4805939642787997,
        1.60847642355297,
        1.7345458410029,
        1.8588022166285898,
        1.9812455504300406,
        2.101875842407252,
        2.2206930925602233,
        2.3376973008889546,
        2.4528884673934463,
        2.5662665920736965
      ]
    ],
    "vel": [
      [
        -0.6829986500455353,
        -0.6733836572360521,
        -0.663768664426569,
        -0.654153671617086,
        -0.6445386788076028,
        -0.6349236859981199,
        -0.6253086931886368,
        -0.6156937003791537,
        -0.6060787075696706,
        -0.5964637147601876
      ],
      [
        0.6117476558848751,
        0.6031357072197363,
        0.5945237585545976,
        0.5859118098894589,
        0.5772998612243201,
        0.5686879125591814,
        0.5600759638940427,
        0.5514640152289039,
        0.5428520665637652,
        0.5342401178986265
      ]
    ]
  }
}