{
  "0": {
    "img_file": "0.jpg",
    "car_pos": [
      0.0,
      0.0
    ],
    "car_vel": [
      0.015475743465474423,
      0.0
    ],
    "ball_in_frame": 1
  },
  "1": {
    "img_file": "1.jpg",
    "car_pos": [
      0.003258051255889352,
      0.0
    ],
    "car_vel": [
      0.015475743465474423,
      0.0
    ],
    "ball_in_frame": 1
  },
  "2": {
    "img_file": "2.jpg",
    "car_pos": [
      0.0065161025117787055,
      0.0
    ],
    "car_vel": [
      0.015475743465474423,
      0.0
    ],
    "ball_in_frame": 1
  },
  "3": {
    "img_file": "3.jpg",
    "car_pos": [
      0.00977415376766806,
      0.0
    ],
    "car_vel": [
      0.015475743465474423,
      0.0
    ],
    "ball_in_frame": 1
  },
  "4": {
    "img_file": "4.jpg",
    "car_pos": [
      0.01303220502355741,
      0.0
    ],
    "car_vel": [
      0.015475743465474423,
      0.0
    ],
    "ball_in_frame": 1
  },
  "5": {
    "img_file": "5.jpg",
    "car_pos": [
      0.01629025627944676,
      0.0
    ],
    "car_vel": [
      0.015475743465474423,
      0.0
    ],
    "ball_in_frame": 1
  },
  "6": {
    "img_file": "6.jpg",
    "car_pos": [
      0.019548307535336113,
      0.0
    ],
    "car_vel": [
      0.015475743465474423,
      0.0
    ],
    "ball_in_frame": 1
  },
  "7": {
    "img_file": "7.jpg",
    "car_pos": [
      0.022806358791225466,
      0.0
    ],
    "car_vel": [
      0.015475743465474423,
      0.0
    ],
    "ball_in_frame": 1
  },
  "8": {
    "img_file": "8.jpg",
    "car_pos": [
      0.02606441004711482,
      0.0
    ],
    "car_vel": [
      0.015475743465474423,
      0.0
    ],
    "ball_in_frame": 1
  },
  "9": {
    "img_file": "9.jpg",
    "car_pos": [
      0.02932246130300417,
      0.0
    ],
    "car_vel": [
      0.015475743465474423,
      0.0
    ],
    "ball_in_frame": 1
  },
  "ball_trj": {
    "pos": [
      [
        1.999575218031604,
        1.9190488863128043,
        1.8405802341652988,
        1.7641692615890874,
        1.6898159685841698,
        1.6175203551505462,
        1.5472824212882166,
        1.479102166997181,
        1.412979592277439,
        1.3489146971289916
      ],
      [
        -0.9597621962387707,
        -1.0292245897476309,
        -1.0969120191541215,
        -1.162824484458243,
        -1.2269619856599947,
        -1.2893245227593773,
        -1.3499120957563902,
        -1.4087247046510334,
        -1.4657623494433074,
        -1.5210250301332118
      ]
    ],
    "vel": [
      [
        -0.3873870646461205,
        -0.37761308668247406,
        -0.36783910871882763,
        -0.3580651307551812,
        -0.3482911527915347,
        -0.3385171748278883,
        -0.32874319686424186,
        -0.31896921890059543,
        -0.30919524093694895,
        -0.29942126297330246
      ],
      [
        -0.33416190891021325,
        -0.3257308294239582,
        -0.3172997499377032,
        -0.30886867045144817,
        -0.3004375909651932,
        -0.29200651147893814,
        -0.28357543199268315,
        -0.2751443525064281,
        -0.26671327302017306,
        -0.25828219353391807
      ]
    ]
  }
}