{
  "0": {
    "img_file": "0.jpg",
    "car_pos": [
      0.0,
      0.0
    ],
    "car_vel": [
      0.0,
      0.0
    ],
    "ball_in_frame": 1
  },
  "1": {
    "img_file": "1.jpg",
    "car_pos": [
      0.0,
      0.0
    ],
    "car_vel": [
      0.0,
      0.0
    ],
    "ball_in_frame": 1
  },
  "2": {
    "img_file": "2.jpg",
    "car_pos": [
      0.0,
      0.0
    ],
    "car_vel": [
      0.0,
      0.0
    ],
    "ball_in_frame": 1
  },
  "3": {
    "img_file": "3.jpg",
    "car_pos": [
      0.0,
      0.0
    ],
    "car_vel": [
      0.0,
      0.0
    ],
    "ball_in_frame": 1
  },
  "4": {
    "img_file": "4.jpg",
    "car_pos": [
      0.0,
      0.0
    ],
    "car_vel": [
      0.0,
      0.0
    ],
    "ball_in_frame": 1
  },
  "5": {
    "img_file": "5.jpg",
    "car_pos": [
      0.0,
      0.0
    ],
    "car_vel": [
      0.0,
      0.0
    ],
    "ball_in_frame": 1
  },
  "6": {
    "img_file": "6.jpg",
    "car_pos": [
      0.0,
      0.0
    ],
    "car_vel": [
      0.0,
      0.0
    ],
    "ball_in_frame": 1
  },
  "7": {
    "img_file": "7.jpg",
    "car_pos": [
      0.0,
      0.0
    ],
    "car_vel": [
      0.0,
      0.0
    ],
    "ball_in_frame": 1
  },
  "8": {
    "img_file": "8.jpg",
    "car_pos": [
      0.0,
      0.0
    ],
    "car_vel": [
      0.0,
      0.0
    ],
    "ball_in_frame": 1
  },
  "9": {
    "img_file": "9.jpg",
    "car_pos": [
      0.0,
      0.0
    ],
    "car_vel": [
      0.0,
      0.0
    ],
    "ball_in_frame": 1
  },
  "ball_trj": {
    "pos": [
      [
        4.780698723059598,
        4.910148141956315,
        5.037868781969595,
        5.163860643099441,
        5.2881237253458515,
        5.410658028708828,
        5.5314635531883685,
        5.650540298784474,
        5.767888265497145,
        5.883507453326381
      ],
      [
        -1.9307203162659106,
        -2.0877142589389788,
        -2.2426115694661974,
        -2.395412247847567,
        -2.546116294083086,
        -2.6947237081727557,
        -2.8412344901165767,
        -2.9856486399145465,
        -3.1279661575666644,
        -3.268187043072935
      ]
    ],
    "vel": [
      [
        0.6189905896075591,
        0.6107788899112427,
        0.6025671902149264,
        0.59435549051861,
        0.5861437908222936,
        0.5779320911259772,
        0.5697203914296609,
        0.5615086917333445,
        0.5532969920370282,
        0.5450852923407118
      ],
      [
        -0.7507007290434656,
        -0.7407417263506799,
        -0.7307827236578942,
        -0.7208237209651085,
        -0.7108647182723227,
        -0.700905715579537,
        -0.6909467128867512,
        -0.6809877101939654,
        -0.6710287075011798,
        -0.661069704808394
      ]
    ]
  }
}