{
  "0": {
    "img_file": "0.jpg",
    "car_pos": [
      0.0,
      0.0
    ],
    "car_vel": [
      0.9214227835470878,
      0.0
    ],
    "ball_in_frame": 1
  },
  "1": {
    "img_file": "1.jpg",
    "car_pos": [
      0.1939837439046501,
      0.0
    ],
    "car_vel": [
      0.9214227835470878,
      0.0
    ],
    "ball_in_frame": 1
  },
  "2": {
    "img_file": "2.jpg",
    "car_pos": [
      0.3879674878093001,
      0.0
    ],
    "car_vel": [
      0.9214227835470878,
      0.0
    ],
    "ball_in_frame": 1
  },
  "3": {
    "img_file": "3.jpg",
    "car_pos": [
      0.5819512317139501,
      0.0
    ],
    "car_vel": [
      0.9214227835470878,
      0.0
    ],
    "ball_in_frame": 1
  },
  "4": {
    "img_file": "4.jpg",
    "car_pos": [
      0.7759349756186003,
      0.0
    ],
    "car_vel": [
      0.9214227835470878,
      0.0
    ],
    "ball_in_frame": 1
  },
  "5": {
    "img_file": "5.jpg",
    "car_pos": [
      0.9699187195232504,
      0.0
    ],
    "car_vel": [
      0.9214227835470878,
      0.0
    ],
    "ball_in_frame": 1
  },
  "6": {
    "img_file": "6.jpg",
    "car_pos": [
      1.1639024634279003,
      0.0
    ],
    "car_vel": [
      0.9214227835470878,
      0.0
    ],
    "ball_in_frame": 1
  },
  "7": {
    "img_file": "7.jpg",
    "car_pos": [
      1.3578862073325508,
      0.0
    ],
    "car_vel": [
      0.9214227835470878,
      0.0
    ],
    "ball_in_frame": 1
  },
  "8": {
    "img_file": "8.jpg",
    "car_pos": [
      1.551869951237201,
      0.0
    ],
    "car_vel": [
      0.9214227835470878,
      0.0
    ],
    "ball_in_frame": 1
  },
  "9": {
    "img_file": "9.jpg",
    "car_pos": [
      1.7458536951418513,
      0.0
    ],
    "car_vel": [
      0.9214227835470878,
      0.0
    ],
    "ball_in_frame": 1
  },
  "ball_trj": {
    "pos": [
      [
        3.7936551409422847,
        3.915757309740573,
        4.036298469321174,
        4.15527861968409,
        4.27269776082932,
        4.388555892756864,
        4.502853015466722,
        4.615589128958893,
        4.726764233233378,
        4.836378328290177
      ],
      [
        1.7654448808635435,
        1.9394346338735695,
        2.1112000233779775,
        2.28074104937677,
        2.4480577118699456,
        2.6131500108575043,
        2.7760179463394463,
        2.9366615183157707,
        3.0950807267864766,
        3.251275571751568
      ]
    ],
    "vel": [
      [
        0.5836926986838724,
        0.5762779048998634,
        0.5688631111158545,
        0.5614483173318455,
        0.5540335235478366,
        0.5466187297638276,
        0.5392039359798186,
        0.5317891421958097,
        0.5243743484118009,
        0.516959554627792
      ],
      [
        0.8317341901234613,
        0.8211684634717814,
        0.8106027368201014,
        0.8000370101684215,
        0.7894712835167417,
        0.7789055568650618,
        0.7683398302133818,
        0.7577741035617019,
        0.7472083769100224,
        0.7366426502583424
      ]
    ]
  }
}