{
  "0": {
    "img_file": "0.jpg",
    "car_pos": [
      0.0,
      0.0
    ],
    "car_vel": [
      0.0,
      0.0
    ],
    "ball_in_frame": 1
  },
  "1": {
    "img_file": "1.jpg",
    "car_pos": [
      0.0,
      0.0
    ],
    "car_vel": [
      0.0,
      0.0
    ],
    "ball_in_frame": 1
  },
  "2": {
    "img_file": "2.jpg",
    "car_pos": [
      0.0,
      0.0
    ],
    "car_vel": [
      0.0,
      0.0
    ],
    "ball_in_frame": 1
  },
  "3": {
    "img_file": "3.jpg",
    "car_pos": [
      0.0,
      0.0
    ],
    "car_vel": [
      0.0,
      0.0
    ],
    "ball_in_frame": 1
  },
  "4": {
    "img_file": "4.jpg",
    "car_pos": [
      0.0,
      0.0
    ],
    "car_vel": [
      0.0,
      0.0
    ],
    "ball_in_frame": 1
  },
  "5": {
    "img_file": "5.jpg",
    "car_pos": [
      0.0,
      0.0
    ],
    "car_vel": [
      0.0,
      0.0
    ],
    "ball_in_frame": 1
  },
  "6": {
    "img_file": "6.jpg",
    "car_pos": [
      0.0,
      0.0
    ],
    "car_vel": [
      0.0,
      0.0
    ],
    "ball_in_frame": 1
  },
  "7": {
    "img_file": "7.jpg",
    "car_pos": [
      0.0,
      0.0
    ],
    "car_vel": [
      0.0,
      0.0
    ],
    "ball_in_frame": 1
  },
  "8": {
    "img_file": "8.jpg",
    "car_pos": [
      0.0,
      0.0
    ],
    "car_vel": [
      0.0,
      0.0
    ],
    "ball_in_frame": 1
  },
  "9": {
    "img_file": "9.jpg",
    "car_pos": [
      0.0,
      0.0
    ],
    "car_vel": [
      0.0,
      0.0
    ],
    "ball_in_frame": 1
  },
  "ball_trj": {
    "pos": [
      [
        1.477246217420969,
        1.4288023743512428,
        1.3821887675987377,
        1.337405397163453,
        1.2944522630453892,
        1.2533293652445463,
        1.2140367037609243,
        1.1765742785945228,
        1.1409420897453422,
        1.1071401372133827
      ],
      [
        -1.4548893323829242,
        -1.5080562192575622,
        -1.5592144304973732,
        -1.6083639661023574,
        -1.6555048260725154,
        -1.700637010407846,
        -1.7437605191083498,
        -1.7848753521740268,
        -1.8239815096048773,
        -1.861078991400901
      ]
    ],
    "vel": [
      [
        -0.2344550658345983,
        -0.22576144332779946,
        -0.21706782082100062,
        -0.2083741983142018,
        -0.19968057580740295,
        -0.1909869533006041,
        -0.18229333079380525,
        -0.17359970828700644,
        -0.1649060857802076,
        -0.1562124632734088
      ],
      [
        -0.25731331728724355,
        -0.2477721080218162,
        -0.23823089875638886,
        -0.22868968949096152,
        -0.21914848022553418,
        -0.20960727096010678,
        -0.20006606169467947,
        -0.19052485242925213,
        -0.1809836431638248,
        -0.1714424338983974
      ]
    ]
  }
}