{
  "0": {
    "img_file": "0.jpg",
    "car_pos": [
      0.0,
      0.0
    ],
    "car_vel": [
      0.698972121131941,
      0.0
    ],
    "ball_in_frame": 1
  },
  "1": {
    "img_file": "1.jpg",
    "car_pos": [
      0.14715202550146128,
      0.0
    ],
    "car_vel": [
      0.698972121131941,
      0.0
    ],
    "ball_in_frame": 1
  },
  "2": {
    "img_file": "2.jpg",
    "car_pos": [
      0.2943040510029225,
      0.0
    ],
    "car_vel": [
      0.698972121131941,
      0.0
    ],
    "ball_in_frame": 1
  },
  "3": {
    "img_file": "3.jpg",
    "car_pos": [
      0.4414560765043838,
      0.0
    ],
    "car_vel": [
      0.698972121131941,
      0.0
    ],
    "ball_in_frame": 1
  },
  "4": {
    "img_file": "4.jpg",
    "car_pos": [
      0.588608102005845,
      0.0
    ],
    "car_vel": [
      0.698972121131941,
      0.0
    ],
    "ball_in_frame": 1
  },
  "5": {
    "img_file": "5.jpg",
    "car_pos": [
      0.7357601275073062,
      0.0
    ],
    "car_vel": [
      0.698972121131941,
      0.0
    ],
    "ball_in_frame": 1
  },
  "6": {
    "img_file": "6.jpg",
    "car_pos": [
      0.8829121530087676,
      0.0
    ],
    "car_vel": [
      0.698972121131941,
      0.0
    ],
    "ball_in_frame": 1
  },
  "7": {
    "img_file": "7.jpg",
    "car_pos": [
      1.0300641785102287,
      0.0
    ],
    "car_vel": [
      0.698972121131941,
      0.0
    ],
    "ball_in_frame": 1
  },
  "8": {
    "img_file": "8.jpg",
    "car_pos": [
      1.17721620401169,
      0.0
    ],
    "car_vel": [
      0.698972121131941,
      0.0
    ],
    "ball_in_frame": 1
  },
  "9": {
    "img_file": "9.jpg",
    "car_pos": [
      1.3243682295131514,
      0.0
    ],
    "car_vel": [
      0.698972121131941,
      0.0
    ],
    "ball_in_frame": 1
  },
  "ball_trj": {
    "pos": [
      [
        2.78418993743007,
        2.8093061769474685,
        2.833395035056939,
        2.856456511758483,
        2.878490607052099,
        2.899497320937788,
        2.9194766534155496,
        2.9384286044853845,
        2.9563531741472917,
        2.973250362401272
      ],
      [
        1.2356331128493272,
        1.2971354328535896,
        1.3561219964655384,
        1.4125928036851738,
        1.4665478545124957,
        1.5179871489475039,
        1.5669106869901985,
        1.6133184686405802,
        1.6572104938986478,
        1.6985867627644022
      ]
    ],
    "vel": [
      [
        0.12174216855146788,
        0.11686210686381343,
        0.111982045176159,
        0.10710198348850458,
        0.10222192180085014,
        0.0973418601131957,
        0.09246179842554125,
        0.08758173673788683,
        0.08270167505023238,
        0.07782161336257792
      ],
      [
        0.29811094145199035,
        0.28616109858850114,
        0.2742112557250119,
        0.2622614128615228,
        0.2503115699980336,
        0.2383617271345444,
        0.2264118842710552,
        0.21446204140756603,
        0.20251219854407684,
        0.19056235568058763
      ]
    ]
  }
}