{
  "0": {
    "img_file": "0.jpg",
    "car_pos": [
      0.0,
      0.0
    ],
    "car_vel": [
      0.007899225874298255,
      0.0
    ],
    "ball_in_frame": 1
  },
  "1": {
    "img_file": "1.jpg",
    "car_pos": [
      0.0016629949209048958,
      0.0
    ],
    "car_vel": [
      0.007899225874298255,
      0.0
    ],
    "ball_in_frame": 1
  },
  "2": {
    "img_file": "2.jpg",
    "car_pos": [
      0.0033259898418097917,
      0.0
    ],
    "car_vel": [
      0.007899225874298255,
      0.0
    ],
    "ball_in_frame": 1
  },
  "3": {
    "img_file": "3.jpg",
    "car_pos": [
      0.004988984762714687,
      0.0
    ],
    "car_vel": [
      0.007899225874298255,
      0.0
    ],
    "ball_in_frame": 1
  },
  "4": {
    "img_file": "4.jpg",
    "car_pos": [
      0.006651979683619587,
      0.0
    ],
    "car_vel": [
      0.007899225874298255,
      0.0
    ],
    "ball_in_frame": 1
  },
  "5": {
    "img_file": "5.jpg",
    "car_pos": [
      0.00831497460452448,
      0.0
    ],
    "car_vel": [
      0.007899225874298255,
      0.0
    ],
    "ball_in_frame": 1
  },
  "6": {
    "img_file": "6.jpg",
    "car_pos": [
      0.009977969525429375,
      0.0
    ],
    "car_vel": [
      0.007899225874298255,
      0.0
    ],
    "ball_in_frame": 1
  },
  "7": {
    "img_file": "7.jpg",
    "car_pos": [
      0.011640964446334272,
      0.0
    ],
    "car_vel": [
      0.007899225874298255,
      0.0
    ],
    "ball_in_frame": 1
  },
  "8": {
    "img_file": "8.jpg",
    "car_pos": [
      0.013303959367239167,
      0.0
    ],
    "car_vel": [
      0.007899225874298255,
      0.0
    ],
    "ball_in_frame": 1
  },
  "9": {
    "img_file": "9.jpg",
    "car_pos": [
      0.014966954288144062,
      0.0
    ],
    "car_vel": [
      0.007899225874298255,
      0.0
    ],
    "ball_in_frame": 1
  },
  "ball_trj": {
    "pos": [
      [
        3.310017607171087,
        3.43061342218215,
        3.549639991569458,
        3.6670973153330113,
        3.78298539347281,
        3.8973042259888544,
        4.010053812881143,
        4.121234154149677,
        4.230845249794457,
        4.338887099815481
      ],
      [
        2.416377968251228,
        2.586873341790241,
        2.755150154769984,
        2.9212084071904574,
        3.0850480990516616,
        3.2466692303535956,
        3.40607180109626,
        3.5632558112796535,
        3.7182212609037784,
        3.8709681499686344
      ]
    ],
    "vel": [
      [
        0.5765570796589669,
        0.5691031629461315,
        0.5616492462332963,
        0.554195329520461,
        0.5467414128076258,
        0.5392874960947904,
        0.5318335793819552,
        0.5243796626691198,
        0.5169257459562846,
        0.5094718292434494
      ],
      [
        0.8151221056385773,
        0.804583942982046,
        0.7940457803255148,
        0.7835076176689834,
        0.7729694550124521,
        0.7624312923559208,
        0.7518931296993895,
        0.7413549670428582,
        0.7308168043863268,
        0.7202786417297955
      ]
    ]
  }
}