{
  "0": {
    "img_file": "0.jpg",
    "car_pos": [
      0.0,
      0.0
    ],
    "car_vel": [
      0.0,
      0.0
    ],
    "ball_in_frame": 1
  },
  "1": {
    "img_file": "1.jpg",
    "car_pos": [
      0.0,
      0.0
    ],
    "car_vel": [
      0.0,
      0.0
    ],
    "ball_in_frame": 1
  },
  "2": {
    "img_file": "2.jpg",
    "car_pos": [
      0.0,
      0.0
    ],
    "car_vel": [
      0.0,
      0.0
    ],
    "ball_in_frame": 1
  },
  "3": {
    "img_file": "3.jpg",
    "car_pos": [
      0.0,
      0.0
    ],
    "car_vel": [
      0.0,
      0.0
    ],
    "ball_in_frame": 1
  },
  "4": {
    "img_file": "4.jpg",
    "car_pos": [
      0.0,
      0.0
    ],
    "car_vel": [
      0.0,
      0.0
    ],
    "ball_in_frame": 1
  },
  "5": {
    "img_file": "5.jpg",
    "car_pos": [
      0.0,
      0.0
    ],
    "car_vel": [
      0.0,
      0.0
    ],
    "ball_in_frame": 1
  },
  "6": {
    "img_file": "6.jpg",
    "car_pos": [
      0.0,
      0.0
    ],
    "car_vel": [
      0.0,
      0.0
    ],
    "ball_in_frame": 1
  },
  "7": {
    "img_file": "7.jpg",
    "car_pos": [
      0.0,
      0.0
    ],
    "car_vel": [
      0.0,
      0.0
    ],
    "ball_in_frame": 1
  },
  "8": {
    "img_file": "8.jpg",
    "car_pos": [
      0.0,
      0.0
    ],
    "car_vel": [
      0.0,
      0.0
    ],
    "ball_in_frame": 1
  },
  "9": {
    "img_file": "9.jpg",
    "car_pos": [
      0.0,
      0.0
    ],
    "car_vel": [
      0.0,
      0.0
    ],
    "ball_in_frame": 1
  },
  "ball_trj": {
    "pos": [
      [
        3.845277640592001,
        3.8884728595146516,
        3.9305808296977203,
        3.971601551141208,
        4.011535023845115,
        4.0503812478094385,
        4.088140223034182,
        4.124811949519344,
        4.160396427264924,
        4.194893656270923
      ],
      [
        -1.6810211217224185,
        -1.779964744090464,
        -1.8764178980364856,
        -1.9703805835604833,
        -2.0618528006624564,
        -2.1508345493424064,
        -2.237325829600331,
        -2.321326641436232,
        -2.4028369848501088,
        -2.4818568598419617
      ]
    ],
    "vel": [
      [
        0.2077595056390955,
        0.2025950741260836,
        0.1974306426130717,
        0.19226621110005981,
        0.18710177958704793,
        0.181937348074036,
        0.17677291656102412,
        0.17160848504801224,
        0.1664440535350003,
        0.16127962202198842
      ],
      [
        -0.47589706875052395,
        -0.46406734374590924,
        -0.45223761874129453,
        -0.4404078937366799,
        -0.42857816873206517,
        -0.41674844372745046,
        -0.4049187187228358,
        -0.3930889937182211,
        -0.3812592687136064,
        -0.36942954370899167
      ]
    ]
  }
}