{
  "0": {
    "img_file": "0.jpg",
    "car_pos": [
      0.0,
      0.0
    ],
    "car_vel": [
      0.0,
      0.0
    ],
    "ball_in_frame": 1
  },
  "1": {
    "img_file": "1.jpg",
    "car_pos": [
      0.0,
      0.0
    ],
    "car_vel": [
      0.0,
      0.0
    ],
    "ball_in_frame": 1
  },
  "2": {
    "img_file": "2.jpg",
    "car_pos": [
      0.0,
      0.0
    ],
    "car_vel": [
      0.0,
      0.0
    ],
    "ball_in_frame": 1
  },
  "3": {
    "img_file": "3.jpg",
    "car_pos": [
      0.0,
      0.0
    ],
    "car_vel": [
      0.0,
      0.0
    ],
    "ball_in_frame": 1
  },
  "4": {
    "img_file": "4.jpg",
    "car_pos": [
      0.0,
      0.0
    ],
    "car_vel": [
      0.0,
      0.0
    ],
    "ball_in_frame": 1
  },
  "5": {
    "img_file": "5.jpg",
    "car_pos": [
      0.0,
      0.0
    ],
    "car_vel": [
      0.0,
      0.0
    ],
    "ball_in_frame": 1
  },
  "6": {
    "img_file": "6.jpg",
    "car_pos": [
      0.0,
      0.0
    ],
    "car_vel": [
      0.0,
      0.0
    ],
    "ball_in_frame": 1
  },
  "7": {
    "img_file": "7.jpg",
    "car_pos": [
      0.0,
      0.0
    ],
    "car_vel": [
      0.0,
      0.0
    ],
    "ball_in_frame": 1
  },
  "8": {
    "img_file": "8.jpg",
    "car_pos": [
      0.0,
      0.0
    ],
    "car_vel": [
      0.0,
      0.0
    ],
    "ball_in_frame": 1
  },
  "9": {
    "img_file": "9.jpg",
    "car_pos": [
      0.0,
      0.0
    ],
    "car_vel": [
      0.0,
      0.0
    ],
    "ball_in_frame": 1
  },
  "ball_trj": {
    "pos": [
      [
        3.6815334696643816,
        3.6664185011705133,
        3.6532504712139198,
        3.6420293797946006,
        3.6327552269125563,
        3.625428012567786,
        3.6200477367602897,
        3.616614399490068,
        3.6151280007571205,
        3.6150613537258685
      ],
      [
        -0.8071963232623178,
        -0.8219141069859601,
        -0.8347361130024603,
        -0.8456623413118186,
        -0.8546927919140347,
        -0.8618274648091089,
        -0.867066359997041,
        -0.8704094774778309,
        -0.8718568172514791,
        -0.8719217129601402
      ]
    ],
    "vel": [
      [
        -0.07642007937189953,
        -0.0671721213198461,
        -0.05792416326779272,
        -0.04867620521573934,
        -0.03942824716368593,
        -0.030180289111632532,
        -0.020932331059579146,
        -0.011684373007525763,
        -0.002436414955472351,
        -4.151696605859955e-07
      ],
      [
        -0.07441194474176319,
        -0.06540700063283851,
        -0.05640205652391389,
        -0.04739711241498923,
        -0.03839216830606457,
        -0.029387224197139898,
        -0.02038228008821525,
        -0.011377335979290602,
        -0.002372391870365937,
        -4.042600072624108e-07
      ]
    ]
  }
}