{
  "0": {
    "img_file": "0.jpg",
    "car_pos": [
      0.0,
      0.0
    ],
    "car_vel": [
      0.0,
      0.0
    ],
    "ball_in_frame": 1
  },
  "1": {
    "img_file": "1.jpg",
    "car_pos": [
      0.0,
      0.0
    ],
    "car_vel": [
      0.0,
      0.0
    ],
    "ball_in_frame": 1
  },
  "2": {
    "img_file": "2.jpg",
    "car_pos": [
      0.0,
      0.0
    ],
    "car_vel": [
      0.0,
      0.0
    ],
    "ball_in_frame": 1
  },
  "3": {
    "img_file": "3.jpg",
    "car_pos": [
      0.0,
      0.0
    ],
    "car_vel": [
      0.0,
      0.0
    ],
    "ball_in_frame": 1
  },
  "4": {
    "img_file": "4.jpg",
    "car_pos": [
      0.0,
      0.0
    ],
    "car_vel": [
      0.0,
      0.0
    ],
    "ball_in_frame": 1
  },
  "5": {
    "img_file": "5.jpg",
    "car_pos": [
      0.0,
      0.0
    ],
    "car_vel": [
      0.0,
      0.0
    ],
    "ball_in_frame": 1
  },
  "6": {
    "img_file": "6.jpg",
    "car_pos": [
      0.0,
      0.0
    ],
    "car_vel": [
      0.0,
      0.0
    ],
    "ball_in_frame": 1
  },
  "7": {
    "img_file": "7.jpg",
    "car_pos": [
      0.0,
      0.0
    ],
    "car_vel": [
      0.0,
      0.0
    ],
    "ball_in_frame": 1
  },
  "8": {
    "img_file": "8.jpg",
    "car_pos": [
      0.0,
      0.0
    ],
    "car_vel": [
      0.0,
      0.0
    ],
    "ball_in_frame": 1
  },
  "9": {
    "img_file": "9.jpg",
    "car_pos": [
      0.0,
      0.0
    ],
    "car_vel": [
      0.0,
      0.0
    ],
    "ball_in_frame": 1
  },
  "ball_trj": {
    "pos": [
      [
        3.6060237572304703,
        3.658223238059972,
        3.709317360873055,
        3.7593061256697187,
        3.808189532449964,
        3.8559675812137906,
        3.9026402719611983,
        3.9482076046921866,
        3.9926695794067566,
        4.036026196104907
      ],
      [
        0.9848671818476582,
        1.1021001236934305,
        1.2168505816141062,
        1.3291185556096863,
        1.4389040456801707,
        1.5462070518255595,
        1.6510275740458522,
        1.7533656123410493,
        1.8532211667111498,
        1.950594237156154
      ]
    ],
    "vel": [
      [
        0.2505727592291277,
        0.24532230865113813,
        0.2400718580731486,
        0.23482140749515906,
        0.22957095691716956,
        0.22432050633918,
        0.21907005576119049,
        0.21381960518320092,
        0.20856915460521142,
        0.2033187040272219
      ],
      [
        0.5627523730895194,
        0.550960574445314,
        0.5391687758011086,
        0.5273769771569031,
        0.5155851785126977,
        0.5037933798684923,
        0.4920015812242868,
        0.4802097825800813,
        0.4684179839358759,
        0.45662618529167043
      ]
    ]
  }
}