{
  "0": {
    "img_file": "0.jpg",
    "car_pos": [
      0.0,
      0.0
    ],
    "car_vel": [
      0.033895378599876014,
      0.0
    ],
    "ball_in_frame": 1
  },
  "1": {
    "img_file": "1.jpg",
    "car_pos": [
      0.007135869178921266,
      0.0
    ],
    "car_vel": [
      0.033895378599876014,
      0.0
    ],
    "ball_in_frame": 1
  },
  "2": {
    "img_file": "2.jpg",
    "car_pos": [
      0.014271738357842532,
      0.0
    ],
    "car_vel": [
      0.033895378599876014,
      0.0
    ],
    "ball_in_frame": 1
  },
  "3": {
    "img_file": "3.jpg",
    "car_pos": [
      0.0214076075367638,
      0.0
    ],
    "car_vel": [
      0.033895378599876014,
      0.0
    ],
    "ball_in_frame": 1
  },
  "4": {
    "img_file": "4.jpg",
    "car_pos": [
      0.028543476715685065,
      0.0
    ],
    "car_vel": [
      0.033895378599876014,
      0.0
    ],
    "ball_in_frame": 1
  },
  "5": {
    "img_file": "5.jpg",
    "car_pos": [
      0.035679345894606335,
      0.0
    ],
    "car_vel": [
      0.033895378599876014,
      0.0
    ],
    "ball_in_frame": 1
  },
  "6": {
    "img_file": "6.jpg",
    "car_pos": [
      0.0428152150735276,
      0.0
    ],
    "car_vel": [
      0.033895378599876014,
      0.0
    ],
    "ball_in_frame": 1
  },
  "7": {
    "img_file": "7.jpg",
    "car_pos": [
      0.04995108425244886,
      0.0
    ],
    "car_vel": [
      0.033895378599876014,
      0.0
    ],
    "ball_in_frame": 1
  },
  "8": {
    "img_file": "8.jpg",
    "car_pos": [
      0.05708695343137013,
      0.0
    ],
    "car_vel": [
      0.033895378599876014,
      0.0
    ],
    "ball_in_frame": 1
  },
  "9": {
    "img_file": "9.jpg",
    "car_pos": [
      0.0642228226102914,
      0.0
    ],
    "car_vel": [
      0.033895378599876014,
      0.0
    ],
    "ball_in_frame": 1
  },
  "ball_trj": {
    "pos": [
      [
        4.55924697097573,
        4.614243010189152,
        4.668133940935202,
        4.720919763213881,
        4.772600477025189,
        4.823176082369125,
        4.87264657924569,
        4.921011967654884,
        4.968272247596707,
        5.014427419071159
      ],
      [
        1.975319889026489,
        2.0988669410826866,
        2.2199313981138813,
        2.3385132601200738,
        2.454612527101265,
        2.5682291990574537,
        2.6793632759886403,
        2.7880147578948256,
        2.8941836447760076,
        2.9978699366321884
      ]
    ],
    "vel": [
      [
        0.26385581887375853,
        0.258606553653745,
        0.25335728843373156,
        0.2481080232137181,
        0.2428587579937046,
        0.23760949277369112,
        0.23236022755367766,
        0.22711096233366418,
        0.22186169711365067,
        0.2166124318936372
      ],
      [
        0.592744660451316,
        0.580952334082556,
        0.5691600077137959,
        0.5573676813450359,
        0.5455753549762759,
        0.5337830286075158,
        0.5219907022387559,
        0.5101983758699958,
        0.4984060495012358,
        0.4866137231324758
      ]
    ]
  }
}