{
  "0": {
    "img_file": "0.jpg",
    "car_pos": [
      0.0,
      0.0
    ],
    "car_vel": [
      0.293330999157809,
      0.0
    ],
    "ball_in_frame": 1
  },
  "1": {
    "img_file": "1.jpg",
    "car_pos": [
      0.06175389455953874,
      0.0
    ],
    "car_vel": [
      0.293330999157809,
      0.0
    ],
    "ball_in_frame": 1
  },
  "2": {
    "img_file": "2.jpg",
    "car_pos": [
      0.12350778911907757,
      0.0
    ],
    "car_vel": [
      0.293330999157809,
      0.0
    ],
    "ball_in_frame": 1
  },
  "3": {
    "img_file": "3.jpg",
    "car_pos": [
      0.18526168367861623,
      0.0
    ],
    "car_vel": [
      0.293330999157809,
      0.0
    ],
    "ball_in_frame": 1
  },
  "4": {
    "img_file": "4.jpg",
    "car_pos": [
      0.24701557823815495,
      0.0
    ],
    "car_vel": [
      0.293330999157809,
      0.0
    ],
    "ball_in_frame": 1
  },
  "5": {
    "img_file": "5.jpg",
    "car_pos": [
      0.30876947279769373,
      0.0
    ],
    "car_vel": [
      0.293330999157809,
      0.0
    ],
    "ball_in_frame": 1
  },
  "6": {
    "img_file": "6.jpg",
    "car_pos": [
      0.37052336735723246,
      0.0
    ],
    "car_vel": [
      0.293330999157809,
      0.0
    ],
    "ball_in_frame": 1
  },
  "7": {
    "img_file": "7.jpg",
    "car_pos": [
      0.4322772619167712,
      0.0
    ],
    "car_vel": [
      0.293330999157809,
      0.0
    ],
    "ball_in_frame": 1
  },
  "8": {
    "img_file": "8.jpg",
    "car_pos": [
      0.4940311564763099,
      0.0
    ],
    "car_vel": [
      0.293330999157809,
      0.0
    ],
    "ball_in_frame": 1
  },
  "9": {
    "img_file": "9.jpg",
    "car_pos": [
      0.5557850510358487,
      0.0
    ],
    "car_vel": [
      0.293330999157809,
      0.0
    ],
    "ball_in_frame": 1
  },
  "ball_trj": {
    "pos": [
      [
        4.147446106371676,
        4.184067439260279,
        4.219978169916806,
        4.255178298341259,
        4.289667824533638,
        4.323446748493943,
        4.356515070222173,
        4.388872789718328,
        4.420519906982409,
        4.451456422014416
      ],
      [
        2.4293148601532106,
        2.564487492473662,
        2.6970372280651898,
        2.826964066927796,
        2.95426800906148,
        3.0789490544662415,
        3.2010072031420806,
        3.3204424550889966,
        3.437254810306991,
        3.5514442687960632
      ]
    ],
    "vel": [
      [
        0.17563901152203723,
        0.17226365091968354,
        0.1688882903173299,
        0.16551292971497625,
        0.1621375691126226,
        0.15876220851026893,
        0.15538684790791527,
        0.1520114873055616,
        0.14863612670320794,
        0.14526076610085426
      ],
      [
        0.6482993832533327,
        0.6358406237909514,
        0.6233818643285701,
        0.6109231048661888,
        0.5984643454038076,
        0.5860055859414263,
        0.5735468264790451,
        0.5610880670166638,
        0.5486293075542825,
        0.5361705480919012
      ]
    ]
  }
}