{
  "0": {
    "img_file": "0.jpg",
    "car_pos": [
      0.0,
      0.0
    ],
    "car_vel": [
      0.21668647945200636,
      0.0
    ],
    "ball_in_frame": 1
  },
  "1": {
    "img_file": "1.jpg",
    "car_pos": [
      0.0456182062004224,
      0.0
    ],
    "car_vel": [
      0.21668647945200636,
      0.0
    ],
    "ball_in_frame": 1
  },
  "2": {
    "img_file": "2.jpg",
    "car_pos": [
      0.09123641240084485,
      0.0
    ],
    "car_vel": [
      0.21668647945200636,
      0.0
    ],
    "ball_in_frame": 1
  },
  "3": {
    "img_file": "3.jpg",
    "car_pos": [
      0.1368546186012672,
      0.0
    ],
    "car_vel": [
      0.21668647945200636,
      0.0
    ],
    "ball_in_frame": 1
  },
  "4": {
    "img_file": "4.jpg",
    "car_pos": [
      0.18247282480168958,
      0.0
    ],
    "car_vel": [
      0.21668647945200636,
      0.0
    ],
    "ball_in_frame": 1
  },
  "5": {
    "img_file": "5.jpg",
    "car_pos": [
      0.22809103100211198,
      0.0
    ],
    "car_vel": [
      0.21668647945200636,
      0.0
    ],
    "ball_in_frame": 1
  },
  "6": {
    "img_file": "6.jpg",
    "car_pos": [
      0.2737092372025344,
      0.0
    ],
    "car_vel": [
      0.21668647945200636,
      0.0
    ],
    "ball_in_frame": 1
  },
  "7": {
    "img_file": "7.jpg",
    "car_pos": [
      0.3193274434029568,
      0.0
    ],
    "car_vel": [
      0.21668647945200636,
      0.0
    ],
    "ball_in_frame": 1
  },
  "8": {
    "img_file": "8.jpg",
    "car_pos": [
      0.36494564960337916,
      0.0
    ],
    "car_vel": [
      0.21668647945200636,
      0.0
    ],
    "ball_in_frame": 1
  },
  "9": {
    "img_file": "9.jpg",
    "car_pos": [
      0.4105638558038015,
      0.0
    ],
    "car_vel": [
      0.21668647945200636,
      0.0
    ],
    "ball_in_frame": 1
  },
  "ball_trj": {
    "pos": [
      [
        4.231597855202255,
        4.258997194931404,
        4.285715102821175,
        4.311751578871567,
        4.337106623082578,
        4.36178023545421,
        4.385772415986462,
        4.409083164679336,
        4.431712481532829,
        4.453660366546942
      ],
      [
        1.1444771063295645,
        1.2502505861747346,
        1.3533934399668326,
        1.4539056677058584,
        1.5517872693918127,
        1.6470382450246952,
        1.7396585946045056,
        1.829648318131244,
        1.9170074156049108,
        2.0017358870255046
      ]
    ],
    "vel": [
      [
        0.13176526433199015,
        0.12852846309493723,
        0.12529166185788435,
        0.12205486062083146,
        0.11881805938377854,
        0.11558125814672562,
        0.11234445690967272,
        0.10910765567261982,
        0.1058708544355669,
        0.10263405319851403
      ],
      [
        0.5086717661406025,
        0.4961762923885109,
        0.48368081863641943,
        0.47118534488432784,
        0.45868987113223625,
        0.44619439738014466,
        0.4336989236280531,
        0.4212034498759616,
        0.40870797612387,
        0.39621250237177863
      ]
    ]
  }
}