{
  "0": {
    "img_file": "0.jpg",
    "car_pos": [
      0.0,
      0.0
    ],
    "car_vel": [
      0.0,
      0.0
    ],
    "ball_in_frame": 1
  },
  "1": {
    "img_file": "1.jpg",
    "car_pos": [
      0.0,
      0.0
    ],
    "car_vel": [
      0.0,
      0.0
    ],
    "ball_in_frame": 1
  },
  "2": {
    "img_file": "2.jpg",
    "car_pos": [
      0.0,
      0.0
    ],
    "car_vel": [
      0.0,
      0.0
    ],
    "ball_in_frame": 1
  },
  "3": {
    "img_file": "3.jpg",
    "car_pos": [
      0.0,
      0.0
    ],
    "car_vel": [
      0.0,
      0.0
    ],
    "ball_in_frame": 1
  },
  "4": {
    "img_file": "4.jpg",
    "car_pos": [
      0.0,
      0.0
    ],
    "car_vel": [
      0.0,
      0.0
    ],
    "ball_in_frame": 1
  },
  "5": {
    "img_file": "5.jpg",
    "car_pos": [
      0.0,
      0.0
    ],
    "car_vel": [
      0.0,
      0.0
    ],
    "ball_in_frame": 1
  },
  "6": {
    "img_file": "6.jpg",
    "car_pos": [
      0.0,
      0.0
    ],
    "car_vel": [
      0.0,
      0.0
    ],
    "ball_in_frame": 1
  },
  "7": {
    "img_file": "7.jpg",
    "car_pos": [
      0.0,
      0.0
    ],
    "car_vel": [
      0.0,
      0.0
    ],
    "ball_in_frame": 1
  },
  "8": {
    "img_file": "8.jpg",
    "car_pos": [
      0.0,
      0.0
    ],
    "car_vel": [
      0.0,
      0.0
    ],
    "ball_in_frame": 1
  },
  "9": {
    "img_file": "9.jpg",
    "car_pos": [
      0.0,
      0.0
    ],
    "car_vel": [
      0.0,
      0.0
    ],
    "ball_in_frame": 1
  },
  "ball_trj": {
    "pos": [
      [
        4.406167965707559,
        4.457454497927218,
        4.507542959073476,
        4.556433349146332,
        4.6041256681457865,
        4.65061991607184,
        4.6959160929244925,
        4.740014198703744,
        4.782914233409594,
        4.824616197042043
      ],
      [
        0.7387370514329764,
        0.8431486840727686,
        0.9451212249787581,
        1.0446546741509461,
        1.1417490315893322,
        1.2364042972939173,
        1.3286204712647,
        1.418397553501681,
        1.5057355440048608,
        1.5906344427742383
      ]
    ],
    "vel": [
      [
        0.2464564468427059,
        0.24076560924405016,
        0.23507477164539445,
        0.22938393404673868,
        0.22369309644808294,
        0.2180022588494272,
        0.21231142125077146,
        0.20662058365211572,
        0.20092974605345998,
        0.1952389084548042
      ],
      [
        0.5017480979067885,
        0.4901624121712301,
        0.4785767264356717,
        0.4669910407001132,
        0.45540535496455475,
        0.4438196692289963,
        0.43223398349343783,
        0.4206482977578794,
        0.4090626120223209,
        0.3974769262867624
      ]
    ]
  }
}