{
  "0": {
    "img_file": "0.jpg",
    "car_pos": [
      0.0,
      0.0
    ],
    "car_vel": [
      0.8531136197758641,
      0.0
    ],
    "ball_in_frame": 1
  },
  "1": {
    "img_file": "1.jpg",
    "car_pos": [
      0.1796028673212346,
      0.0
    ],
    "car_vel": [
      0.8531136197758641,
      0.0
    ],
    "ball_in_frame": 1
  },
  "2": {
    "img_file": "2.jpg",
    "car_pos": [
      0.359205734642469,
      0.0
    ],
    "car_vel": [
      0.8531136197758641,
      0.0
    ],
    "ball_in_frame": 1
  },
  "3": {
    "img_file": "3.jpg",
    "car_pos": [
      0.5388086019637036,
      0.0
    ],
    "car_vel": [
      0.8531136197758641,
      0.0
    ],
    "ball_in_frame": 1
  },
  "4": {
    "img_file": "4.jpg",
    "car_pos": [
      0.7184114692849382,
      0.0
    ],
    "car_vel": [
      0.8531136197758641,
      0.0
    ],
    "ball_in_frame": 1
  },
  "5": {
    "img_file": "5.jpg",
    "car_pos": [
      0.8980143366061726,
      0.0
    ],
    "car_vel": [
      0.8531136197758641,
      0.0
    ],
    "ball_in_frame": 1
  },
  "6": {
    "img_file": "6.jpg",
    "car_pos": [
      1.0776172039274072,
      0.0
    ],
    "car_vel": [
      0.8531136197758641,
      0.0
    ],
    "ball_in_frame": 1
  },
  "7": {
    "img_file": "7.jpg",
    "car_pos": [
      1.2572200712486417,
      0.0
    ],
    "car_vel": [
      0.8531136197758641,
      0.0
    ],
    "ball_in_frame": 1
  },
  "8": {
    "img_file": "8.jpg",
    "car_pos": [
      1.4368229385698765,
      0.0
    ],
    "car_vel": [
      0.8531136197758641,
      0.0
    ],
    "ball_in_frame": 1
  },
  "9": {
    "img_file": "9.jpg",
    "car_pos": [
      1.6164258058911112,
      0.0
    ],
    "car_vel": [
      0.8531136197758641,
      0.0
    ],
    "ball_in_frame": 1
  },
  "ball_trj": {
    "pos": [
      [
        4.937778974172871,
        5.084186604740095,
        5.228185708375141,
        5.369776285078007,
        5.508958334848696,
        5.645731857687205,
        5.780096853593535,
        5.912053322567687,
        6.04160126460966,
        6.168740679719454
      ],
      [
        1.7041896239126229,
        1.7806835292209797,
        1.8559190463540145,
        1.9298961753117272,
        2.002614916094118,
        2.0740752687011863,
        2.144277233132933,
        2.2132208093893575,
        2.28090599747046,
        2.3473327973762403
      ]
    ],
    "vel": [
      [
        0.7011564966582399,
        0.6897159937303905,
        0.6782754908025413,
        0.6668349878746921,
        0.6553944849468428,
        0.6439539820189936,
        0.6325134790911443,
        0.6210729761632952,
        0.6096324732354458,
        0.5981919703075965
      ],
      [
        0.36633472213108376,
        0.36035737829830405,
        0.35438003446552446,
        0.3484026906327448,
        0.34242534679996517,
        0.3364480029671855,
        0.3304706591344059,
        0.32449331530162623,
        0.3185159714688466,
        0.31253862763606693
      ]
    ]
  }
}