{
  "0": {
    "img_file": "0.jpg",
    "car_pos": [
      0.0,
      0.0
    ],
    "car_vel": [
      0.0,
      0.0
    ],
    "ball_in_frame": 1
  },
  "1": {
    "img_file": "1.jpg",
    "car_pos": [
      0.0,
      0.0
    ],
    "car_vel": [
      0.0,
      0.0
    ],
    "ball_in_frame": 1
  },
  "2": {
    "img_file": "2.jpg",
    "car_pos": [
      0.0,
      0.0
    ],
    "car_vel": [
      0.0,
      0.0
    ],
    "ball_in_frame": 1
  },
  "3": {
    "img_file": "3.jpg",
    "car_pos": [
      0.0,
      0.0
    ],
    "car_vel": [
      0.0,
      0.0
    ],
    "ball_in_frame": 1
  },
  "4": {
    "img_file": "4.jpg",
    "car_pos": [
      0.0,
      0.0
    ],
    "car_vel": [
      0.0,
      0.0
    ],
    "ball_in_frame": 1
  },
  "5": {
    "img_file": "5.jpg",
    "car_pos": [
      0.0,
      0.0
    ],
    "car_vel": [
      0.0,
      0.0
    ],
    "ball_in_frame": 1
  },
  "6": {
    "img_file": "6.jpg",
    "car_pos": [
      0.0,
      0.0
    ],
    "car_vel": [
      0.0,
      0.0
    ],
    "ball_in_frame": 1
  },
  "7": {
    "img_file": "7.jpg",
    "car_pos": [
      0.0,
      0.0
    ],
    "car_vel": [
      0.0,
      0.0
    ],
    "ball_in_frame": 1
  },
  "8": {
    "img_file": "8.jpg",
    "car_pos": [
      0.0,
      0.0
    ],
    "car_vel": [
      0.0,
      0.0
    ],
    "ball_in_frame": 1
  },
  "9": {
    "img_file": "9.jpg",
    "car_pos": [
      0.0,
      0.0
    ],
    "car_vel": [
      0.0,
      0.0
    ],
    "ball_in_frame": 1
  },
  "ball_trj": {
    "pos": [
      [
        2.9915972024923345,
        2.9116120355339596,
        2.8328221403833114,
        2.755227517040391,
        2.678828165505198,
        2.6036240857777324,
        2.5296152778579946,
        2.4568017417459838,
        2.3851834774417005,
        2.314760484945144
      ],
      [
        -2.6393865317937353,
        -2.8026974853867603,
        -2.9635679742518146,
        -3.1219979983888964,
        -3.2779875577980073,
        -3.4315366524791475,
        -3.582645282432316,
        -3.731313447657512,
        -3.8775411481547373,
        -4.021328383923992
      ]
    ],
    "vel": [
      [
        -0.38276831359563424,
        -0.377090772508929,
        -0.37141323142222377,
        -0.3657356903355185,
        -0.36005814924881324,
        -0.354380608162108,
        -0.3487030670754028,
        -0.3430255259886975,
        -0.33734798490199225,
        -0.331670443815287
      ],
      [
        -0.7815231332958014,
        -0.7699309258379369,
        -0.7583387183800723,
        -0.7467465109222078,
        -0.7351543034643433,
        -0.7235620960064788,
        -0.7119698885486142,
        -0.7003776810907497,
        -0.6887854736328852,
        -0.6771932661750206
      ]
    ]
  }
}