{
  "0": {
    "img_file": "0.jpg",
    "car_pos": [
      0.0,
      0.0
    ],
    "car_vel": [
      0.0,
      0.0
    ],
    "ball_in_frame": 1
  },
  "1": {
    "img_file": "1.jpg",
    "car_pos": [
      0.0,
      0.0
    ],
    "car_vel": [
      0.0,
      0.0
    ],
    "ball_in_frame": 1
  },
  "2": {
    "img_file": "2.jpg",
    "car_pos": [
      0.0,
      0.0
    ],
    "car_vel": [
      0.0,
      0.0
    ],
    "ball_in_frame": 1
  },
  "3": {
    "img_file": "3.jpg",
    "car_pos": [
      0.0,
      0.0
    ],
    "car_vel": [
      0.0,
      0.0
    ],
    "ball_in_frame": 1
  },
  "4": {
    "img_file": "4.jpg",
    "car_pos": [
      0.0,
      0.0
    ],
    "car_vel": [
      0.0,
      0.0
    ],
    "ball_in_frame": 1
  },
  "5": {
    "img_file": "5.jpg",
    "car_pos": [
      0.0,
      0.0
    ],
    "car_vel": [
      0.0,
      0.0
    ],
    "ball_in_frame": 1
  },
  "6": {
    "img_file": "6.jpg",
    "car_pos": [
      0.0,
      0.0
    ],
    "car_vel": [
      0.0,
      0.0
    ],
    "ball_in_frame": 1
  },
  "7": {
    "img_file": "7.jpg",
    "car_pos": [
      0.0,
      0.0
    ],
    "car_vel": [
      0.0,
      0.0
    ],
    "ball_in_frame": 1
  },
  "8": {
    "img_file": "8.jpg",
    "car_pos": [
      0.0,
      0.0
    ],
    "car_vel": [
      0.0,
      0.0
    ],
    "ball_in_frame": 1
  },
  "9": {
    "img_file": "9.jpg",
    "car_pos": [
      0.0,
      0.0
    ],
    "car_vel": [
      0.0,
      0.0
    ],
    "ball_in_frame": 1
  },
  "ball_trj": {
    "pos": [
      [
        2.827627505129355,
        2.7414890450588323,
        2.657153647188191,
        2.574621311517432,
        2.4938920380465532,
        2.414965826775556,
        2.3378426777044403,
        2.262522590833206,
        2.189005566161853,
        2.1172916036903806
      ],
      [
        0.9383685348005741,
        1.0354968519123924,
        1.1305920656116468,
        1.2236541758983361,
        1.3146831827724619,
        1.403679086234024,
        1.4906418862830213,
        1.5755715829194543,
        1.658468176143324,
        1.7393316659546287
      ]
    ],
    "vel": [
      [
        -0.41343995805969874,
        -0.4048754126102626,
        -0.39631086716082653,
        -0.38774632171139034,
        -0.3791817762619542,
        -0.3706172308125181,
        -0.36205268536308194,
        -0.3534881399136458,
        -0.3449235944642097,
        -0.33635904901477354
      ],
      [
        0.4661881268859763,
        0.4565308856762964,
        0.4468736444666165,
        0.43721640325693667,
        0.42755916204725675,
        0.4179019208375769,
        0.40824467962789696,
        0.3985874384182171,
        0.3889301972085372,
        0.37927295599885735
      ]
    ]
  }
}