{
  "0": {
    "img_file": "0.jpg",
    "car_pos": [
      0.0,
      0.0
    ],
    "car_vel": [
      0.0,
      0.0
    ],
    "ball_in_frame": 1
  },
  "1": {
    "img_file": "1.jpg",
    "car_pos": [
      0.0,
      0.0
    ],
    "car_vel": [
      0.0,
      0.0
    ],
    "ball_in_frame": 1
  },
  "2": {
    "img_file": "2.jpg",
    "car_pos": [
      0.0,
      0.0
    ],
    "car_vel": [
      0.0,
      0.0
    ],
    "ball_in_frame": 1
  },
  "3": {
    "img_file": "3.jpg",
    "car_pos": [
      0.0,
      0.0
    ],
    "car_vel": [
      0.0,
      0.0
    ],
    "ball_in_frame": 1
  },
  "4": {
    "img_file": "4.jpg",
    "car_pos": [
      0.0,
      0.0
    ],
    "car_vel": [
      0.0,
      0.0
    ],
    "ball_in_frame": 1
  },
  "5": {
    "img_file": "5.jpg",
    "car_pos": [
      0.0,
      0.0
    ],
    "car_vel": [
      0.0,
      0.0
    ],
    "ball_in_frame": 1
  },
  "6": {
    "img_file": "6.jpg",
    "car_pos": [
      0.0,
      0.0
    ],
    "car_vel": [
      0.0,
      0.0
    ],
    "ball_in_frame": 1
  },
  "7": {
    "img_file": "7.jpg",
    "car_pos": [
      0.0,
      0.0
    ],
    "car_vel": [
      0.0,
      0.0
    ],
    "ball_in_frame": 1
  },
  "8": {
    "img_file": "8.jpg",
    "car_pos": [
      0.0,
      0.0
    ],
    "car_vel": [
      0.0,
      0.0
    ],
    "ball_in_frame": 1
  },
  "9": {
    "img_file": "9.jpg",
    "car_pos": [
      0.0,
      0.0
    ],
    "car_vel": [
      0.0,
      0.0
    ],
    "ball_in_frame": 1
  },
  "ball_trj": {
    "pos": [
      [
        3.0515875407385558,
        3.0457971980632412,
        3.0401898092208057,
        3.0347653742112484,
        3.0295238930345705,
        3.0244653656907707,
        3.01958979217985,
        3.014897172501808,
        3.010387506656645,
        3.0060607946443603
      ],
      [
        0.12397301103591452,
        0.20978304088599653,
        0.2928817849381853,
        0.37326924319248156,
        0.4509454156488846,
        0.525910302307395,
        0.5981639031680126,
        0.6677062182307367,
        0.734537247495568,
        0.7986569909625072
      ]
    ],
    "vel": [
      [
        -0.027938643060831197,
        -0.027069612354657064,
        -0.02620058164848293,
        -0.0253315509423088,
        -0.02446252023613467,
        -0.023593489529960536,
        -0.0227244588237864,
        -0.021855428117612267,
        -0.020986397411438134,
        -0.020117366705264005
      ],
      [
        0.4140369455578844,
        0.401158338017893,
        0.38827973047790165,
        0.3754011229379103,
        0.3625225153979189,
        0.3496439078579275,
        0.3367653003179361,
        0.3238866927779447,
        0.3110080852379533,
        0.29812947769796194
      ]
    ]
  }
}