{
  "0": {
    "img_file": "0.jpg",
    "car_pos": [
      0.0,
      0.0
    ],
    "car_vel": [
      0.23075599275028802,
      0.0
    ],
    "ball_in_frame": 1
  },
  "1": {
    "img_file": "1.jpg",
    "car_pos": [
      0.04858020900006063,
      0.0
    ],
    "car_vel": [
      0.23075599275028802,
      0.0
    ],
    "ball_in_frame": 1
  },
  "2": {
    "img_file": "2.jpg",
    "car_pos": [
      0.09716041800012123,
      0.0
    ],
    "car_vel": [
      0.23075599275028802,
      0.0
    ],
    "ball_in_frame": 1
  },
  "3": {
    "img_file": "3.jpg",
    "car_pos": [
      0.14574062700018192,
      0.0
    ],
    "car_vel": [
      0.23075599275028802,
      0.0
    ],
    "ball_in_frame": 1
  },
  "4": {
    "img_file": "4.jpg",
    "car_pos": [
      0.19432083600024253,
      0.0
    ],
    "car_vel": [
      0.23075599275028802,
      0.0
    ],
    "ball_in_frame": 1
  },
  "5": {
    "img_file": "5.jpg",
    "car_pos": [
      0.24290104500030318,
      0.0
    ],
    "car_vel": [
      0.23075599275028802,
      0.0
    ],
    "ball_in_frame": 1
  },
  "6": {
    "img_file": "6.jpg",
    "car_pos": [
      0.2914812540003638,
      0.0
    ],
    "car_vel": [
      0.23075599275028802,
      0.0
    ],
    "ball_in_frame": 1
  },
  "7": {
    "img_file": "7.jpg",
    "car_pos": [
      0.34006146300042445,
      0.0
    ],
    "car_vel": [
      0.23075599275028802,
      0.0
    ],
    "ball_in_frame": 1
  },
  "8": {
    "img_file": "8.jpg",
    "car_pos": [
      0.38864167200048505,
      0.0
    ],
    "car_vel": [
      0.23075599275028802,
      0.0
    ],
    "ball_in_frame": 1
  },
  "9": {
    "img_file": "9.jpg",
    "car_pos": [
      0.4372218810005457,
      0.0
    ],
    "car_vel": [
      0.23075599275028802,
      0.0
    ],
    "ball_in_frame": 1
  },
  "ball_trj": {
    "pos": [
      [
        2.3795176055036404,
        2.247299328770238,
        2.117703739212514,
        1.9907308368304681,
        1.8663806216241003,
        1.7446530935934101,
        1.6255482527383986,
        1.5090660990590645,
        1.3952066325554089,
        1.2839698532274313
      ],
      [
        -1.0069034564990806,
        -1.042766220436753,
        -1.0779176091138527,
        -1.1123576225303797,
        -1.1460862606863338,
        -1.1791035235817156,
        -1.2114094112165243,
        -1.2430039235907604,
        -1.2738870607044237,
        -1.3040588225575145
      ]
    ],
    "vel": [
      [
        -0.6342656965258945,
        -0.6218079324414238,
        -0.6093501683569532,
        -0.5968924042724826,
        -0.5844346401880121,
        -0.5719768761035414,
        -0.5595191120190708,
        -0.5470613479346003,
        -0.5346035838501296,
        -0.522145819765659
      ],
      [
        -0.17203764494780427,
        -0.1686586124600838,
        -0.16527957997236328,
        -0.1619005474846428,
        -0.1585215149969223,
        -0.15514248250920182,
        -0.15176345002148134,
        -0.14838441753376086,
        -0.14500538504604035,
        -0.14162635255831987
      ]
    ]
  }
}