{
  "0": {
    "img_file": "0.jpg",
    "car_pos": [
      0.0,
      0.0
    ],
    "car_vel": [
      0.8108705680966429,
      0.0
    ],
    "ball_in_frame": 1
  },
  "1": {
    "img_file": "1.jpg",
    "car_pos": [
      0.1707095932835038,
      0.0
    ],
    "car_vel": [
      0.8108705680966429,
      0.0
    ],
    "ball_in_frame": 1
  },
  "2": {
    "img_file": "2.jpg",
    "car_pos": [
      0.34141918656700754,
      0.0
    ],
    "car_vel": [
      0.8108705680966429,
      0.0
    ],
    "ball_in_frame": 1
  },
  "3": {
    "img_file": "3.jpg",
    "car_pos": [
      0.5121287798505113,
      0.0
    ],
    "car_vel": [
      0.8108705680966429,
      0.0
    ],
    "ball_in_frame": 1
  },
  "4": {
    "img_file": "4.jpg",
    "car_pos": [
      0.6828383731340151,
      0.0
    ],
    "car_vel": [
      0.8108705680966429,
      0.0
    ],
    "ball_in_frame": 1
  },
  "5": {
    "img_file": "5.jpg",
    "car_pos": [
      0.8535479664175187,
      0.0
    ],
    "car_vel": [
      0.8108705680966429,
      0.0
    ],
    "ball_in_frame": 1
  },
  "6": {
    "img_file": "6.jpg",
    "car_pos": [
      1.0242575597010228,
      0.0
    ],
    "car_vel": [
      0.8108705680966429,
      0.0
    ],
    "ball_in_frame": 1
  },
  "7": {
    "img_file": "7.jpg",
    "car_pos": [
      1.1949671529845265,
      0.0
    ],
    "car_vel": [
      0.8108705680966429,
      0.0
    ],
    "ball_in_frame": 1
  },
  "8": {
    "img_file": "8.jpg",
    "car_pos": [
      1.3656767462680302,
      0.0
    ],
    "car_vel": [
      0.8108705680966429,
      0.0
    ],
    "ball_in_frame": 1
  },
  "9": {
    "img_file": "9.jpg",
    "car_pos": [
      1.5363863395515343,
      0.0
    ],
    "car_vel": [
      0.8108705680966429,
      0.0
    ],
    "ball_in_frame": 0
  },
  "ball_trj": {
    "pos": [
      [
        1.8354399785076183,
        1.7994352425470883,
        1.7640733475157617,
        1.7293542934136388,
        1.695278080240719,
        1.6618447079970031,
        1.6290541766824904,
        1.5969064862971813,
        1.565401636841076,
        1.5345396283141737
      ],
      [
        -1.8470179963171318,
        -1.9948991888596126,
        -2.140140059769685,
        -2.28274060904735,
        -2.4227008366926066,
        -2.560020742705455,
        -2.6947003270858962,
        -2.8267395898339283,
        -2.956138530949553,
        -3.08289715043277
      ]
    ],
    "vel": [
      [
        -0.17254924301937558,
        -0.16949574860565908,
        -0.1664422541919426,
        -0.16338875977822612,
        -0.16033526536450962,
        -0.15728177095079313,
        -0.15422827653707666,
        -0.15117478212336016,
        -0.14812128770964367,
        -0.14506779329592717
      ],
      [
        -0.7087064284537522,
        -0.6961649006998142,
        -0.6836233729458762,
        -0.6710818451919381,
        -0.658540317438,
        -0.645998789684062,
        -0.633457261930124,
        -0.620915734176186,
        -0.6083742064222479,
        -0.5958326786683099
      ]
    ]
  }
}