{
  "0": {
    "img_file": "0.jpg",
    "car_pos": [
      0.0,
      0.0
    ],
    "car_vel": [
      0.8094057662617061,
      0.0
    ],
    "ball_in_frame": 1
  },
  "1": {
    "img_file": "1.jpg",
    "car_pos": [
      0.1704012139498329,
      0.0
    ],
    "car_vel": [
      0.8094057662617061,
      0.0
    ],
    "ball_in_frame": 1
  },
  "2": {
    "img_file": "2.jpg",
    "car_pos": [
      0.34080242789966575,
      0.0
    ],
    "car_vel": [
      0.8094057662617061,
      0.0
    ],
    "ball_in_frame": 1
  },
  "3": {
    "img_file": "3.jpg",
    "car_pos": [
      0.5112036418494985,
      0.0
    ],
    "car_vel": [
      0.8094057662617061,
      0.0
    ],
    "ball_in_frame": 1
  },
  "4": {
    "img_file": "4.jpg",
    "car_pos": [
      0.6816048557993315,
      0.0
    ],
    "car_vel": [
      0.8094057662617061,
      0.0
    ],
    "ball_in_frame": 1
  },
  "5": {
    "img_file": "5.jpg",
    "car_pos": [
      0.8520060697491644,
      0.0
    ],
    "car_vel": [
      0.8094057662617061,
      0.0
    ],
    "ball_in_frame": 1
  },
  "6": {
    "img_file": "6.jpg",
    "car_pos": [
      1.022407283698997,
      0.0
    ],
    "car_vel": [
      0.8094057662617061,
      0.0
    ],
    "ball_in_frame": 1
  },
  "7": {
    "img_file": "7.jpg",
    "car_pos": [
      1.19280849764883,
      0.0
    ],
    "car_vel": [
      0.8094057662617061,
      0.0
    ],
    "ball_in_frame": 1
  },
  "8": {
    "img_file": "8.jpg",
    "car_pos": [
      1.3632097115986634,
      0.0
    ],
    "car_vel": [
      0.8094057662617061,
      0.0
    ],
    "ball_in_frame": 1
  },
  "9": {
    "img_file": "9.jpg",
    "car_pos": [
      1.533610925548496,
      0.0
    ],
    "car_vel": [
      0.8094057662617061,
      0.0
    ],
    "ball_in_frame": 1
  },
  "ball_trj": {
    "pos": [
      [
        3.8996930215259407,
        4.03692979932421,
        4.171458856421388,
        4.303280192817476,
        4.432393808512473,
        4.558799703506381,
        4.682497877799197,
        4.803488331390922,
        4.921771064281556,
        5.037346076471101
      ],
      [
        0.7867801078009912,
        0.7984253409118024,
        0.8098408102576153,
        0.8210265158384299,
        0.8319824576542463,
        0.8427086357050642,
        0.8532050499908838,
        0.863471700511705,
        0.873508587267528,
        0.8833157102583526
      ]
    ],
    "vel": [
      [
        0.658305531206868,
        0.6454438578766876,
        0.6325821845465072,
        0.6197205112163268,
        0.6068588378861463,
        0.5939971645559657,
        0.5811354912257853,
        0.5682738178956049,
        0.5554121445654244,
        0.5425504712352439
      ],
      [
        0.05586054621822449,
        0.05476916833448242,
        0.05367779045074035,
        0.05258641256699829,
        0.05149503468325622,
        0.05040365679951415,
        0.04931227891577208,
        0.048220901032030014,
        0.04712952314828793,
        0.046038145264545874
      ]
    ]
  }
}