{
  "0": {
    "img_file": "0.jpg",
    "car_pos": [
      0.0,
      0.0
    ],
    "car_vel": [
      0.0,
      0.0
    ],
    "ball_in_frame": 1
  },
  "1": {
    "img_file": "1.jpg",
    "car_pos": [
      0.0,
      0.0
    ],
    "car_vel": [
      0.0,
      0.0
    ],
    "ball_in_frame": 1
  },
  "2": {
    "img_file": "2.jpg",
    "car_pos": [
      0.0,
      0.0
    ],
    "car_vel": [
      0.0,
      0.0
    ],
    "ball_in_frame": 1
  },
  "3": {
    "img_file": "3.jpg",
    "car_pos": [
      0.0,
      0.0
    ],
    "car_vel": [
      0.0,
      0.0
    ],
    "ball_in_frame": 1
  },
  "4": {
    "img_file": "4.jpg",
    "car_pos": [
      0.0,
      0.0
    ],
    "car_vel": [
      0.0,
      0.0
    ],
    "ball_in_frame": 1
  },
  "5": {
    "img_file": "5.jpg",
    "car_pos": [
      0.0,
      0.0
    ],
    "car_vel": [
      0.0,
      0.0
    ],
    "ball_in_frame": 1
  },
  "6": {
    "img_file": "6.jpg",
    "car_pos": [
      0.0,
      0.0
    ],
    "car_vel": [
      0.0,
      0.0
    ],
    "ball_in_frame": 1
  },
  "7": {
    "img_file": "7.jpg",
    "car_pos": [
      0.0,
      0.0
    ],
    "car_vel": [
      0.0,
      0.0
    ],
    "ball_in_frame": 1
  },
  "8": {
    "img_file": "8.jpg",
    "car_pos": [
      0.0,
      0.0
    ],
    "car_vel": [
      0.0,
      0.0
    ],
    "ball_in_frame": 1
  },
  "9": {
    "img_file": "9.jpg",
    "car_pos": [
      0.0,
      0.0
    ],
    "car_vel": [
      0.0,
      0.0
    ],
    "ball_in_frame": 1
  },
  "ball_trj": {
    "pos": [
      [
        3.1124290149838068,
        3.142304799418386,
        3.1710083290401148,
        3.1985396038489933,
        3.2248986238450223,
        3.250085389028201,
        3.27409989939853,
        3.2969421549560085,
        3.318612155700637,
        3.339109901632416
      ],
      [
        1.1751645424430568,
        1.237645487143856,
        1.2976748279948107,
        1.3552525649959215,
        1.410378698147188,
        1.4630532274486105,
        1.5132761529001888,
        1.561047474501923,
        1.606367192253812,
        1.649235306155858
      ]
    ],
    "vel": [
      [
        0.14469408124476862,
        0.13912587088373096,
        0.13355766052269327,
        0.1279894501616556,
        0.12242123980061792,
        0.11685302943958026,
        0.11128481907854257,
        0.10571660871750492,
        0.10014839835646723,
        0.09458018799542954
      ],
      [
        0.3026070464721752,
        0.2909619281854153,
        0.2793168098986554,
        0.2676716916118956,
        0.2560265733251357,
        0.24438145503837583,
        0.23273633675161598,
        0.2210912184648561,
        0.20944610017809628,
        0.1978009818913364
      ]
    ]
  }
}