{
  "0": {
    "img_file": "0.jpg",
    "car_pos": [
      0.0,
      0.0
    ],
    "car_vel": [
      0.899298813086613,
      0.0
    ],
    "ball_in_frame": 1
  },
  "1": {
    "img_file": "1.jpg",
    "car_pos": [
      0.1893260659129712,
      0.0
    ],
    "car_vel": [
      0.899298813086613,
      0.0
    ],
    "ball_in_frame": 1
  },
  "2": {
    "img_file": "2.jpg",
    "car_pos": [
      0.37865213182594226,
      0.0
    ],
    "car_vel": [
      0.899298813086613,
      0.0
    ],
    "ball_in_frame": 1
  },
  "3": {
    "img_file": "3.jpg",
    "car_pos": [
      0.5679781977389134,
      0.0
    ],
    "car_vel": [
      0.899298813086613,
      0.0
    ],
    "ball_in_frame": 1
  },
  "4": {
    "img_file": "4.jpg",
    "car_pos": [
      0.7573042636518845,
      0.0
    ],
    "car_vel": [
      0.899298813086613,
      0.0
    ],
    "ball_in_frame": 1
  },
  "5": {
    "img_file": "5.jpg",
    "car_pos": [
      0.9466303295648557,
      0.0
    ],
    "car_vel": [
      0.899298813086613,
      0.0
    ],
    "ball_in_frame": 1
  },
  "6": {
    "img_file": "6.jpg",
    "car_pos": [
      1.135956395477827,
      0.0
    ],
    "car_vel": [
      0.899298813086613,
      0.0
    ],
    "ball_in_frame": 1
  },
  "7": {
    "img_file": "7.jpg",
    "car_pos": [
      1.325282461390798,
      0.0
    ],
    "car_vel": [
      0.899298813086613,
      0.0
    ],
    "ball_in_frame": 1
  },
  "8": {
    "img_file": "8.jpg",
    "car_pos": [
      1.5146085273037693,
      0.0
    ],
    "car_vel": [
      0.899298813086613,
      0.0
    ],
    "ball_in_frame": 1
  },
  "9": {
    "img_file": "9.jpg",
    "car_pos": [
      1.7039345932167407,
      0.0
    ],
    "car_vel": [
      0.899298813086613,
      0.0
    ],
    "ball_in_frame": 1
  },
  "ball_trj": {
    "pos": [
      [
        2.8933267081724727,
        2.817656291958448,
        2.743981327016681,
        2.6723018133471728,
        2.6026177509499226,
        2.5349291398249307,
        2.469235979972197,
        2.4055382713917215,
        2.3438360140835046,
        2.2841292080475455
      ],
      [
        0.9308779217296036,
        1.0008295634096995,
        1.068936559594622,
        1.135198910284371,
        1.1996166154789463,
        1.2621896751783483,
        1.322918089382577,
        1.381801858091632,
        1.4388409813055139,
        1.494035459024222
      ]
    ],
    "vel": [
      [
        -0.36417367378823184,
        -0.3546952802450051,
        -0.3452168867017783,
        -0.33573849315855153,
        -0.3262600996153247,
        -0.31678170607209793,
        -0.3073033125288712,
        -0.2978249189856444,
        -0.2883465254424176,
        -0.27886813189919085
      ],
      [
        0.3366513310314922,
        0.3278892649294182,
        0.3191271988273443,
        0.3103651327252704,
        0.30160306662319647,
        0.2928410005211225,
        0.2840789344190485,
        0.27531686831697466,
        0.2665548022149007,
        0.2577927361128267
      ]
    ]
  }
}