{
  "0": {
    "img_file": "0.jpg",
    "car_pos": [
      0.0,
      0.0
    ],
    "car_vel": [
      0.5713319632008333,
      0.0
    ],
    "ball_in_frame": 1
  },
  "1": {
    "img_file": "1.jpg",
    "car_pos": [
      0.12028041330543864,
      0.0
    ],
    "car_vel": [
      0.5713319632008333,
      0.0
    ],
    "ball_in_frame": 1
  },
  "2": {
    "img_file": "2.jpg",
    "car_pos": [
      0.24056082661087722,
      0.0
    ],
    "car_vel": [
      0.5713319632008333,
      0.0
    ],
    "ball_in_frame": 1
  },
  "3": {
    "img_file": "3.jpg",
    "car_pos": [
      0.3608412399163158,
      0.0
    ],
    "car_vel": [
      0.5713319632008333,
      0.0
    ],
    "ball_in_frame": 1
  },
  "4": {
    "img_file": "4.jpg",
    "car_pos": [
      0.4811216532217544,
      0.0
    ],
    "car_vel": [
      0.5713319632008333,
      0.0
    ],
    "ball_in_frame": 1
  },
  "5": {
    "img_file": "5.jpg",
    "car_pos": [
      0.601402066527193,
      0.0
    ],
    "car_vel": [
      0.5713319632008333,
      0.0
    ],
    "ball_in_frame": 1
  },
  "6": {
    "img_file": "6.jpg",
    "car_pos": [
      0.7216824798326316,
      0.0
    ],
    "car_vel": [
      0.5713319632008333,
      0.0
    ],
    "ball_in_frame": 1
  },
  "7": {
    "img_file": "7.jpg",
    "car_pos": [
      0.8419628931380703,
      0.0
    ],
    "car_vel": [
      0.5713319632008333,
      0.0
    ],
    "ball_in_frame": 1
  },
  "8": {
    "img_file": "8.jpg",
    "car_pos": [
      0.9622433064435091,
      0.0
    ],
    "car_vel": [
      0.5713319632008333,
      0.0
    ],
    "ball_in_frame": 1
  },
  "9": {
    "img_file": "9.jpg",
    "car_pos": [
      1.0825237197489477,
      0.0
    ],
    "car_vel": [
      0.5713319632008333,
      0.0
    ],
    "ball_in_frame": 1
  },
  "ball_trj": {
    "pos": [
      [
        2.247193840323346,
        2.2471939982372104,
        2.2471940464079156,
        2.2471940202340144,
        2.247194003226024,
        2.2471940623837035,
        2.247194244685576,
        2.247194506539727,
        2.247194763713461,
        2.2471949487448106
      ],
      [
        -0.2539528471855223,
        -0.253952886851393,
        -0.25395289895123596,
        -0.2539528923766996,
        -0.25395288810451894,
        -0.2539529029641456,
        -0.253952948755962,
        -0.2539530145302568,
        -0.25395307912889276,
        -0.2539531256063178
      ]
    ],
    "vel": [
      [
        3.437918931157582e-05,
        6.384983164081537e-06,
        9.045841646504556e-05,
        0.00013397529817208448,
        9.160999377969337e-05,
        -3.7893123110618086e-07,
        -8.463391299940492e-05,
        -0.00013260336029977536,
        -9.511733134455358e-05,
        -7.75237324475888e-06
      ],
      [
        -8.635596871944674e-06,
        -1.6038231774300735e-06,
        -2.272195575023518e-05,
        -3.365281988842917e-05,
        -2.3011216714652693e-05,
        9.518250486845146e-08,
        2.1258917647367502e-05,
        3.330820727143901e-05,
        2.3892213442919705e-05,
        1.9472934494135183e-06
      ]
    ]
  }
}