{
  "0": {
    "img_file": "0.jpg",
    "car_pos": [
      0.0,
      0.0
    ],
    "car_vel": [
      0.0,
      0.0
    ],
    "ball_in_frame": 1
  },
  "1": {
    "img_file": "1.jpg",
    "car_pos": [
      0.0,
      0.0
    ],
    "car_vel": [
      0.0,
      0.0
    ],
    "ball_in_frame": 1
  },
  "2": {
    "img_file": "2.jpg",
    "car_pos": [
      0.0,
      0.0
    ],
    "car_vel": [
      0.0,
      0.0
    ],
    "ball_in_frame": 1
  },
  "3": {
    "img_file": "3.jpg",
    "car_pos": [
      0.0,
      0.0
    ],
    "car_vel": [
      0.0,
      0.0
    ],
    "ball_in_frame": 1
  },
  "4": {
    "img_file": "4.jpg",
    "car_pos": [
      0.0,
      0.0
    ],
    "car_vel": [
      0.0,
      0.0
    ],
    "ball_in_frame": 1
  },
  "5": {
    "img_file": "5.jpg",
    "car_pos": [
      0.0,
      0.0
    ],
    "car_vel": [
      0.0,
      0.0
    ],
    "ball_in_frame": 1
  },
  "6": {
    "img_file": "6.jpg",
    "car_pos": [
      0.0,
      0.0
    ],
    "car_vel": [
      0.0,
      0.0
    ],
    "ball_in_frame": 1
  },
  "7": {
    "img_file": "7.jpg",
    "car_pos": [
      0.0,
      0.0
    ],
    "car_vel": [
      0.0,
      0.0
    ],
    "ball_in_frame": 1
  },
  "8": {
    "img_file": "8.jpg",
    "car_pos": [
      0.0,
      0.0
    ],
    "car_vel": [
      0.0,
      0.0
    ],
    "ball_in_frame": 1
  },
  "9": {
    "img_file": "9.jpg",
    "car_pos": [
      0.0,
      0.0
    ],
    "car_vel": [
      0.0,
      0.0
    ],
    "ball_in_frame": 1
  },
  "ball_trj": {
    "pos": [
      [
        4.787928542169481,
        4.936777989595019,
        5.083020181667515,
        5.2266551183869705,
        5.367682799753386,
        5.506103225766759,
        5.64191639642709,
        5.775122311734381,
        5.9057209716886305,
        6.03371237628984
      ],
      [
        -0.22168116108929556,
        -0.2654127002226101,
        -0.30837823523918684,
        -0.35057776613902636,
        -0.39201129292212833,
        -0.43267881558849297,
        -0.47258033413811973,
        -0.511715848571009,
        -0.550085358887161,
        -0.5876888650865755
      ]
    ],
    "vel": [
      [
        0.7132271067347778,
        0.7008426438078321,
        0.6884581808808863,
        0.6760737179539406,
        0.6636892550269947,
        0.651304792100049,
        0.6389203291731032,
        0.6265358662461573,
        0.6141514033192115,
        0.6017669403922656
      ],
      [
        -0.20954407066049513,
        -0.20590555110599196,
        -0.20226703155148879,
        -0.19862851199698564,
        -0.19498999244248247,
        -0.19135147288797932,
        -0.18771295333347615,
        -0.18407443377897298,
        -0.1804359142244698,
        -0.17679739466996663
      ]
    ]
  }
}