{
  "0": {
    "img_file": "0.jpg",
    "car_pos": [
      0.0,
      0.0
    ],
    "car_vel": [
      0.0,
      0.0
    ],
    "ball_in_frame": 1
  },
  "1": {
    "img_file": "1.jpg",
    "car_pos": [
      0.0,
      0.0
    ],
    "car_vel": [
      0.0,
      0.0
    ],
    "ball_in_frame": 1
  },
  "2": {
    "img_file": "2.jpg",
    "car_pos": [
      0.0,
      0.0
    ],
    "car_vel": [
      0.0,
      0.0
    ],
    "ball_in_frame": 1
  },
  "3": {
    "img_file": "3.jpg",
    "car_pos": [
      0.0,
      0.0
    ],
    "car_vel": [
      0.0,
      0.0
    ],
    "ball_in_frame": 1
  },
  "4": {
    "img_file": "4.jpg",
    "car_pos": [
      0.0,
      0.0
    ],
    "car_vel": [
      0.0,
      0.0
    ],
    "ball_in_frame": 1
  },
  "5": {
    "img_file": "5.jpg",
    "car_pos": [
      0.0,
      0.0
    ],
    "car_vel": [
      0.0,
      0.0
    ],
    "ball_in_frame": 1
  },
  "6": {
    "img_file": "6.jpg",
    "car_pos": [
      0.0,
      0.0
    ],
    "car_vel": [
      0.0,
      0.0
    ],
    "ball_in_frame": 1
  },
  "7": {
    "img_file": "7.jpg",
    "car_pos": [
      0.0,
      0.0
    ],
    "car_vel": [
      0.0,
      0.0
    ],
    "ball_in_frame": 1
  },
  "8": {
    "img_file": "8.jpg",
    "car_pos": [
      0.0,
      0.0
    ],
    "car_vel": [
      0.0,
      0.0
    ],
    "ball_in_frame": 1
  },
  "9": {
    "img_file": "9.jpg",
    "car_pos": [
      0.0,
      0.0
    ],
    "car_vel": [
      0.0,
      0.0
    ],
    "ball_in_frame": 1
  },
  "ball_trj": {
    "pos": [
      [
        2.4765863066093776,
        2.4213605773442044,
        2.367085956753684,
        2.3137624448378173,
        2.2613900415966035,
        2.2099687470300426,
        2.159498561138135,
        2.109979483920881,
        2.0614115153782806,
        2.013794655510333
      ],
      [
        -1.8188193722945578,
        -1.9666269310091993,
        -2.111888918064699,
        -2.2546053334610585,
        -2.394776177198277,
        -2.532401449276355,
        -2.6674811496952926,
        -2.800015278455089,
        -2.930003835555743,
        -3.0574468209972583
      ]
    ],
    "vel": [
      [
        -0.2645810971118739,
        -0.2600633309072713,
        -0.25554556470266876,
        -0.2510277984980662,
        -0.24651003229346363,
        -0.2419922660888611,
        -0.23747449988425856,
        -0.23295673367965597,
        -0.22843896747505343,
        -0.22392120127045087
      ],
      [
        -0.7081316365850024,
        -0.696040171204084,
        -0.6839487058231657,
        -0.6718572404422474,
        -0.6597657750613289,
        -0.6476743096804105,
        -0.6355828442994922,
        -0.6234913789185739,
        -0.6113999135376555,
        -0.5993084481567372
      ]
    ]
  }
}