{
  "0": {
    "img_file": "0.jpg",
    "car_pos": [
      0.0,
      0.0
    ],
    "car_vel": [
      0.43994468966979616,
      0.0
    ],
    "ball_in_frame": 1
  },
  "1": {
    "img_file": "1.jpg",
    "car_pos": [
      0.0926199346673255,
      0.0
    ],
    "car_vel": [
      0.43994468966979616,
      0.0
    ],
    "ball_in_frame": 1
  },
  "2": {
    "img_file": "2.jpg",
    "car_pos": [
      0.185239869334651,
      0.0
    ],
    "car_vel": [
      0.43994468966979616,
      0.0
    ],
    "ball_in_frame": 1
  },
  "3": {
    "img_file": "3.jpg",
    "car_pos": [
      0.2778598040019765,
      0.0
    ],
    "car_vel": [
      0.43994468966979616,
      0.0
    ],
    "ball_in_frame": 1
  },
  "4": {
    "img_file": "4.jpg",
    "car_pos": [
      0.370479738669302,
      0.0
    ],
    "car_vel": [
      0.43994468966979616,
      0.0
    ],
    "ball_in_frame": 1
  },
  "5": {
    "img_file": "5.jpg",
    "car_pos": [
      0.4630996733366275,
      0.0
    ],
    "car_vel": [
      0.43994468966979616,
      0.0
    ],
    "ball_in_frame": 1
  },
  "6": {
    "img_file": "6.jpg",
    "car_pos": [
      0.555719608003953,
      0.0
    ],
    "car_vel": [
      0.43994468966979616,
      0.0
    ],
    "ball_in_frame": 1
  },
  "7": {
    "img_file": "7.jpg",
    "car_pos": [
      0.6483395426712786,
      0.0
    ],
    "car_vel": [
      0.43994468966979616,
      0.0
    ],
    "ball_in_frame": 1
  },
  "8": {
    "img_file": "8.jpg",
    "car_pos": [
      0.7409594773386041,
      0.0
    ],
    "car_vel": [
      0.43994468966979616,
      0.0
    ],
    "ball_in_frame": 1
  },
  "9": {
    "img_file": "9.jpg",
    "car_pos": [
      0.8335794120059294,
      0.0
    ],
    "car_vel": [
      0.43994468966979616,
      0.0
    ],
    "ball_in_frame": 1
  },
  "ball_trj": {
    "pos": [
      [
        4.8236509420761875,
        4.927993120593623,
        5.029759652978523,
        5.128950539230887,
        5.225565779350717,
        5.3196053733380095,
        5.411069321192766,
        5.499957622914987,
        5.5862702785046725,
        5.670007287961822
      ],
      [
        0.32356432903552573,
        0.28846692227489146,
        0.25423588136236885,
        0.2208712062979578,
        0.1883728970816581,
        0.15674095371347024,
        0.12597537619339372,
        0.09607616452142886,
        0.0670433186975754,
        0.03887683872183367
      ]
    ],
    "vel": [
      [
        0.5017425075225931,
        0.4895081883930478,
        0.47727386926350257,
        0.46503955013395737,
        0.45280523100441206,
        0.44057091187486674,
        0.42833659274532154,
        0.41610227361577623,
        0.403867954486231,
        0.3916336353566857
      ],
      [
        -0.1687703010022772,
        -0.16465506322374734,
        -0.1605398254452175,
        -0.15642458766668765,
        -0.1523093498881578,
        -0.14819411210962796,
        -0.14407887433109812,
        -0.13996363655256827,
        -0.13584839877403843,
        -0.13173316099550855
      ]
    ]
  }
}