{
  "0": {
    "img_file": "0.jpg",
    "car_pos": [
      0.0,
      0.0
    ],
    "car_vel": [
      0.620551829515058,
      0.0
    ],
    "ball_in_frame": 1
  },
  "1": {
    "img_file": "1.jpg",
    "car_pos": [
      0.13064249042422277,
      0.0
    ],
    "car_vel": [
      0.620551829515058,
      0.0
    ],
    "ball_in_frame": 1
  },
  "2": {
    "img_file": "2.jpg",
    "car_pos": [
      0.2612849808484455,
      0.0
    ],
    "car_vel": [
      0.620551829515058,
      0.0
    ],
    "ball_in_frame": 1
  },
  "3": {
    "img_file": "3.jpg",
    "car_pos": [
      0.3919274712726682,
      0.0
    ],
    "car_vel": [
      0.620551829515058,
      0.0
    ],
    "ball_in_frame": 1
  },
  "4": {
    "img_file": "4.jpg",
    "car_pos": [
      0.522569961696891,
      0.0
    ],
    "car_vel": [
      0.620551829515058,
      0.0
    ],
    "ball_in_frame": 1
  },
  "5": {
    "img_file": "5.jpg",
    "car_pos": [
      0.6532124521211137,
      0.0
    ],
    "car_vel": [
      0.620551829515058,
      0.0
    ],
    "ball_in_frame": 1
  },
  "6": {
    "img_file": "6.jpg",
    "car_pos": [
      0.7838549425453365,
      0.0
    ],
    "car_vel": [
      0.620551829515058,
      0.0
    ],
    "ball_in_frame": 1
  },
  "7": {
    "img_file": "7.jpg",
    "car_pos": [
      0.9144974329695592,
      0.0
    ],
    "car_vel": [
      0.620551829515058,
      0.0
    ],
    "ball_in_frame": 1
  },
  "8": {
    "img_file": "8.jpg",
    "car_pos": [
      1.045139923393782,
      0.0
    ],
    "car_vel": [
      0.620551829515058,
      0.0
    ],
    "ball_in_frame": 1
  },
  "9": {
    "img_file": "9.jpg",
    "car_pos": [
      1.1757824138180046,
      0.0
    ],
    "car_vel": [
      0.620551829515058,
      0.0
    ],
    "ball_in_frame": 1
  },
  "ball_trj": {
    "pos": [
      [
        4.617020351181795,
        4.718013093859049,
        4.816289040768651,
        4.9118481919105985,
        5.004690547284895,
        5.094816106891536,
        5.182224870730526,
        5.266916838801862,
        5.348892011105544,
        5.428150387641574
      ],
      [
        0.642449560489679,
        0.6402304753032675,
        0.6380710855076602,
        0.6359713911028572,
        0.6339313920888582,
        0.6319510884656635,
        0.6300304802332729,
        0.6281695673916865,
        0.6263683499409043,
        0.6246268278809262
      ]
    ],
    "vel": [
      [
        0.4861679176651349,
        0.4732631377687828,
        0.46035835787243073,
        0.44745357797607865,
        0.4345487980797267,
        0.4216440181833746,
        0.4087392382870225,
        0.3958344583906705,
        0.3829296784943184,
        0.3700248985979664
      ],
      [
        -0.01068243118861433,
        -0.010398878082294494,
        -0.01011532497597466,
        -0.009831771869654827,
        -0.009548218763334991,
        -0.009264665657015156,
        -0.008981112550695322,
        -0.008697559444375488,
        -0.008414006338055655,
        -0.008130453231735819
      ]
    ]
  }
}