{
  "0": {
    "img_file": "0.jpg",
    "car_pos": [
      0.0,
      0.0
    ],
    "car_vel": [
      0.8913314916216447,
      0.0
    ],
    "ball_in_frame": 1
  },
  "1": {
    "img_file": "1.jpg",
    "car_pos": [
      0.18764873507824098,
      0.0
    ],
    "car_vel": [
      0.8913314916216447,
      0.0
    ],
    "ball_in_frame": 1
  },
  "2": {
    "img_file": "2.jpg",
    "car_pos": [
      0.375297470156482,
      0.0
    ],
    "car_vel": [
      0.8913314916216447,
      0.0
    ],
    "ball_in_frame": 1
  },
  "3": {
    "img_file": "3.jpg",
    "car_pos": [
      0.5629462052347229,
      0.0
    ],
    "car_vel": [
      0.8913314916216447,
      0.0
    ],
    "ball_in_frame": 1
  },
  "4": {
    "img_file": "4.jpg",
    "car_pos": [
      0.750594940312964,
      0.0
    ],
    "car_vel": [
      0.8913314916216447,
      0.0
    ],
    "ball_in_frame": 1
  },
  "5": {
    "img_file": "5.jpg",
    "car_pos": [
      0.9382436753912049,
      0.0
    ],
    "car_vel": [
      0.8913314916216447,
      0.0
    ],
    "ball_in_frame": 1
  },
  "6": {
    "img_file": "6.jpg",
    "car_pos": [
      1.1258924104694459,
      0.0
    ],
    "car_vel": [
      0.8913314916216447,
      0.0
    ],
    "ball_in_frame": 1
  },
  "7": {
    "img_file": "7.jpg",
    "car_pos": [
      1.3135411455476869,
      0.0
    ],
    "car_vel": [
      0.8913314916216447,
      0.0
    ],
    "ball_in_frame": 1
  },
  "8": {
    "img_file": "8.jpg",
    "car_pos": [
      1.5011898806259278,
      0.0
    ],
    "car_vel": [
      0.8913314916216447,
      0.0
    ],
    "ball_in_frame": 0
  },
  "9": {
    "img_file": "9.jpg",
    "car_pos": [
      1.6888386157041688,
      0.0
    ],
    "car_vel": [
      0.8913314916216447,
      0.0
    ],
    "ball_in_frame": 0
  },
  "ball_trj": {
    "pos": [
      [
        0.9124319095143234,
        0.7280361380453104,
        0.5458424428364632,
        0.3658508238877807,
        0.18806128119926147,
        0.012473814770908032,
        -0.1609115753972814,
        -0.3320948893053055,
        -0.5010761269531652,
        -0.6678552883408604
      ],
      [
        1.8251167458280615,
        1.9584511106627502,
        2.0901931806355365,
        2.2203429557464203,
        2.3489004359954024,
        2.475865621382483,
        2.6012385119076598,
        2.7250191075709354,
        2.847207408372309,
        2.9678034143117777
      ]
    ],
    "vel": [
      [
        -0.8811098455956996,
        -0.8706499833599175,
        -0.8601901211241354,
        -0.8497302588883533,
        -0.8392703966525712,
        -0.8288105344167891,
        -0.818350672181007,
        -0.8078908099452249,
        -0.7974309477094428,
        -0.7869710854736607
      ],
      [
        0.6371199332617875,
        0.629556532667752,
        0.6219931320737166,
        0.6144297314796812,
        0.6068663308856457,
        0.5993029302916103,
        0.5917395296975748,
        0.5841761291035394,
        0.576612728509504,
        0.5690493279154685
      ]
    ]
  }
}