{
  "0": {
    "img_file": "0.jpg",
    "car_pos": [
      0.0,
      0.0
    ],
    "car_vel": [
      0.0,
      0.0
    ],
    "ball_in_frame": 1
  },
  "1": {
    "img_file": "1.jpg",
    "car_pos": [
      0.0,
      0.0
    ],
    "car_vel": [
      0.0,
      0.0
    ],
    "ball_in_frame": 1
  },
  "2": {
    "img_file": "2.jpg",
    "car_pos": [
      0.0,
      0.0
    ],
    "car_vel": [
      0.0,
      0.0
    ],
    "ball_in_frame": 1
  },
  "3": {
    "img_file": "3.jpg",
    "car_pos": [
      0.0,
      0.0
    ],
    "car_vel": [
      0.0,
      0.0
    ],
    "ball_in_frame": 1
  },
  "4": {
    "img_file": "4.jpg",
    "car_pos": [
      0.0,
      0.0
    ],
    "car_vel": [
      0.0,
      0.0
    ],
    "ball_in_frame": 1
  },
  "5": {
    "img_file": "5.jpg",
    "car_pos": [
      0.0,
      0.0
    ],
    "car_vel": [
      0.0,
      0.0
    ],
    "ball_in_frame": 1
  },
  "6": {
    "img_file": "6.jpg",
    "car_pos": [
      0.0,
      0.0
    ],
    "car_vel": [
      0.0,
      0.0
    ],
    "ball_in_frame": 1
  },
  "7": {
    "img_file": "7.jpg",
    "car_pos": [
      0.0,
      0.0
    ],
    "car_vel": [
      0.0,
      0.0
    ],
    "ball_in_frame": 1
  },
  "8": {
    "img_file": "8.jpg",
    "car_pos": [
      0.0,
      0.0
    ],
    "car_vel": [
      0.0,
      0.0
    ],
    "ball_in_frame": 1
  },
  "9": {
    "img_file": "9.jpg",
    "car_pos": [
      0.0,
      0.0
    ],
    "car_vel": [
      0.0,
      0.0
    ],
    "ball_in_frame": 1
  },
  "ball_trj": {
    "pos": [
      [
        3.7831690088825978,
        3.765629714433311,
        3.74872196952417,
        3.7324457741551753,
        3.716801128326327,
        3.7017880320376246,
        3.687406485289069,
        3.6736564880806593,
        3.660538040412396,
        3.6480511422842787
      ],
      [
        1.636054186840762,
        1.7094564223973712,
        1.7802156127479416,
        1.848331757892474,
        1.9138048578309679,
        1.9766349125634237,
        2.036821922089841,
        2.0943658864102206,
        2.1492668055245616,
        2.2015246794328642
      ]
    ],
    "vel": [
      [
        -0.08481157879196068,
        -0.08181171847626606,
        -0.07881185816057143,
        -0.07581199784487681,
        -0.07281213752918218,
        -0.06981227721348757,
        -0.06681241689779294,
        -0.06381255658209833,
        -0.06081269626640369,
        -0.05781283595070907
      ],
      [
        0.3549378512582325,
        0.3423833865295507,
        0.3298289218008688,
        0.317274457072187,
        0.3047199923435051,
        0.29216552761482323,
        0.2796110628861414,
        0.2670565981574595,
        0.25450213342877764,
        0.2419476687000958
      ]
    ]
  }
}