{
  "0": {
    "img_file": "0.jpg",
    "car_pos": [
      0.0,
      0.0
    ],
    "car_vel": [
      0.6895704842566469,
      0.0
    ],
    "ball_in_frame": 1
  },
  "1": {
    "img_file": "1.jpg",
    "car_pos": [
      0.14517273352771515,
      0.0
    ],
    "car_vel": [
      0.6895704842566469,
      0.0
    ],
    "ball_in_frame": 1
  },
  "2": {
    "img_file": "2.jpg",
    "car_pos": [
      0.2903454670554303,
      0.0
    ],
    "car_vel": [
      0.6895704842566469,
      0.0
    ],
    "ball_in_frame": 1
  },
  "3": {
    "img_file": "3.jpg",
    "car_pos": [
      0.43551820058314544,
      0.0
    ],
    "car_vel": [
      0.6895704842566469,
      0.0
    ],
    "ball_in_frame": 1
  },
  "4": {
    "img_file": "4.jpg",
    "car_pos": [
      0.5806909341108606,
      0.0
    ],
    "car_vel": [
      0.6895704842566469,
      0.0
    ],
    "ball_in_frame": 1
  },
  "5": {
    "img_file": "5.jpg",
    "car_pos": [
      0.7258636676385757,
      0.0
    ],
    "car_vel": [
      0.6895704842566469,
      0.0
    ],
    "ball_in_frame": 1
  },
  "6": {
    "img_file": "6.jpg",
    "car_pos": [
      0.8710364011662908,
      0.0
    ],
    "car_vel": [
      0.6895704842566469,
      0.0
    ],
    "ball_in_frame": 1
  },
  "7": {
    "img_file": "7.jpg",
    "car_pos": [
      1.016209134694006,
      0.0
    ],
    "car_vel": [
      0.6895704842566469,
      0.0
    ],
    "ball_in_frame": 1
  },
  "8": {
    "img_file": "8.jpg",
    "car_pos": [
      1.1613818682217212,
      0.0
    ],
    "car_vel": [
      0.6895704842566469,
      0.0
    ],
    "ball_in_frame": 1
  },
  "9": {
    "img_file": "9.jpg",
    "car_pos": [
      1.3065546017494365,
      0.0
    ],
    "car_vel": [
      0.6895704842566469,
      0.0
    ],
    "ball_in_frame": 1
  },
  "ball_trj": {
    "pos": [
      [
        2.9295295212658026,
        2.8403880751679944,
        2.7539639161484786,
        2.670257044207255,
        2.589267459344324,
        2.510995161559684,
        2.4354401508533376,
        2.3626024272252835,
        2.2924819906755207,
        2.2250788412040508
      ],
      [
        -0.8274601918062395,
        -0.8284409098212514,
        -0.8293917327368869,
        -0.8303126605531462,
        -0.8312036932700293,
        -0.832064830887536,
        -0.8328960734056664,
        -0.8336974208244206,
        -0.8344688731437984,
        -0.8352104303637999
      ]
    ],
    "vel": [
      [
        -0.42987542577553284,
        -0.41696831215364455,
        -0.4040611985317562,
        -0.3911540849098679,
        -0.37824697128797957,
        -0.3653398576660913,
        -0.352432744044203,
        -0.33952563042231465,
        -0.32661851680042625,
        -0.31371140317853796
      ],
      [
        -0.004729411432325063,
        -0.0045874097102876835,
        -0.0044454079882503056,
        -0.004303406266212927,
        -0.004161404544175547,
        -0.004019402822138168,
        -0.00387740110010079,
        -0.003735399378063411,
        -0.0035933976560260316,
        -0.003451395933988653
      ]
    ]
  }
}