{
  "0": {
    "img_file": "0.jpg",
    "car_pos": [
      0.0,
      0.0
    ],
    "car_vel": [
      0.0,
      0.0
    ],
    "ball_in_frame": 1
  },
  "1": {
    "img_file": "1.jpg",
    "car_pos": [
      0.0,
      0.0
    ],
    "car_vel": [
      0.0,
      0.0
    ],
    "ball_in_frame": 1
  },
  "2": {
    "img_file": "2.jpg",
    "car_pos": [
      0.0,
      0.0
    ],
    "car_vel": [
      0.0,
      0.0
    ],
    "ball_in_frame": 1
  },
  "3": {
    "img_file": "3.jpg",
    "car_pos": [
      0.0,
      0.0
    ],
    "car_vel": [
      0.0,
      0.0
    ],
    "ball_in_frame": 1
  },
  "4": {
    "img_file": "4.jpg",
    "car_pos": [
      0.0,
      0.0
    ],
    "car_vel": [
      0.0,
      0.0
    ],
    "ball_in_frame": 1
  },
  "5": {
    "img_file": "5.jpg",
    "car_pos": [
      0.0,
      0.0
    ],
    "car_vel": [
      0.0,
      0.0
    ],
    "ball_in_frame": 1
  },
  "6": {
    "img_file": "6.jpg",
    "car_pos": [
      0.0,
      0.0
    ],
    "car_vel": [
      0.0,
      0.0
    ],
    "ball_in_frame": 1
  },
  "7": {
    "img_file": "7.jpg",
    "car_pos": [
      0.0,
      0.0
    ],
    "car_vel": [
      0.0,
      0.0
    ],
    "ball_in_frame": 1
  },
  "8": {
    "img_file": "8.jpg",
    "car_pos": [
      0.0,
      0.0
    ],
    "car_vel": [
      0.0,
      0.0
    ],
    "ball_in_frame": 1
  },
  "9": {
    "img_file": "9.jpg",
    "car_pos": [
      0.0,
      0.0
    ],
    "car_vel": [
      0.0,
      0.0
    ],
    "ball_in_frame": 1
  },
  "ball_trj": {
    "pos": [
      [
        1.5605026187253526,
        1.518622001335074,
        1.478817508689914,
        1.4410891407898725,
        1.4054368976349494,
        1.3718607792251452,
        1.3403607855604591,
        1.3109369166408917,
        1.283589172466443,
        1.258317553037113
      ],
      [
        0.45207745963179513,
        0.4167079418838573,
        0.38309177772990083,
        0.35122896716992585,
        0.32111951020393215,
        0.2927634068319197,
        0.2661606570538888,
        0.241311260869839,
        0.21821521827977075,
        0.19687252928368382
      ]
    ],
    "vel": [
      [
        -0.20386372887347964,
        -0.19400213633416657,
        -0.18414054379485345,
        -0.1742789512555404,
        -0.1644173587162273,
        -0.1545557661769142,
        -0.14469417363760115,
        -0.13483258109828808,
        -0.12497098855897495,
        -0.11510939601966186
      ],
      [
        -0.1721694240884103,
        -0.16384099451699885,
        -0.1555125649455874,
        -0.14718413537417596,
        -0.13885570580276452,
        -0.13052727623135305,
        -0.1221988466599416,
        -0.11387041708853017,
        -0.10554198751711871,
        -0.09721355794570724
      ]
    ]
  }
}