{
  "0": {
    "img_file": "0.jpg",
    "car_pos": [
      0.0,
      0.0
    ],
    "car_vel": [
      0.18738756661912337,
      0.0
    ],
    "ball_in_frame": 1
  },
  "1": {
    "img_file": "1.jpg",
    "car_pos": [
      0.03945001402507862,
      0.0
    ],
    "car_vel": [
      0.18738756661912337,
      0.0
    ],
    "ball_in_frame": 1
  },
  "2": {
    "img_file": "2.jpg",
    "car_pos": [
      0.07890002805015726,
      0.0
    ],
    "car_vel": [
      0.18738756661912337,
      0.0
    ],
    "ball_in_frame": 1
  },
  "3": {
    "img_file": "3.jpg",
    "car_pos": [
      0.11835004207523578,
      0.0
    ],
    "car_vel": [
      0.18738756661912337,
      0.0
    ],
    "ball_in_frame": 1
  },
  "4": {
    "img_file": "4.jpg",
    "car_pos": [
      0.1578000561003144,
      0.0
    ],
    "car_vel": [
      0.18738756661912337,
      0.0
    ],
    "ball_in_frame": 1
  },
  "5": {
    "img_file": "5.jpg",
    "car_pos": [
      0.19725007012539297,
      0.0
    ],
    "car_vel": [
      0.18738756661912337,
      0.0
    ],
    "ball_in_frame": 1
  },
  "6": {
    "img_file": "6.jpg",
    "car_pos": [
      0.23670008415047156,
      0.0
    ],
    "car_vel": [
      0.18738756661912337,
      0.0
    ],
    "ball_in_frame": 1
  },
  "7": {
    "img_file": "7.jpg",
    "car_pos": [
      0.27615009817555025,
      0.0
    ],
    "car_vel": [
      0.18738756661912337,
      0.0
    ],
    "ball_in_frame": 1
  },
  "8": {
    "img_file": "8.jpg",
    "car_pos": [
      0.3156001122006289,
      0.0
    ],
    "car_vel": [
      0.18738756661912337,
      0.0
    ],
    "ball_in_frame": 1
  },
  "9": {
    "img_file": "9.jpg",
    "car_pos": [
      0.3550501262257075,
      0.0
    ],
    "car_vel": [
      0.18738756661912337,
      0.0
    ],
    "ball_in_frame": 1
  },
  "ball_trj": {
    "pos": [
      [
        2.461323453584914,
        2.377056202486467,
        2.2939280762423198,
        2.211939074852471,
        2.131089198316921,
        2.05137844663567,
        1.9728068198087176,
        1.8953743178360647,
        1.819080940717712,
        1.7439266884536568
      ],
      [
        2.0610873308996744,
        2.243597435945123,
        2.4236403690571344,
        2.601216130235709,
        2.7763247194808467,
        2.948966136792548,
        3.119140382170811,
        3.2868474556156375,
        3.4520873571270236,
        3.614860086704976
      ]
    ],
    "vel": [
      [
        -0.4029748642465808,
        -0.3975640211886609,
        -0.392153178130741,
        -0.3867423350728212,
        -0.3813314920149013,
        -0.3759206489569814,
        -0.3705098058990616,
        -0.3650989628411417,
        -0.35968811978322185,
        -0.35427727672530196
      ],
      [
        0.8727825323077918,
        0.861063465623966,
        0.8493443989401401,
        0.8376253322563143,
        0.8259062655724885,
        0.8141871988886625,
        0.8024681322048367,
        0.7907490655210109,
        0.7790299988371853,
        0.7673109321533594
      ]
    ]
  }
}