{
  "0": {
    "img_file": "0.jpg",
    "car_pos": [
      0.0,
      0.0
    ],
    "car_vel": [
      0.5573623763482927,
      0.0
    ],
    "ball_in_frame": 1
  },
  "1": {
    "img_file": "1.jpg",
    "car_pos": [
      0.11733944765227215,
      0.0
    ],
    "car_vel": [
      0.5573623763482927,
      0.0
    ],
    "ball_in_frame": 1
  },
  "2": {
    "img_file": "2.jpg",
    "car_pos": [
      0.23467889530454425,
      0.0
    ],
    "car_vel": [
      0.5573623763482927,
      0.0
    ],
    "ball_in_frame": 1
  },
  "3": {
    "img_file": "3.jpg",
    "car_pos": [
      0.3520183429568164,
      0.0
    ],
    "car_vel": [
      0.5573623763482927,
      0.0
    ],
    "ball_in_frame": 1
  },
  "4": {
    "img_file": "4.jpg",
    "car_pos": [
      0.4693577906090885,
      0.0
    ],
    "car_vel": [
      0.5573623763482927,
      0.0
    ],
    "ball_in_frame": 1
  },
  "5": {
    "img_file": "5.jpg",
    "car_pos": [
      0.5866972382613607,
      0.0
    ],
    "car_vel": [
      0.5573623763482927,
      0.0
    ],
    "ball_in_frame": 1
  },
  "6": {
    "img_file": "6.jpg",
    "car_pos": [
      0.7040366859136329,
      0.0
    ],
    "car_vel": [
      0.5573623763482927,
      0.0
    ],
    "ball_in_frame": 1
  },
  "7": {
    "img_file": "7.jpg",
    "car_pos": [
      0.821376133565905,
      0.0
    ],
    "car_vel": [
      0.5573623763482927,
      0.0
    ],
    "ball_in_frame": 1
  },
  "8": {
    "img_file": "8.jpg",
    "car_pos": [
      0.938715581218177,
      0.0
    ],
    "car_vel": [
      0.5573623763482927,
      0.0
    ],
    "ball_in_frame": 1
  },
  "9": {
    "img_file": "9.jpg",
    "car_pos": [
      1.0560550288704493,
      0.0
    ],
    "car_vel": [
      0.5573623763482927,
      0.0
    ],
    "ball_in_frame": 1
  },
  "ball_trj": {
    "pos": [
      [
        3.298401255431249,
        3.2462439992455705,
        3.196769383396089,
        3.149977407882804,
        3.1058680727057153,
        3.0644413778648243,
        3.02569732336013,
        2.989635909191632,
        2.9562571353593317,
        2.9255610018632274
      ],
      [
        -1.0532250288868052,
        -1.0616547319781386,
        -1.0696508643031248,
        -1.0772134258617645,
        -1.084342416654057,
        -1.0910378366800029,
        -1.0972996859396018,
        -1.103127964432854,
        -1.1085226721597592,
        -1.1134838091203176
      ]
    ],
    "vel": [
      [
        -0.25411823768044084,
        -0.24137569608350584,
        -0.2286331544865709,
        -0.21589061288963593,
        -0.2031480712927009,
        -0.19040552969576593,
        -0.177662988098831,
        -0.164920446501896,
        -0.15217790490496108,
        -0.13943536330802608
      ],
      [
        -0.04107082025390642,
        -0.03901135911375887,
        -0.03695189797361134,
        -0.03489243683346381,
        -0.03283297569331627,
        -0.03077351455316874,
        -0.028714053413021204,
        -0.026654592272873662,
        -0.024595131132726128,
        -0.02253566999257859
      ]
    ]
  }
}