{
  "0": {
    "img_file": "0.jpg",
    "car_pos": [
      0.0,
      0.0
    ],
    "car_vel": [
      0.0,
      0.0
    ],
    "ball_in_frame": 1
  },
  "1": {
    "img_file": "1.jpg",
    "car_pos": [
      0.0,
      0.0
    ],
    "car_vel": [
      0.0,
      0.0
    ],
    "ball_in_frame": 1
  },
  "2": {
    "img_file": "2.jpg",
    "car_pos": [
      0.0,
      0.0
    ],
    "car_vel": [
      0.0,
      0.0
    ],
    "ball_in_frame": 1
  },
  "3": {
    "img_file": "3.jpg",
    "car_pos": [
      0.0,
      0.0
    ],
    "car_vel": [
      0.0,
      0.0
    ],
    "ball_in_frame": 1
  },
  "4": {
    "img_file": "4.jpg",
    "car_pos": [
      0.0,
      0.0
    ],
    "car_vel": [
      0.0,
      0.0
    ],
    "ball_in_frame": 1
  },
  "5": {
    "img_file": "5.jpg",
    "car_pos": [
      0.0,
      0.0
    ],
    "car_vel": [
      0.0,
      0.0
    ],
    "ball_in_frame": 1
  },
  "6": {
    "img_file": "6.jpg",
    "car_pos": [
      0.0,
      0.0
    ],
    "car_vel": [
      0.0,
      0.0
    ],
    "ball_in_frame": 1
  },
  "7": {
    "img_file": "7.jpg",
    "car_pos": [
      0.0,
      0.0
    ],
    "car_vel": [
      0.0,
      0.0
    ],
    "ball_in_frame": 1
  },
  "8": {
    "img_file": "8.jpg",
    "car_pos": [
      0.0,
      0.0
    ],
    "car_vel": [
      0.0,
      0.0
    ],
    "ball_in_frame": 1
  },
  "9": {
    "img_file": "9.jpg",
    "car_pos": [
      0.0,
      0.0
    ],
    "car_vel": [
      0.0,
      0.0
    ],
    "ball_in_frame": 1
  },
  "ball_trj": {
    "pos": [
      [
        4.7981410912231315,
        4.986339110787542,
        5.172421399332638,
        5.35638795685842,
        5.538238783364887,
        5.71797387885204,
        5.895593243319878,
        6.071096876768401,
        6.244484779197607,
        6.415756950607501
      ],
      [
        1.666227558018983,
        1.8179216267181846,
        1.9679103435367677,
        2.1161937084747313,
        2.262771721532076,
        2.4076443827088023,
        2.5508116920049093,
        2.6922736494203967,
        2.832030254955265,
        2.970081508609515
      ]
    ],
    "vel": [
      [
        0.8989654541018223,
        0.8889157317600779,
        0.8788660094183335,
        0.8688162870765891,
        0.8587665647348446,
        0.8487168423931002,
        0.8386671200513558,
        0.8286173977096114,
        0.8185676753678671,
        0.8085179530261227
      ],
      [
        0.724597037037679,
        0.7164966156047387,
        0.7083961941717982,
        0.7002957727388579,
        0.6921953513059176,
        0.6840949298729772,
        0.6759945084400368,
        0.6678940870070965,
        0.6597936655741562,
        0.6516932441412158
      ]
    ]
  }
}