{
  "0": {
    "img_file": "0.jpg",
    "car_pos": [
      0.0,
      0.0
    ],
    "car_vel": [
      0.9331042617062657,
      0.0
    ],
    "ball_in_frame": 1
  },
  "1": {
    "img_file": "1.jpg",
    "car_pos": [
      0.196443002464477,
      0.0
    ],
    "car_vel": [
      0.9331042617062657,
      0.0
    ],
    "ball_in_frame": 1
  },
  "2": {
    "img_file": "2.jpg",
    "car_pos": [
      0.39288600492895387,
      0.0
    ],
    "car_vel": [
      0.9331042617062657,
      0.0
    ],
    "ball_in_frame": 1
  },
  "3": {
    "img_file": "3.jpg",
    "car_pos": [
      0.5893290073934309,
      0.0
    ],
    "car_vel": [
      0.9331042617062657,
      0.0
    ],
    "ball_in_frame": 1
  },
  "4": {
    "img_file": "4.jpg",
    "car_pos": [
      0.7857720098579077,
      0.0
    ],
    "car_vel": [
      0.9331042617062657,
      0.0
    ],
    "ball_in_frame": 1
  },
  "5": {
    "img_file": "5.jpg",
    "car_pos": [
      0.982215012322385,
      0.0
    ],
    "car_vel": [
      0.9331042617062657,
      0.0
    ],
    "ball_in_frame": 1
  },
  "6": {
    "img_file": "6.jpg",
    "car_pos": [
      1.1786580147868617,
      0.0
    ],
    "car_vel": [
      0.9331042617062657,
      0.0
    ],
    "ball_in_frame": 1
  },
  "7": {
    "img_file": "7.jpg",
    "car_pos": [
      1.3751010172513387,
      0.0
    ],
    "car_vel": [
      0.9331042617062657,
      0.0
    ],
    "ball_in_frame": 1
  },
  "8": {
    "img_file": "8.jpg",
    "car_pos": [
      1.5715440197158157,
      0.0
    ],
    "car_vel": [
      0.9331042617062657,
      0.0
    ],
    "ball_in_frame": 1
  },
  "9": {
    "img_file": "9.jpg",
    "car_pos": [
      1.767987022180293,
      0.0
    ],
    "car_vel": [
      0.9331042617062657,
      0.0
    ],
    "ball_in_frame": 1
  },
  "ball_trj": {
    "pos": [
      [
        1.9665985755838151,
        1.9083597365077885,
        1.8513482202190712,
        1.7955640267176634,
        1.7410071560035647,
        1.6876776080767755,
        1.6355753829372959,
        1.5847004805851252,
        1.5350529010202645,
        1.4866326442427125
      ],
      [
        -0.6890996781142642,
        -0.8041470989931832,
        -0.9167700154776794,
        -1.026968427567754,
        -1.1347423352634065,
        -1.240091738564637,
        -1.3430166374714454,
        -1.4435170319838313,
        -1.5415929221017954,
        -1.6372443078253376
      ]
    ],
    "vel": [
      [
        -0.279549377230986,
        -0.27371959399126655,
        -0.26788981075154705,
        -0.26206002751182755,
        -0.25623024427210805,
        -0.2504004610323886,
        -0.2445706777926691,
        -0.2387408945529496,
        -0.23291111131323014,
        -0.22708132807351064
      ],
      [
        -0.5522334471116154,
        -0.5407170512381104,
        -0.5292006553646055,
        -0.5176842594911005,
        -0.5061678636175956,
        -0.49465146774409063,
        -0.4831350718705857,
        -0.47161867599708074,
        -0.46010228012357574,
        -0.4485858842500708
      ]
    ]
  }
}