{
  "0": {
    "img_file": "0.jpg",
    "car_pos": [
      0.0,
      0.0
    ],
    "car_vel": [
      0.6074994770884468,
      0.0
    ],
    "ball_in_frame": 1
  },
  "1": {
    "img_file": "1.jpg",
    "car_pos": [
      0.12789462675546248,
      0.0
    ],
    "car_vel": [
      0.6074994770884468,
      0.0
    ],
    "ball_in_frame": 1
  },
  "2": {
    "img_file": "2.jpg",
    "car_pos": [
      0.25578925351092496,
      0.0
    ],
    "car_vel": [
      0.6074994770884468,
      0.0
    ],
    "ball_in_frame": 1
  },
  "3": {
    "img_file": "3.jpg",
    "car_pos": [
      0.38368388026638744,
      0.0
    ],
    "car_vel": [
      0.6074994770884468,
      0.0
    ],
    "ball_in_frame": 1
  },
  "4": {
    "img_file": "4.jpg",
    "car_pos": [
      0.5115785070218499,
      0.0
    ],
    "car_vel": [
      0.6074994770884468,
      0.0
    ],
    "ball_in_frame": 1
  },
  "5": {
    "img_file": "5.jpg",
    "car_pos": [
      0.6394731337773124,
      0.0
    ],
    "car_vel": [
      0.6074994770884468,
      0.0
    ],
    "ball_in_frame": 1
  },
  "6": {
    "img_file": "6.jpg",
    "car_pos": [
      0.7673677605327748,
      0.0
    ],
    "car_vel": [
      0.6074994770884468,
      0.0
    ],
    "ball_in_frame": 1
  },
  "7": {
    "img_file": "7.jpg",
    "car_pos": [
      0.8952623872882375,
      0.0
    ],
    "car_vel": [
      0.6074994770884468,
      0.0
    ],
    "ball_in_frame": 1
  },
  "8": {
    "img_file": "8.jpg",
    "car_pos": [
      1.0231570140436999,
      0.0
    ],
    "car_vel": [
      0.6074994770884468,
      0.0
    ],
    "ball_in_frame": 1
  },
  "9": {
    "img_file": "9.jpg",
    "car_pos": [
      1.1510516407991624,
      0.0
    ],
    "car_vel": [
      0.6074994770884468,
      0.0
    ],
    "ball_in_frame": 1
  },
  "ball_trj": {
    "pos": [
      [
        3.82634004827354,
        3.904781946357723,
        3.9806121294685832,
        4.05383059760612,
        4.124437350770333,
        4.192432388961224,
        4.257815712178791,
        4.320587320423035,
        4.380747213693956,
        4.438295391991554
      ],
      [
        -0.5476696334477935,
        -0.5251238917072215,
        -0.503328808131822,
        -0.4822843827215952,
        -0.46199061547654097,
        -0.44244750639665925,
        -0.4236550554819503,
        -0.4056132627324139,
        -0.38832212814805,
        -0.37178165172885885
      ]
    ],
    "vel": [
      [
        0.3788018389615121,
        0.36639619283822694,
        0.35399054671494173,
        0.3415849005916566,
        0.3291792544683714,
        0.31677360834508617,
        0.30436796222180107,
        0.29196231609851586,
        0.27955666997523065,
        0.26715102385194545
      ],
      [
        0.10887508641000204,
        0.10530946012543214,
        0.10174383384086225,
        0.09817820755629236,
        0.09461258127172245,
        0.09104695498715254,
        0.08748132870258266,
        0.08391570241801277,
        0.08035007613344286,
        0.07678444984887296
      ]
    ]
  }
}