{
  "0": {
    "img_file": "0.jpg",
    "car_pos": [
      0.0,
      0.0
    ],
    "car_vel": [
      0.0,
      0.0
    ],
    "ball_in_frame": 1
  },
  "1": {
    "img_file": "1.jpg",
    "car_pos": [
      0.0,
      0.0
    ],
    "car_vel": [
      0.0,
      0.0
    ],
    "ball_in_frame": 1
  },
  "2": {
    "img_file": "2.jpg",
    "car_pos": [
      0.0,
      0.0
    ],
    "car_vel": [
      0.0,
      0.0
    ],
    "ball_in_frame": 1
  },
  "3": {
    "img_file": "3.jpg",
    "car_pos": [
      0.0,
      0.0
    ],
    "car_vel": [
      0.0,
      0.0
    ],
    "ball_in_frame": 1
  },
  "4": {
    "img_file": "4.jpg",
    "car_pos": [
      0.0,
      0.0
    ],
    "car_vel": [
      0.0,
      0.0
    ],
    "ball_in_frame": 1
  },
  "5": {
    "img_file": "5.jpg",
    "car_pos": [
      0.0,
      0.0
    ],
    "car_vel": [
      0.0,
      0.0
    ],
    "ball_in_frame": 1
  },
  "6": {
    "img_file": "6.jpg",
    "car_pos": [
      0.0,
      0.0
    ],
    "car_vel": [
      0.0,
      0.0
    ],
    "ball_in_frame": 1
  },
  "7": {
    "img_file": "7.jpg",
    "car_pos": [
      0.0,
      0.0
    ],
    "car_vel": [
      0.0,
      0.0
    ],
    "ball_in_frame": 1
  },
  "8": {
    "img_file": "8.jpg",
    "car_pos": [
      0.0,
      0.0
    ],
    "car_vel": [
      0.0,
      0.0
    ],
    "ball_in_frame": 1
  },
  "9": {
    "img_file": "9.jpg",
    "car_pos": [
      0.0,
      0.0
    ],
    "car_vel": [
      0.0,
      0.0
    ],
    "ball_in_frame": 1
  },
  "ball_trj": {
    "pos": [
      [
        2.2923137208694664,
        2.1889310002381595,
        2.0868811737730555,
        1.986164241474156,
        1.8867802033414593,
        1.7887290593749658,
        1.692010809574676,
        1.5966254539405904,
        1.5025729924727085,
        1.4098534251710293
      ],
      [
        -2.105413725082241,
        -2.2890903164202783,
        -2.4703987996686116,
        -2.64933917482724,
        -2.8259114418961646,
        -3.000115600875386,
        -3.1719516517649025,
        -3.3414195945647154,
        -3.508519429274822,
        -3.673251155895227
      ]
    ],
    "vel": [
      [
        -0.49423354664344127,
        -0.4879022993539748,
        -0.48157105206450823,
        -0.47523980477504174,
        -0.46890855748557525,
        -0.46257731019610876,
        -0.45624606290664227,
        -0.4499148156171757,
        -0.44358356832770923,
        -0.4372523210382427
      ],
      [
        -0.8780880655687212,
        -0.8668395521426271,
        -0.855591038716533,
        -0.8443425252904389,
        -0.8330940118643447,
        -0.8218454984382506,
        -0.8105969850121565,
        -0.7993484715860624,
        -0.7880999581599685,
        -0.7768514447338744
      ]
    ]
  }
}