{
  "0": {
    "img_file": "0.jpg",
    "car_pos": [
      0.0,
      0.0
    ],
    "car_vel": [
      0.0,
      0.0
    ],
    "ball_in_frame": 1
  },
  "1": {
    "img_file": "1.jpg",
    "car_pos": [
      0.0,
      0.0
    ],
    "car_vel": [
      0.0,
      0.0
    ],
    "ball_in_frame": 1
  },
  "2": {
    "img_file": "2.jpg",
    "car_pos": [
      0.0,
      0.0
    ],
    "car_vel": [
      0.0,
      0.0
    ],
    "ball_in_frame": 1
  },
  "3": {
    "img_file": "3.jpg",
    "car_pos": [
      0.0,
      0.0
    ],
    "car_vel": [
      0.0,
      0.0
    ],
    "ball_in_frame": 1
  },
  "4": {
    "img_file": "4.jpg",
    "car_pos": [
      0.0,
      0.0
    ],
    "car_vel": [
      0.0,
      0.0
    ],
    "ball_in_frame": 1
  },
  "5": {
    "img_file": "5.jpg",
    "car_pos": [
      0.0,
      0.0
    ],
    "car_vel": [
      0.0,
      0.0
    ],
    "ball_in_frame": 1
  },
  "6": {
    "img_file": "6.jpg",
    "car_pos": [
      0.0,
      0.0
    ],
    "car_vel": [
      0.0,
      0.0
    ],
    "ball_in_frame": 1
  },
  "7": {
    "img_file": "7.jpg",
    "car_pos": [
      0.0,
      0.0
    ],
    "car_vel": [
      0.0,
      0.0
    ],
    "ball_in_frame": 1
  },
  "8": {
    "img_file": "8.jpg",
    "car_pos": [
      0.0,
      0.0
    ],
    "car_vel": [
      0.0,
      0.0
    ],
    "ball_in_frame": 1
  },
  "9": {
    "img_file": "9.jpg",
    "car_pos": [
      0.0,
      0.0
    ],
    "car_vel": [
      0.0,
      0.0
    ],
    "ball_in_frame": 1
  },
  "ball_trj": {
    "pos": [
      [
        4.27272839549233,
        4.338990850872022,
        4.403656723400165,
        4.466726013076763,
        4.528198719901814,
        4.58807484387532,
        4.646354384997278,
        4.70303734326769,
        4.758123718686555,
        4.811613511253874
      ],
      [
        0.4240960325732806,
        0.5153591354938238,
        0.6044232691146796,
        0.6912884334358476,
        0.775954628457328,
        0.8584218541791209,
        0.9386901106012262,
        1.0167593977236438,
        1.0926297155463736,
        1.1663010640694158
      ]
    ],
    "vel": [
      [
        0.3185385473259534,
        0.3109547787811076,
        0.3033710102362619,
        0.2957872416914162,
        0.28820347314657047,
        0.2806197046017247,
        0.2730359360568789,
        0.2654521675120332,
        0.2578683989671875,
        0.2502846304223417
      ],
      [
        0.4387222909593389,
        0.4282771867858227,
        0.41783208261230653,
        0.4073869784387904,
        0.3969418742652742,
        0.38649677009175804,
        0.37605166591824185,
        0.36560656174472567,
        0.3551614575712095,
        0.34471635339769324
      ]
    ]
  }
}