{
  "0": {
    "img_file": "0.jpg",
    "car_pos": [
      0.0,
      0.0
    ],
    "car_vel": [
      0.0,
      0.0
    ],
    "ball_in_frame": 1
  },
  "1": {
    "img_file": "1.jpg",
    "car_pos": [
      0.0,
      0.0
    ],
    "car_vel": [
      0.0,
      0.0
    ],
    "ball_in_frame": 1
  },
  "2": {
    "img_file": "2.jpg",
    "car_pos": [
      0.0,
      0.0
    ],
    "car_vel": [
      0.0,
      0.0
    ],
    "ball_in_frame": 1
  },
  "3": {
    "img_file": "3.jpg",
    "car_pos": [
      0.0,
      0.0
    ],
    "car_vel": [
      0.0,
      0.0
    ],
    "ball_in_frame": 1
  },
  "4": {
    "img_file": "4.jpg",
    "car_pos": [
      0.0,
      0.0
    ],
    "car_vel": [
      0.0,
      0.0
    ],
    "ball_in_frame": 1
  },
  "5": {
    "img_file": "5.jpg",
    "car_pos": [
      0.0,
      0.0
    ],
    "car_vel": [
      0.0,
      0.0
    ],
    "ball_in_frame": 1
  },
  "6": {
    "img_file": "6.jpg",
    "car_pos": [
      0.0,
      0.0
    ],
    "car_vel": [
      0.0,
      0.0
    ],
    "ball_in_frame": 1
  },
  "7": {
    "img_file": "7.jpg",
    "car_pos": [
      0.0,
      0.0
    ],
    "car_vel": [
      0.0,
      0.0
    ],
    "ball_in_frame": 1
  },
  "8": {
    "img_file": "8.jpg",
    "car_pos": [
      0.0,
      0.0
    ],
    "car_vel": [
      0.0,
      0.0
    ],
    "ball_in_frame": 1
  },
  "9": {
    "img_file": "9.jpg",
    "car_pos": [
      0.0,
      0.0
    ],
    "car_vel": [
      0.0,
      0.0
    ],
    "ball_in_frame": 1
  },
  "ball_trj": {
    "pos": [
      [
        2.571639601541769,
        2.5652388480774837,
        2.55900034072168,
        2.5529240794743577,
        2.5470100643355176,
        2.5412582953051595,
        2.535668772383283,
        2.5302414955698884,
        2.5249764648649755,
        2.5198736802685446
      ],
      [
        0.9693700722459936,
        1.0763847049497945,
        1.1806867339259746,
        1.2822761591745333,
        1.3811529806954717,
        1.4773171984887885,
        1.570768812554485,
        1.6615078228925595,
        1.749534229503014,
        1.8348480323858471
      ]
    ],
    "vel": [
      [
        -0.030788913463000743,
        -0.03001824444771205,
        -0.02924757543242336,
        -0.028476906417134667,
        -0.027706237401845975,
        -0.02693556838655728,
        -0.02616489937126859,
        -0.025394230355979895,
        -0.024623561340691207,
        -0.02385289232540251
      ],
      [
        0.5147619391961545,
        0.5018770714899548,
        0.48899220378375496,
        0.4761073360775552,
        0.4632224683713554,
        0.45033760066515555,
        0.4374527329589557,
        0.4245678652527559,
        0.4116829975465561,
        0.39879812984035623
      ]
    ]
  }
}