{
  "0": {
    "img_file": "0.jpg",
    "car_pos": [
      0.0,
      0.0
    ],
    "car_vel": [
      0.0,
      0.0
    ],
    "ball_in_frame": 1
  },
  "1": {
    "img_file": "1.jpg",
    "car_pos": [
      0.0,
      0.0
    ],
    "car_vel": [
      0.0,
      0.0
    ],
    "ball_in_frame": 1
  },
  "2": {
    "img_file": "2.jpg",
    "car_pos": [
      0.0,
      0.0
    ],
    "car_vel": [
      0.0,
      0.0
    ],
    "ball_in_frame": 1
  },
  "3": {
    "img_file": "3.jpg",
    "car_pos": [
      0.0,
      0.0
    ],
    "car_vel": [
      0.0,
      0.0
    ],
    "ball_in_frame": 1
  },
  "4": {
    "img_file": "4.jpg",
    "car_pos": [
      0.0,
      0.0
    ],
    "car_vel": [
      0.0,
      0.0
    ],
    "ball_in_frame": 1
  },
  "5": {
    "img_file": "5.jpg",
    "car_pos": [
      0.0,
      0.0
    ],
    "car_vel": [
      0.0,
      0.0
    ],
    "ball_in_frame": 1
  },
  "6": {
    "img_file": "6.jpg",
    "car_pos": [
      0.0,
      0.0
    ],
    "car_vel": [
      0.0,
      0.0
    ],
    "ball_in_frame": 1
  },
  "7": {
    "img_file": "7.jpg",
    "car_pos": [
      0.0,
      0.0
    ],
    "car_vel": [
      0.0,
      0.0
    ],
    "ball_in_frame": 1
  },
  "8": {
    "img_file": "8.jpg",
    "car_pos": [
      0.0,
      0.0
    ],
    "car_vel": [
      0.0,
      0.0
    ],
    "ball_in_frame": 1
  },
  "9": {
    "img_file": "9.jpg",
    "car_pos": [
      0.0,
      0.0
    ],
    "car_vel": [
      0.0,
      0.0
    ],
    "ball_in_frame": 1
  },
  "ball_trj": {
    "pos": [
      [
        1.7893730945248094,
        1.689119089675338,
        1.5910797630434697,
        1.495255114629204,
        1.4016451444325406,
        1.3102498524534798,
        1.2210692386920219,
        1.1341033031481667,
        1.0493520458219139,
        0.9668154667132638
      ],
      [
        0.9828002158232655,
        1.0540846075449306,
        1.1237942792358289,
        1.1919292308959608,
        1.258489462525326,
        1.3234749741239253,
        1.3868857656917575,
        1.4487218372288233,
        1.5089831887351226,
        1.5676698202106556
      ]
    ],
    "vel": [
      [
        -0.48146638380179413,
        -0.4709466622681816,
        -0.460426940734569,
        -0.44990721920095655,
        -0.439387497667344,
        -0.4288677761337315,
        -0.4183480546001189,
        -0.4078283330665064,
        -0.3973086115328939,
        -0.3867888899992813
      ],
      [
        0.3423408207509789,
        0.334860900604838,
        0.327380980458697,
        0.3199010603125561,
        0.31242114016641515,
        0.3049412200202742,
        0.2974612998741333,
        0.2899813797279923,
        0.28250145958185136,
        0.2750215394357104
      ]
    ]
  }
}