{
  "0": {
    "img_file": "0.jpg",
    "car_pos": [
      0.0,
      0.0
    ],
    "car_vel": [
      0.013076913488573538,
      0.0
    ],
    "ball_in_frame": 1
  },
  "1": {
    "img_file": "1.jpg",
    "car_pos": [
      0.0027530344186470607,
      0.0
    ],
    "car_vel": [
      0.013076913488573538,
      0.0
    ],
    "ball_in_frame": 1
  },
  "2": {
    "img_file": "2.jpg",
    "car_pos": [
      0.0055060688372941214,
      0.0
    ],
    "car_vel": [
      0.013076913488573538,
      0.0
    ],
    "ball_in_frame": 1
  },
  "3": {
    "img_file": "3.jpg",
    "car_pos": [
      0.008259103255941183,
      0.0
    ],
    "car_vel": [
      0.013076913488573538,
      0.0
    ],
    "ball_in_frame": 1
  },
  "4": {
    "img_file": "4.jpg",
    "car_pos": [
      0.011012137674588243,
      0.0
    ],
    "car_vel": [
      0.013076913488573538,
      0.0
    ],
    "ball_in_frame": 1
  },
  "5": {
    "img_file": "5.jpg",
    "car_pos": [
      0.013765172093235304,
      0.0
    ],
    "car_vel": [
      0.013076913488573538,
      0.0
    ],
    "ball_in_frame": 1
  },
  "6": {
    "img_file": "6.jpg",
    "car_pos": [
      0.016518206511882363,
      0.0
    ],
    "car_vel": [
      0.013076913488573538,
      0.0
    ],
    "ball_in_frame": 1
  },
  "7": {
    "img_file": "7.jpg",
    "car_pos": [
      0.019271240930529426,
      0.0
    ],
    "car_vel": [
      0.013076913488573538,
      0.0
    ],
    "ball_in_frame": 1
  },
  "8": {
    "img_file": "8.jpg",
    "car_pos": [
      0.022024275349176486,
      0.0
    ],
    "car_vel": [
      0.013076913488573538,
      0.0
    ],
    "ball_in_frame": 1
  },
  "9": {
    "img_file": "9.jpg",
    "car_pos": [
      0.024777309767823545,
      0.0
    ],
    "car_vel": [
      0.013076913488573538,
      0.0
    ],
    "ball_in_frame": 1
  },
  "ball_trj": {
    "pos": [
      [
        1.2518218258178777,
        1.1720972569278212,
        1.0950235920266653,
        1.0206008311144095,
        0.9488289741910538,
        0.8797080212565977,
        0.8132379723110423,
        0.7494188273543865,
        0.6882505863866315,
        0.6297332494077763
      ],
      [
        0.7961982616064844,
        0.8141739197713665,
        0.8315518733064737,
        0.8483321222118061,
        0.8645146664873636,
        0.8800995061331462,
        0.895086641149154,
        0.909476071535387,
        0.9232677972918452,
        0.9364618184185284
      ]
    ],
    "vel": [
      [
        -0.3849875992014045,
        -0.3723958052541289,
        -0.3598040113068533,
        -0.34721221735957775,
        -0.33462042341230214,
        -0.32202862946502653,
        -0.3094368355177509,
        -0.29684504157047537,
        -0.28425324762319976,
        -0.27166145367592415
      ],
      [
        0.08680392477890503,
        0.08396482778747447,
        0.0811257307960439,
        0.07828663380461337,
        0.0754475368131828,
        0.07260843982175225,
        0.06976934283032168,
        0.06693024583889112,
        0.06409114884746056,
        0.061252051856029985
      ]
    ]
  }
}