{
  "0": {
    "img_file": "0.jpg",
    "car_pos": [
      0.0,
      0.0
    ],
    "car_vel": [
      0.0,
      0.0
    ],
    "ball_in_frame": 1
  },
  "1": {
    "img_file": "1.jpg",
    "car_pos": [
      0.0,
      0.0
    ],
    "car_vel": [
      0.0,
      0.0
    ],
    "ball_in_frame": 1
  },
  "2": {
    "img_file": "2.jpg",
    "car_pos": [
      0.0,
      0.0
    ],
    "car_vel": [
      0.0,
      0.0
    ],
    "ball_in_frame": 1
  },
  "3": {
    "img_file": "3.jpg",
    "car_pos": [
      0.0,
      0.0
    ],
    "car_vel": [
      0.0,
      0.0
    ],
    "ball_in_frame": 1
  },
  "4": {
    "img_file": "4.jpg",
    "car_pos": [
      0.0,
      0.0
    ],
    "car_vel": [
      0.0,
      0.0
    ],
    "ball_in_frame": 1
  },
  "5": {
    "img_file": "5.jpg",
    "car_pos": [
      0.0,
      0.0
    ],
    "car_vel": [
      0.0,
      0.0
    ],
    "ball_in_frame": 1
  },
  "6": {
    "img_file": "6.jpg",
    "car_pos": [
      0.0,
      0.0
    ],
    "car_vel": [
      0.0,
      0.0
    ],
    "ball_in_frame": 1
  },
  "7": {
    "img_file": "7.jpg",
    "car_pos": [
      0.0,
      0.0
    ],
    "car_vel": [
      0.0,
      0.0
    ],
    "ball_in_frame": 1
  },
  "8": {
    "img_file": "8.jpg",
    "car_pos": [
      0.0,
      0.0
    ],
    "car_vel": [
      0.0,
      0.0
    ],
    "ball_in_frame": 1
  },
  "9": {
    "img_file": "9.jpg",
    "car_pos": [
      0.0,
      0.0
    ],
    "car_vel": [
      0.0,
      0.0
    ],
    "ball_in_frame": 1
  },
  "ball_trj": {
    "pos": [
      [
        2.8031196719141813,
        2.8369172629892643,
        2.8701368099527897,
        2.9027783128047577,
        2.934841771545168,
        2.96632718617402,
        2.997234556691314,
        3.027563883097051,
        3.05731516539123,
        3.086488403573851
      ],
      [
        -2.681926725624247,
        -2.837176823978229,
        -2.989771661932944,
        -3.1397112394883924,
        -3.286995556644575,
        -3.43162461340149,
        -3.5735984097591382,
        -3.7129169457175193,
        -3.849580221276634,
        -3.9835882364364825
      ]
    ],
    "vel": [
      [
        0.16191141237159482,
        0.1591657028416955,
        0.1564199933117962,
        0.1536742837818969,
        0.15092857425199763,
        0.1481828647220983,
        0.14543715519219902,
        0.14269144566229972,
        0.1399457361324004,
        0.1372000266025011
      ],
      [
        -0.7437442106296721,
        -0.7311317237331549,
        -0.7185192368366378,
        -0.7059067499401206,
        -0.6932942630436034,
        -0.6806817761470862,
        -0.6680692892505692,
        -0.655456802354052,
        -0.6428443154575348,
        -0.6302318285610177
      ]
    ]
  }
}