{
  "0": {
    "img_file": "0.jpg",
    "car_pos": [
      0.0,
      0.0
    ],
    "car_vel": [
      0.42463339084433216,
      0.0
    ],
    "ball_in_frame": 1
  },
  "1": {
    "img_file": "1.jpg",
    "car_pos": [
      0.08939650333564887,
      0.0
    ],
    "car_vel": [
      0.42463339084433216,
      0.0
    ],
    "ball_in_frame": 1
  },
  "2": {
    "img_file": "2.jpg",
    "car_pos": [
      0.17879300667129777,
      0.0
    ],
    "car_vel": [
      0.42463339084433216,
      0.0
    ],
    "ball_in_frame": 1
  },
  "3": {
    "img_file": "3.jpg",
    "car_pos": [
      0.2681895100069467,
      0.0
    ],
    "car_vel": [
      0.42463339084433216,
      0.0
    ],
    "ball_in_frame": 1
  },
  "4": {
    "img_file": "4.jpg",
    "car_pos": [
      0.35758601334259554,
      0.0
    ],
    "car_vel": [
      0.42463339084433216,
      0.0
    ],
    "ball_in_frame": 1
  },
  "5": {
    "img_file": "5.jpg",
    "car_pos": [
      0.4469825166782444,
      0.0
    ],
    "car_vel": [
      0.42463339084433216,
      0.0
    ],
    "ball_in_frame": 1
  },
  "6": {
    "img_file": "6.jpg",
    "car_pos": [
      0.5363790200138933,
      0.0
    ],
    "car_vel": [
      0.42463339084433216,
      0.0
    ],
    "ball_in_frame": 1
  },
  "7": {
    "img_file": "7.jpg",
    "car_pos": [
      0.6257755233495422,
      0.0
    ],
    "car_vel": [
      0.42463339084433216,
      0.0
    ],
    "ball_in_frame": 1
  },
  "8": {
    "img_file": "8.jpg",
    "car_pos": [
      0.715172026685191,
      0.0
    ],
    "car_vel": [
      0.42463339084433216,
      0.0
    ],
    "ball_in_frame": 1
  },
  "9": {
    "img_file": "9.jpg",
    "car_pos": [
      0.8045685300208401,
      0.0
    ],
    "car_vel": [
      0.42463339084433216,
      0.0
    ],
    "ball_in_frame": 1
  },
  "ball_trj": {
    "pos": [
      [
        4.899305013815456,
        5.043300486011137,
        5.184689137400544,
        5.323470967983676,
        5.459645977760536,
        5.593214166731122,
        5.7241755348954335,
        5.852530082253471,
        5.978277808805236,
        6.101418714550727
      ],
      [
        -0.2484211285480783,
        -0.20602700586830913,
        -0.16440036482792914,
        -0.12354120542693808,
        -0.0834495276653362,
        -0.044125331543123036,
        -0.005568617060299097,
        0.0322206157831354,
        0.06924236698718123,
        0.10549663655183816
      ]
    ],
    "vel": [
      [
        0.6901696923443816,
        0.6777872935145816,
        0.6654048946847813,
        0.6530224958549812,
        0.640640097025181,
        0.6282576981953807,
        0.6158752993655806,
        0.6034929005357804,
        0.5911105017059801,
        0.5787281028761799
      ],
      [
        0.20319485162245224,
        0.19954931383535418,
        0.19590377604825615,
        0.19225823826115812,
        0.18861270047406006,
        0.18496716268696203,
        0.18132162489986398,
        0.17767608711276595,
        0.17403054932566792,
        0.17038501153856986
      ]
    ]
  }
}