{
  "0": {
    "img_file": "0.jpg",
    "car_pos": [
      0.0,
      0.0
    ],
    "car_vel": [
      0.4897186321594045,
      0.0
    ],
    "ball_in_frame": 1
  },
  "1": {
    "img_file": "1.jpg",
    "car_pos": [
      0.10309865940197992,
      0.0
    ],
    "car_vel": [
      0.4897186321594045,
      0.0
    ],
    "ball_in_frame": 1
  },
  "2": {
    "img_file": "2.jpg",
    "car_pos": [
      0.2061973188039598,
      0.0
    ],
    "car_vel": [
      0.4897186321594045,
      0.0
    ],
    "ball_in_frame": 1
  },
  "3": {
    "img_file": "3.jpg",
    "car_pos": [
      0.3092959782059397,
      0.0
    ],
    "car_vel": [
      0.4897186321594045,
      0.0
    ],
    "ball_in_frame": 1
  },
  "4": {
    "img_file": "4.jpg",
    "car_pos": [
      0.41239463760791956,
      0.0
    ],
    "car_vel": [
      0.4897186321594045,
      0.0
    ],
    "ball_in_frame": 1
  },
  "5": {
    "img_file": "5.jpg",
    "car_pos": [
      0.5154932970098994,
      0.0
    ],
    "car_vel": [
      0.4897186321594045,
      0.0
    ],
    "ball_in_frame": 1
  },
  "6": {
    "img_file": "6.jpg",
    "car_pos": [
      0.6185919564118794,
      0.0
    ],
    "car_vel": [
      0.4897186321594045,
      0.0
    ],
    "ball_in_frame": 1
  },
  "7": {
    "img_file": "7.jpg",
    "car_pos": [
      0.7216906158138593,
      0.0
    ],
    "car_vel": [
      0.4897186321594045,
      0.0
    ],
    "ball_in_frame": 1
  },
  "8": {
    "img_file": "8.jpg",
    "car_pos": [
      0.8247892752158392,
      0.0
    ],
    "car_vel": [
      0.4897186321594045,
      0.0
    ],
    "ball_in_frame": 1
  },
  "9": {
    "img_file": "9.jpg",
    "car_pos": [
      0.927887934617819,
      0.0
    ],
    "car_vel": [
      0.4897186321594045,
      0.0
    ],
    "ball_in_frame": 1
  },
  "ball_trj": {
    "pos": [
      [
        1.1207366127271385,
        0.9491141118270012,
        0.7802083705503904,
        0.6140193888973056,
        0.45054716686774743,
        0.2897917044617153,
        0.131753001679209,
        -0.023568941479769734,
        -0.17617412501522312,
        -0.3260625489271507
      ],
      [
        0.4662285893443272,
        0.4701021729857936,
        0.4739144383526731,
        0.4776653854449657,
        0.48135501426267135,
        0.4849833248057901,
        0.48855031707432195,
        0.49205599106826686,
        0.4955003467876249,
        0.498883384232396
      ]
    ],
    "vel": [
      [
        -0.8216591833815259,
        -0.808754575169776,
        -0.7958499669580263,
        -0.7829453587462766,
        -0.7700407505345268,
        -0.757136142322777,
        -0.7442315341110273,
        -0.7313269258992776,
        -0.7184223176875277,
        -0.705517709475778
      ],
      [
        0.01854515319910939,
        0.01825389139482154,
        0.017962629590533692,
        0.017671367786245843,
        0.017380105981957994,
        0.01708884417767014,
        0.016797582373382296,
        0.016506320569094443,
        0.016215058764806594,
        0.015923796960518745
      ]
    ]
  }
}