{
  "0": {
    "img_file": "0.jpg",
    "car_pos": [
      0.0,
      0.0
    ],
    "car_vel": [
      0.0,
      0.0
    ],
    "ball_in_frame": 1
  },
  "1": {
    "img_file": "1.jpg",
    "car_pos": [
      0.0,
      0.0
    ],
    "car_vel": [
      0.0,
      0.0
    ],
    "ball_in_frame": 1
  },
  "2": {
    "img_file": "2.jpg",
    "car_pos": [
      0.0,
      0.0
    ],
    "car_vel": [
      0.0,
      0.0
    ],
    "ball_in_frame": 1
  },
  "3": {
    "img_file": "3.jpg",
    "car_pos": [
      0.0,
      0.0
    ],
    "car_vel": [
      0.0,
      0.0
    ],
    "ball_in_frame": 1
  },
  "4": {
    "img_file": "4.jpg",
    "car_pos": [
      0.0,
      0.0
    ],
    "car_vel": [
      0.0,
      0.0
    ],
    "ball_in_frame": 1
  },
  "5": {
    "img_file": "5.jpg",
    "car_pos": [
      0.0,
      0.0
    ],
    "car_vel": [
      0.0,
      0.0
    ],
    "ball_in_frame": 1
  },
  "6": {
    "img_file": "6.jpg",
    "car_pos": [
      0.0,
      0.0
    ],
    "car_vel": [
      0.0,
      0.0
    ],
    "ball_in_frame": 1
  },
  "7": {
    "img_file": "7.jpg",
    "car_pos": [
      0.0,
      0.0
    ],
    "car_vel": [
      0.0,
      0.0
    ],
    "ball_in_frame": 1
  },
  "8": {
    "img_file": "8.jpg",
    "car_pos": [
      0.0,
      0.0
    ],
    "car_vel": [
      0.0,
      0.0
    ],
    "ball_in_frame": 1
  },
  "9": {
    "img_file": "9.jpg",
    "car_pos": [
      0.0,
      0.0
    ],
    "car_vel": [
      0.0,
      0.0
    ],
    "ball_in_frame": 1
  },
  "ball_trj": {
    "pos": [
      [
        1.936177475156184,
        1.9180512026289642,
        1.9002735853852888,
        1.8828446234251577,
        1.865764316748571,
        1.8490326653555282,
        1.8326496692460301,
        1.8166153284200761,
        1.8009296428776664,
        1.7855926126188009
      ],
      [
        -1.8336404513544582,
        -1.9737506492721868,
        -2.111165855116443,
        -2.2458860688872275,
        -2.37791129058454,
        -2.50724152020838,
        -2.633876757758748,
        -2.757817003235644,
        -2.8790622566390676,
        -2.997612517969017
      ]
    ],
    "vel": [
      [
        -0.08692785080271147,
        -0.08527173820587608,
        -0.08361562560904068,
        -0.08195951301220529,
        -0.0803034004153699,
        -0.0786472878185345,
        -0.07699117522169913,
        -0.07533506262486372,
        -0.07367895002802834,
        -0.07202283743119293
      ],
      [
        -0.6719240462837056,
        -0.659122833934713,
        -0.6463216215857206,
        -0.633520409236728,
        -0.6207191968877354,
        -0.6079179845387428,
        -0.5951167721897502,
        -0.5823155598407577,
        -0.5695143474917651,
        -0.5567131351427728
      ]
    ]
  }
}