{
  "0": {
    "img_file": "0.jpg",
    "car_pos": [
      0.0,
      0.0
    ],
    "car_vel": [
      0.0,
      0.0
    ],
    "ball_in_frame": 1
  },
  "1": {
    "img_file": "1.jpg",
    "car_pos": [
      0.0,
      0.0
    ],
    "car_vel": [
      0.0,
      0.0
    ],
    "ball_in_frame": 1
  },
  "2": {
    "img_file": "2.jpg",
    "car_pos": [
      0.0,
      0.0
    ],
    "car_vel": [
      0.0,
      0.0
    ],
    "ball_in_frame": 1
  },
  "3": {
    "img_file": "3.jpg",
    "car_pos": [
      0.0,
      0.0
    ],
    "car_vel": [
      0.0,
      0.0
    ],
    "ball_in_frame": 1
  },
  "4": {
    "img_file": "4.jpg",
    "car_pos": [
      0.0,
      0.0
    ],
    "car_vel": [
      0.0,
      0.0
    ],
    "ball_in_frame": 1
  },
  "5": {
    "img_file": "5.jpg",
    "car_pos": [
      0.0,
      0.0
    ],
    "car_vel": [
      0.0,
      0.0
    ],
    "ball_in_frame": 1
  },
  "6": {
    "img_file": "6.jpg",
    "car_pos": [
      0.0,
      0.0
    ],
    "car_vel": [
      0.0,
      0.0
    ],
    "ball_in_frame": 1
  },
  "7": {
    "img_file": "7.jpg",
    "car_pos": [
      0.0,
      0.0
    ],
    "car_vel": [
      0.0,
      0.0
    ],
    "ball_in_frame": 1
  },
  "8": {
    "img_file": "8.jpg",
    "car_pos": [
      0.0,
      0.0
    ],
    "car_vel": [
      0.0,
      0.0
    ],
    "ball_in_frame": 1
  },
  "9": {
    "img_file": "9.jpg",
    "car_pos": [
      0.0,
      0.0
    ],
    "car_vel": [
      0.0,
      0.0
    ],
    "ball_in_frame": 1
  },
  "ball_trj": {
    "pos": [
      [
        4.745896930117327,
        4.881362849520672,
        5.0146281977482055,
        5.14569297479993,
        5.274557180675844,
        5.4012208153759484,
        5.525683878900242,
        5.647946371248727,
        5.768008292421401,
        5.885869642418265
      ],
      [
        1.9937374095320866,
        2.091886189024358,
        2.1884405942559817,
        2.283400625226958,
        2.376766281937287,
        2.4685375643869687,
        2.5587144725760025,
        2.64729700650439,
        2.7342851661721292,
        2.8196789515792213
      ]
    ],
    "vel": [
      [
        0.6486894737084343,
        0.6382367606233367,
        0.627784047538239,
        0.6173313344531414,
        0.6068786213680437,
        0.596425908282946,
        0.5859731951978484,
        0.5755204821127506,
        0.565067769027653,
        0.5546150559425553
      ],
      [
        0.46999334145732535,
        0.4624200637192502,
        0.45484678598117506,
        0.44727350824309997,
        0.4397002305050248,
        0.4321269527669497,
        0.42455367502887453,
        0.4169803972907994,
        0.40940711955272424,
        0.4018338418146491
      ]
    ]
  }
}