{
  "0": {
    "img_file": "0.jpg",
    "car_pos": [
      0.0,
      0.0
    ],
    "car_vel": [
      0.0,
      0.0
    ],
    "ball_in_frame": 1
  },
  "1": {
    "img_file": "1.jpg",
    "car_pos": [
      0.0,
      0.0
    ],
    "car_vel": [
      0.0,
      0.0
    ],
    "ball_in_frame": 1
  },
  "2": {
    "img_file": "2.jpg",
    "car_pos": [
      0.0,
      0.0
    ],
    "car_vel": [
      0.0,
      0.0
    ],
    "ball_in_frame": 1
  },
  "3": {
    "img_file": "3.jpg",
    "car_pos": [
      0.0,
      0.0
    ],
    "car_vel": [
      0.0,
      0.0
    ],
    "ball_in_frame": 1
  },
  "4": {
    "img_file": "4.jpg",
    "car_pos": [
      0.0,
      0.0
    ],
    "car_vel": [
      0.0,
      0.0
    ],
    "ball_in_frame": 1
  },
  "5": {
    "img_file": "5.jpg",
    "car_pos": [
      0.0,
      0.0
    ],
    "car_vel": [
      0.0,
      0.0
    ],
    "ball_in_frame": 1
  },
  "6": {
    "img_file": "6.jpg",
    "car_pos": [
      0.0,
      0.0
    ],
    "car_vel": [
      0.0,
      0.0
    ],
    "ball_in_frame": 1
  },
  "7": {
    "img_file": "7.jpg",
    "car_pos": [
      0.0,
      0.0
    ],
    "car_vel": [
      0.0,
      0.0
    ],
    "ball_in_frame": 1
  },
  "8": {
    "img_file": "8.jpg",
    "car_pos": [
      0.0,
      0.0
    ],
    "car_vel": [
      0.0,
      0.0
    ],
    "ball_in_frame": 1
  },
  "9": {
    "img_file": "9.jpg",
    "car_pos": [
      0.0,
      0.0
    ],
    "car_vel": [
      0.0,
      0.0
    ],
    "ball_in_frame": 1
  },
  "ball_trj": {
    "pos": [
      [
        3.6855937997024313,
        3.7325860365064196,
        3.778797572514031,
        3.8242284077252653,
        3.868878542140123,
        3.912747975758604,
        3.9558367085807085,
        3.998144740606435,
        4.039672071835786,
        4.080418702268758
      ],
      [
        -1.0902254948041257,
        -1.2468997782679676,
        -1.4009711692927418,
        -1.5524396678784476,
        -1.7013052740250854,
        -1.8475679877326563,
        -1.991227809001158,
        -2.132284737830592,
        -2.2707387742209577,
        -2.4065899181722554
      ]
    ],
    "vel": [
      [
        0.22506728921033856,
        0.2213589604275485,
        0.21765063164475845,
        0.21394230286196841,
        0.21023397407917835,
        0.20652564529638828,
        0.20281731651359824,
        0.1991089877308082,
        0.19540065894801814,
        0.1916923301652281
      ],
      [
        -0.7503847159960361,
        -0.738020976910463,
        -0.72565723782489,
        -0.7132934987393169,
        -0.7009297596537438,
        -0.6885660205681707,
        -0.6762022814825976,
        -0.6638385423970247,
        -0.6514748033114516,
        -0.6391110642258785
      ]
    ]
  }
}