{
  "0": {
    "img_file": "0.jpg",
    "car_pos": [
      0.0,
      0.0
    ],
    "car_vel": [
      0.0,
      0.0
    ],
    "ball_in_frame": 1
  },
  "1": {
    "img_file": "1.jpg",
    "car_pos": [
      0.0,
      0.0
    ],
    "car_vel": [
      0.0,
      0.0
    ],
    "ball_in_frame": 1
  },
  "2": {
    "img_file": "2.jpg",
    "car_pos": [
      0.0,
      0.0
    ],
    "car_vel": [
      0.0,
      0.0
    ],
    "ball_in_frame": 1
  },
  "3": {
    "img_file": "3.jpg",
    "car_pos": [
      0.0,
      0.0
    ],
    "car_vel": [
      0.0,
      0.0
    ],
    "ball_in_frame": 1
  },
  "4": {
    "img_file": "4.jpg",
    "car_pos": [
      0.0,
      0.0
    ],
    "car_vel": [
      0.0,
      0.0
    ],
    "ball_in_frame": 1
  },
  "5": {
    "img_file": "5.jpg",
    "car_pos": [
      0.0,
      0.0
    ],
    "car_vel": [
      0.0,
      0.0
    ],
    "ball_in_frame": 1
  },
  "6": {
    "img_file": "6.jpg",
    "car_pos": [
      0.0,
      0.0
    ],
    "car_vel": [
      0.0,
      0.0
    ],
    "ball_in_frame": 1
  },
  "7": {
    "img_file": "7.jpg",
    "car_pos": [
      0.0,
      0.0
    ],
    "car_vel": [
      0.0,
      0.0
    ],
    "ball_in_frame": 1
  },
  "8": {
    "img_file": "8.jpg",
    "car_pos": [
      0.0,
      0.0
    ],
    "car_vel": [
      0.0,
      0.0
    ],
    "ball_in_frame": 1
  },
  "9": {
    "img_file": "9.jpg",
    "car_pos": [
      0.0,
      0.0
    ],
    "car_vel": [
      0.0,
      0.0
    ],
    "ball_in_frame": 1
  },
  "ball_trj": {
    "pos": [
      [
        2.6633622267208183,
        2.5863629709402294,
        2.5110556738366077,
        2.4374403354099523,
        2.3655169556602633,
        2.295285534587542,
        2.226746072191787,
        2.159898568472999,
        2.0947430234311772,
        2.031279437066323
      ],
      [
        -0.33330554762848197,
        -0.4300783559816006,
        -0.5247247075121477,
        -0.6172446022201241,
        -0.7076380401055302,
        -0.7959050211683654,
        -0.8820455454086298,
        -0.9660596128263232,
        -1.0479472234214464,
        -1.1277083771939986
      ]
    ],
    "vel": [
      [
        -0.3697648668155933,
        -0.36172806310000105,
        -0.35369125938440876,
        -0.3456544556688165,
        -0.3376176519532242,
        -0.3295808482376319,
        -0.32154404452203966,
        -0.3135072408064474,
        -0.3054704370908551,
        -0.29743363337526285
      ],
      [
        -0.46472117463091644,
        -0.4546205047237054,
        -0.4445198348164944,
        -0.4344191649092834,
        -0.4243184950020723,
        -0.41421782509486127,
        -0.40411715518765023,
        -0.39401648528043925,
        -0.3839158153732282,
        -0.3738151454660172
      ]
    ]
  }
}