{
  "0": {
    "img_file": "0.jpg",
    "car_pos": [
      0.0,
      0.0
    ],
    "car_vel": [
      0.606300863867692,
      0.0
    ],
    "ball_in_frame": 1
  },
  "1": {
    "img_file": "1.jpg",
    "car_pos": [
      0.12764228713004042,
      0.0
    ],
    "car_vel": [
      0.606300863867692,
      0.0
    ],
    "ball_in_frame": 1
  },
  "2": {
    "img_file": "2.jpg",
    "car_pos": [
      0.2552845742600808,
      0.0
    ],
    "car_vel": [
      0.606300863867692,
      0.0
    ],
    "ball_in_frame": 1
  },
  "3": {
    "img_file": "3.jpg",
    "car_pos": [
      0.3829268613901212,
      0.0
    ],
    "car_vel": [
      0.606300863867692,
      0.0
    ],
    "ball_in_frame": 1
  },
  "4": {
    "img_file": "4.jpg",
    "car_pos": [
      0.5105691485201616,
      0.0
    ],
    "car_vel": [
      0.606300863867692,
      0.0
    ],
    "ball_in_frame": 1
  },
  "5": {
    "img_file": "5.jpg",
    "car_pos": [
      0.6382114356502021,
      0.0
    ],
    "car_vel": [
      0.606300863867692,
      0.0
    ],
    "ball_in_frame": 1
  },
  "6": {
    "img_file": "6.jpg",
    "car_pos": [
      0.7658537227802426,
      0.0
    ],
    "car_vel": [
      0.606300863867692,
      0.0
    ],
    "ball_in_frame": 1
  },
  "7": {
    "img_file": "7.jpg",
    "car_pos": [
      0.893496009910283,
      0.0
    ],
    "car_vel": [
      0.606300863867692,
      0.0
    ],
    "ball_in_frame": 1
  },
  "8": {
    "img_file": "8.jpg",
    "car_pos": [
      1.0211382970403236,
      0.0
    ],
    "car_vel": [
      0.606300863867692,
      0.0
    ],
    "ball_in_frame": 1
  },
  "9": {
    "img_file": "9.jpg",
    "car_pos": [
      1.1487805841703636,
      0.0
    ],
    "car_vel": [
      0.606300863867692,
      0.0
    ],
    "ball_in_frame": 1
  },
  "ball_trj": {
    "pos": [
      [
        3.8095351792024363,
        3.8620961947552397,
        3.9137140679289,
        3.9643887987234185,
        4.014120387138794,
        4.062908833175027,
        4.110754136832118,
        4.157656298110067,
        4.203615317008873,
        4.248631193528536
      ],
      [
        -2.5368167059941893,
        -2.678845666773233,
        -2.818326093613816,
        -2.9552579865159387,
        -3.089641345479601,
        -3.2214761705048014,
        -3.350762461591542,
        -3.4775002187398205,
        -3.6016894419496404,
        -3.7233301312209988
      ]
    ],
    "vel": [
      [
        0.25190478702627794,
        0.24742486072535114,
        0.2429449344244243,
        0.23846500812349747,
        0.23398508182257063,
        0.22950515552164383,
        0.22502522922071697,
        0.22054530291979013,
        0.21606537661886333,
        0.2115854503179365
      ],
      [
        -0.6806903318043022,
        -0.6685847955966135,
        -0.6564792593889249,
        -0.6443737231812363,
        -0.6322681869735477,
        -0.6201626507658591,
        -0.6080571145581704,
        -0.5959515783504818,
        -0.5838460421427931,
        -0.5717405059351045
      ]
    ]
  }
}