{
  "0": {
    "img_file": "0.jpg",
    "car_pos": [
      0.0,
      0.0
    ],
    "car_vel": [
      0.524860644200095,
      0.0
    ],
    "ball_in_frame": 1
  },
  "1": {
    "img_file": "1.jpg",
    "car_pos": [
      0.1104969777263358,
      0.0
    ],
    "car_vel": [
      0.524860644200095,
      0.0
    ],
    "ball_in_frame": 1
  },
  "2": {
    "img_file": "2.jpg",
    "car_pos": [
      0.22099395545267161,
      0.0
    ],
    "car_vel": [
      0.524860644200095,
      0.0
    ],
    "ball_in_frame": 1
  },
  "3": {
    "img_file": "3.jpg",
    "car_pos": [
      0.3314909331790074,
      0.0
    ],
    "car_vel": [
      0.524860644200095,
      0.0
    ],
    "ball_in_frame": 1
  },
  "4": {
    "img_file": "4.jpg",
    "car_pos": [
      0.4419879109053432,
      0.0
    ],
    "car_vel": [
      0.524860644200095,
      0.0
    ],
    "ball_in_frame": 1
  },
  "5": {
    "img_file": "5.jpg",
    "car_pos": [
      0.552484888631679,
      0.0
    ],
    "car_vel": [
      0.524860644200095,
      0.0
    ],
    "ball_in_frame": 1
  },
  "6": {
    "img_file": "6.jpg",
    "car_pos": [
      0.6629818663580148,
      0.0
    ],
    "car_vel": [
      0.524860644200095,
      0.0
    ],
    "ball_in_frame": 1
  },
  "7": {
    "img_file": "7.jpg",
    "car_pos": [
      0.7734788440843506,
      0.0
    ],
    "car_vel": [
      0.524860644200095,
      0.0
    ],
    "ball_in_frame": 1
  },
  "8": {
    "img_file": "8.jpg",
    "car_pos": [
      0.8839758218106863,
      0.0
    ],
    "car_vel": [
      0.524860644200095,
      0.0
    ],
    "ball_in_frame": 1
  },
  "9": {
    "img_file": "9.jpg",
    "car_pos": [
      0.9944727995370223,
      0.0
    ],
    "car_vel": [
      0.524860644200095,
      0.0
    ],
    "ball_in_frame": 0
  },
  "ball_trj": {
    "pos": [
      [
        1.1767043912836919,
        1.0297693834246753,
        0.8846263247921424,
        0.7412752153860922,
        0.5997160552065244,
        0.4599488442534403,
        0.32197358252683905,
        0.18579027002672044,
        0.05139890675308484,
        -0.08120050729406803
      ],
      [
        1.9244418287854244,
        2.0919545320938493,
        2.2574243304234436,
        2.4208512237742084,
        2.582235212146143,
        2.741576295539248,
        2.8988744739535233,
        3.0541297473889677,
        3.2073421158455835,
        3.3585115793233693
      ]
    ],
    "vel": [
      [
        -0.7021971667432237,
        -0.6936854079174298,
        -0.6851736490916358,
        -0.6766618902658419,
        -0.6681501314400479,
        -0.659638372614254,
        -0.6511266137884599,
        -0.642614854962666,
        -0.6341030961368721,
        -0.6255913373110781
      ],
      [
        0.800537240039738,
        0.7908334413902959,
        0.7811296427408538,
        0.7714258440914117,
        0.7617220454419695,
        0.7520182467925274,
        0.7423144481430852,
        0.7326106494936432,
        0.722906850844201,
        0.7132030521947589
      ]
    ]
  }
}