{
  "0": {
    "img_file": "0.jpg",
    "car_pos": [
      0.0,
      0.0
    ],
    "car_vel": [
      0.0,
      0.0
    ],
    "ball_in_frame": 1
  },
  "1": {
    "img_file": "1.jpg",
    "car_pos": [
      0.0,
      0.0
    ],
    "car_vel": [
      0.0,
      0.0
    ],
    "ball_in_frame": 1
  },
  "2": {
    "img_file": "2.jpg",
    "car_pos": [
      0.0,
      0.0
    ],
    "car_vel": [
      0.0,
      0.0
    ],
    "ball_in_frame": 1
  },
  "3": {
    "img_file": "3.jpg",
    "car_pos": [
      0.0,
      0.0
    ],
    "car_vel": [
      0.0,
      0.0
    ],
    "ball_in_frame": 1
  },
  "4": {
    "img_file": "4.jpg",
    "car_pos": [
      0.0,
      0.0
    ],
    "car_vel": [
      0.0,
      0.0
    ],
    "ball_in_frame": 1
  },
  "5": {
    "img_file": "5.jpg",
    "car_pos": [
      0.0,
      0.0
    ],
    "car_vel": [
      0.0,
      0.0
    ],
    "ball_in_frame": 1
  },
  "6": {
    "img_file": "6.jpg",
    "car_pos": [
      0.0,
      0.0
    ],
    "car_vel": [
      0.0,
      0.0
    ],
    "ball_in_frame": 1
  },
  "7": {
    "img_file": "7.jpg",
    "car_pos": [
      0.0,
      0.0
    ],
    "car_vel": [
      0.0,
      0.0
    ],
    "ball_in_frame": 1
  },
  "8": {
    "img_file": "8.jpg",
    "car_pos": [
      0.0,
      0.0
    ],
    "car_vel": [
      0.0,
      0.0
    ],
    "ball_in_frame": 1
  },
  "9": {
    "img_file": "9.jpg",
    "car_pos": [
      0.0,
      0.0
    ],
    "car_vel": [
      0.0,
      0.0
    ],
    "ball_in_frame": 1
  },
  "ball_trj": {
    "pos": [
      [
        4.145333906935041,
        4.174442777541345,
        4.202531669526813,
        4.229600582891445,
        4.2556495176352405,
        4.280678473758201,
        4.304687451260325,
        4.327676450141611,
        4.349645470402063,
        4.370594512041678
      ],
      [
        -0.39263570376285417,
        -0.4645180516320735,
        -0.5338816326609803,
        -0.6007264468495744,
        -0.6650524941978565,
        -0.7268597747058253,
        -0.7861482883734822,
        -0.8429180352008262,
        -0.8971690151878576,
        -0.9489012283345767
      ]
    ],
    "vel": [
      [
        0.14068958460443076,
        0.13584468615545922,
        0.13099978770648768,
        0.12615488925751617,
        0.1213099908085446,
        0.11646509235957306,
        0.11162019391060153,
        0.10677529546162998,
        0.10193039701265842,
        0.09708549856368685
      ],
      [
        -0.3474232236245338,
        -0.3354590811330491,
        -0.3234949386415644,
        -0.3115307961500797,
        -0.29956665365859503,
        -0.28760251116711033,
        -0.27563836867562563,
        -0.26367422618414094,
        -0.25171008369265624,
        -0.23974594120117154
      ]
    ]
  }
}