{
  "0": {
    "img_file": "0.jpg",
    "car_pos": [
      0.0,
      0.0
    ],
    "car_vel": [
      0.0,
      0.0
    ],
    "ball_in_frame": 1
  },
  "1": {
    "img_file": "1.jpg",
    "car_pos": [
      0.0,
      0.0
    ],
    "car_vel": [
      0.0,
      0.0
    ],
    "ball_in_frame": 1
  },
  "2": {
    "img_file": "2.jpg",
    "car_pos": [
      0.0,
      0.0
    ],
    "car_vel": [
      0.0,
      0.0
    ],
    "ball_in_frame": 1
  },
  "3": {
    "img_file": "3.jpg",
    "car_pos": [
      0.0,
      0.0
    ],
    "car_vel": [
      0.0,
      0.0
    ],
    "ball_in_frame": 1
  },
  "4": {
    "img_file": "4.jpg",
    "car_pos": [
      0.0,
      0.0
    ],
    "car_vel": [
      0.0,
      0.0
    ],
    "ball_in_frame": 1
  },
  "5": {
    "img_file": "5.jpg",
    "car_pos": [
      0.0,
      0.0
    ],
    "car_vel": [
      0.0,
      0.0
    ],
    "ball_in_frame": 1
  },
  "6": {
    "img_file": "6.jpg",
    "car_pos": [
      0.0,
      0.0
    ],
    "car_vel": [
      0.0,
      0.0
    ],
    "ball_in_frame": 1
  },
  "7": {
    "img_file": "7.jpg",
    "car_pos": [
      0.0,
      0.0
    ],
    "car_vel": [
      0.0,
      0.0
    ],
    "ball_in_frame": 1
  },
  "8": {
    "img_file": "8.jpg",
    "car_pos": [
      0.0,
      0.0
    ],
    "car_vel": [
      0.0,
      0.0
    ],
    "ball_in_frame": 1
  },
  "9": {
    "img_file": "9.jpg",
    "car_pos": [
      0.0,
      0.0
    ],
    "car_vel": [
      0.0,
      0.0
    ],
    "ball_in_frame": 1
  },
  "ball_trj": {
    "pos": [
      [
        4.318637096324634,
        4.429027977666511,
        4.537408363272328,
        4.643778253142084,
        4.748137647275781,
        4.850486545673419,
        4.950824948334997,
        5.049152855260514,
        5.145470266449973,
        5.239777181903371
      ],
      [
        -0.7021197378485364,
        -0.8025032723411383,
        -0.9010585700662213,
        -0.9977856310237863,
        -1.0926844552138326,
        -1.1857550426363608,
        -1.27699739329137,
        -1.366411507178861,
        -1.4539973842988334,
        -1.5397550246512877
      ]
    ],
    "vel": [
      [
        0.5291316137470553,
        0.5195817590007713,
        0.5100319042544874,
        0.5004820495082034,
        0.4909321947619195,
        0.4813823400156355,
        0.47183248526935156,
        0.4622826305230676,
        0.4527327757767837,
        0.4431829210304997
      ],
      [
        -0.4811638511627147,
        -0.47247972651700204,
        -0.4637956018712894,
        -0.45511147722557677,
        -0.44642735257986405,
        -0.43774322793415144,
        -0.42905910328843877,
        -0.4203749786427261,
        -0.4116908539970134,
        -0.4030067293513007
      ]
    ]
  }
}