{
  "0": {
    "img_file": "0.jpg",
    "car_pos": [
      0.0,
      0.0
    ],
    "car_vel": [
      0.714490213712258,
      0.0
    ],
    "ball_in_frame": 1
  },
  "1": {
    "img_file": "1.jpg",
    "car_pos": [
      0.15041899236047535,
      0.0
    ],
    "car_vel": [
      0.714490213712258,
      0.0
    ],
    "ball_in_frame": 1
  },
  "2": {
    "img_file": "2.jpg",
    "car_pos": [
      0.30083798472095075,
      0.0
    ],
    "car_vel": [
      0.714490213712258,
      0.0
    ],
    "ball_in_frame": 1
  },
  "3": {
    "img_file": "3.jpg",
    "car_pos": [
      0.4512569770814261,
      0.0
    ],
    "car_vel": [
      0.714490213712258,
      0.0
    ],
    "ball_in_frame": 1
  },
  "4": {
    "img_file": "4.jpg",
    "car_pos": [
      0.6016759694419014,
      0.0
    ],
    "car_vel": [
      0.714490213712258,
      0.0
    ],
    "ball_in_frame": 1
  },
  "5": {
    "img_file": "5.jpg",
    "car_pos": [
      0.7520949618023769,
      0.0
    ],
    "car_vel": [
      0.714490213712258,
      0.0
    ],
    "ball_in_frame": 1
  },
  "6": {
    "img_file": "6.jpg",
    "car_pos": [
      0.9025139541628522,
      0.0
    ],
    "car_vel": [
      0.714490213712258,
      0.0
    ],
    "ball_in_frame": 1
  },
  "7": {
    "img_file": "7.jpg",
    "car_pos": [
      1.0529329465233275,
      0.0
    ],
    "car_vel": [
      0.714490213712258,
      0.0
    ],
    "ball_in_frame": 1
  },
  "8": {
    "img_file": "8.jpg",
    "car_pos": [
      1.203351938883803,
      0.0
    ],
    "car_vel": [
      0.714490213712258,
      0.0
    ],
    "ball_in_frame": 1
  },
  "9": {
    "img_file": "9.jpg",
    "car_pos": [
      1.3537709312442785,
      0.0
    ],
    "car_vel": [
      0.714490213712258,
      0.0
    ],
    "ball_in_frame": 1
  },
  "ball_trj": {
    "pos": [
      [
        3.5683360981438526,
        3.556034143898314,
        3.544104979565927,
        3.5325486051466912,
        3.521365020640607,
        3.5105542260476734,
        3.5001162213678914,
        3.4900510066012607,
        3.4803585817477813,
        3.471038946807453
      ],
      [
        0.529011988005829,
        0.6178392440946864,
        0.7039747404499352,
        0.7874184770715759,
        0.8681704539596095,
        0.9462306711140348,
        1.0215991285348518,
        1.094275826222061,
        1.164260764175662,
        1.2315539423956552
      ]
    ],
    "vel": [
      [
        -0.059319658710040815,
        -0.05754890662257241,
        -0.05577815453510401,
        -0.05400740244763562,
        -0.05223665036016721,
        -0.050465898272698796,
        -0.0486951461852304,
        -0.046924394097762,
        -0.0451536420102936,
        -0.0433828899228252
      ],
      [
        0.42832239578939013,
        0.415536537054752,
        0.40275067832011385,
        0.38996481958547574,
        0.3771789608508376,
        0.3643931021161994,
        0.35160724338156124,
        0.33882138464692313,
        0.326035525912285,
        0.31324966717764685
      ]
    ]
  }
}