{
  "0": {
    "img_file": "0.jpg",
    "car_pos": [
      0.0,
      0.0
    ],
    "car_vel": [
      0.0,
      0.0
    ],
    "ball_in_frame": 1
  },
  "1": {
    "img_file": "1.jpg",
    "car_pos": [
      0.0,
      0.0
    ],
    "car_vel": [
      0.0,
      0.0
    ],
    "ball_in_frame": 1
  },
  "2": {
    "img_file": "2.jpg",
    "car_pos": [
      0.0,
      0.0
    ],
    "car_vel": [
      0.0,
      0.0
    ],
    "ball_in_frame": 1
  },
  "3": {
    "img_file": "3.jpg",
    "car_pos": [
      0.0,
      0.0
    ],
    "car_vel": [
      0.0,
      0.0
    ],
    "ball_in_frame": 1
  },
  "4": {
    "img_file": "4.jpg",
    "car_pos": [
      0.0,
      0.0
    ],
    "car_vel": [
      0.0,
      0.0
    ],
    "ball_in_frame": 1
  },
  "5": {
    "img_file": "5.jpg",
    "car_pos": [
      0.0,
      0.0
    ],
    "car_vel": [
      0.0,
      0.0
    ],
    "ball_in_frame": 1
  },
  "6": {
    "img_file": "6.jpg",
    "car_pos": [
      0.0,
      0.0
    ],
    "car_vel": [
      0.0,
      0.0
    ],
    "ball_in_frame": 1
  },
  "7": {
    "img_file": "7.jpg",
    "car_pos": [
      0.0,
      0.0
    ],
    "car_vel": [
      0.0,
      0.0
    ],
    "ball_in_frame": 1
  },
  "8": {
    "img_file": "8.jpg",
    "car_pos": [
      0.0,
      0.0
    ],
    "car_vel": [
      0.0,
      0.0
    ],
    "ball_in_frame": 1
  },
  "9": {
    "img_file": "9.jpg",
    "car_pos": [
      0.0,
      0.0
    ],
    "car_vel": [
      0.0,
      0.0
    ],
    "ball_in_frame": 1
  },
  "ball_trj": {
    "pos": [
      [
        3.467328418349581,
        3.516221000761794,
        3.563713093080972,
        3.609804695307116,
        3.6544958074402247,
        3.6977864294802987,
        3.7396765614273377,
        3.780166203281343,
        3.8192553550423125,
        3.8569440167102473
      ],
      [
        1.0017812165693112,
        1.0830810313169397,
        1.1620520759423505,
        1.2386943504455439,
        1.3130078548265205,
        1.3849925890852792,
        1.454648553221821,
        1.5219757472361448,
        1.5869741711282517,
        1.6496438248981407
      ]
    ],
    "vel": [
      [
        0.2355659304289692,
        0.22891360248705417,
        0.22226127454513914,
        0.2156089466032241,
        0.2089566186613091,
        0.20230429071939404,
        0.19565196277747904,
        0.188999634835564,
        0.18234730689364897,
        0.17569497895173392
      ],
      [
        0.39170494909150017,
        0.3806432910109675,
        0.3695816329304349,
        0.3585199748499023,
        0.34745831676936956,
        0.33639665868883695,
        0.32533500060830434,
        0.31427334252777167,
        0.303211684447239,
        0.2921500263667064
      ]
    ]
  }
}