{
  "0": {
    "img_file": "0.jpg",
    "car_pos": [
      0.0,
      0.0
    ],
    "car_vel": [
      0.0,
      0.0
    ],
    "ball_in_frame": 1
  },
  "1": {
    "img_file": "1.jpg",
    "car_pos": [
      0.0,
      0.0
    ],
    "car_vel": [
      0.0,
      0.0
    ],
    "ball_in_frame": 1
  },
  "2": {
    "img_file": "2.jpg",
    "car_pos": [
      0.0,
      0.0
    ],
    "car_vel": [
      0.0,
      0.0
    ],
    "ball_in_frame": 1
  },
  "3": {
    "img_file": "3.jpg",
    "car_pos": [
      0.0,
      0.0
    ],
    "car_vel": [
      0.0,
      0.0
    ],
    "ball_in_frame": 1
  },
  "4": {
    "img_file": "4.jpg",
    "car_pos": [
      0.0,
      0.0
    ],
    "car_vel": [
      0.0,
      0.0
    ],
    "ball_in_frame": 1
  },
  "5": {
    "img_file": "5.jpg",
    "car_pos": [
      0.0,
      0.0
    ],
    "car_vel": [
      0.0,
      0.0
    ],
    "ball_in_frame": 1
  },
  "6": {
    "img_file": "6.jpg",
    "car_pos": [
      0.0,
      0.0
    ],
    "car_vel": [
      0.0,
      0.0
    ],
    "ball_in_frame": 1
  },
  "7": {
    "img_file": "7.jpg",
    "car_pos": [
      0.0,
      0.0
    ],
    "car_vel": [
      0.0,
      0.0
    ],
    "ball_in_frame": 1
  },
  "8": {
    "img_file": "8.jpg",
    "car_pos": [
      0.0,
      0.0
    ],
    "car_vel": [
      0.0,
      0.0
    ],
    "ball_in_frame": 1
  },
  "9": {
    "img_file": "9.jpg",
    "car_pos": [
      0.0,
      0.0
    ],
    "car_vel": [
      0.0,
      0.0
    ],
    "ball_in_frame": 1
  },
  "ball_trj": {
    "pos": [
      [
        1.9835146765258609,
        1.8259050012720086,
        1.6710101727156916,
        1.5188301908569097,
        1.3693650556956642,
        1.2226147672319532,
        1.0785793254657787,
        0.9372587303971391,
        0.7986529820260349,
        0.6627620803524659
      ],
      [
        -0.4348380522793648,
        -0.4417439274710615,
        -0.4485308480844458,
        -0.45519881411951785,
        -0.46174782557627747,
        -0.46817788245472475,
        -0.4744889847548597,
        -0.4806811324766822,
        -0.4867543256201924,
        -0.4927085641853902
      ]
    ],
    "vel": [
      [
        -0.755093718362445,
        -0.7421981965491513,
        -0.7293026747358577,
        -0.7164071529225642,
        -0.7035116311092705,
        -0.6906161092959769,
        -0.6777205874826834,
        -0.6648250656693897,
        -0.6519295438560961,
        -0.6390340220428026
      ],
      [
        -0.0330854242840512,
        -0.03252039003706749,
        -0.031955355790083774,
        -0.03139032154310006,
        -0.030825287296116343,
        -0.030260253049132622,
        -0.029695218802148912,
        -0.029130184555165195,
        -0.028565150308181478,
        -0.02800011606119776
      ]
    ]
  }
}