{
  "0": {
    "img_file": "0.jpg",
    "car_pos": [
      0.0,
      0.0
    ],
    "car_vel": [
      0.028230347259670885,
      0.0
    ],
    "ball_in_frame": 1
  },
  "1": {
    "img_file": "1.jpg",
    "car_pos": [
      0.005943231002035975,
      0.0
    ],
    "car_vel": [
      0.028230347259670885,
      0.0
    ],
    "ball_in_frame": 1
  },
  "2": {
    "img_file": "2.jpg",
    "car_pos": [
      0.011886462004071952,
      0.0
    ],
    "car_vel": [
      0.028230347259670885,
      0.0
    ],
    "ball_in_frame": 1
  },
  "3": {
    "img_file": "3.jpg",
    "car_pos": [
      0.017829693006107934,
      0.0
    ],
    "car_vel": [
      0.028230347259670885,
      0.0
    ],
    "ball_in_frame": 1
  },
  "4": {
    "img_file": "4.jpg",
    "car_pos": [
      0.023772924008143907,
      0.0
    ],
    "car_vel": [
      0.028230347259670885,
      0.0
    ],
    "ball_in_frame": 1
  },
  "5": {
    "img_file": "5.jpg",
    "car_pos": [
      0.02971615501017988,
      0.0
    ],
    "car_vel": [
      0.028230347259670885,
      0.0
    ],
    "ball_in_frame": 1
  },
  "6": {
    "img_file": "6.jpg",
    "car_pos": [
      0.035659386012215855,
      0.0
    ],
    "car_vel": [
      0.028230347259670885,
      0.0
    ],
    "ball_in_frame": 1
  },
  "7": {
    "img_file": "7.jpg",
    "car_pos": [
      0.04160261701425183,
      0.0
    ],
    "car_vel": [
      0.028230347259670885,
      0.0
    ],
    "ball_in_frame": 1
  },
  "8": {
    "img_file": "8.jpg",
    "car_pos": [
      0.047545848016287806,
      0.0
    ],
    "car_vel": [
      0.028230347259670885,
      0.0
    ],
    "ball_in_frame": 1
  },
  "9": {
    "img_file": "9.jpg",
    "car_pos": [
      0.05348907901832378,
      0.0
    ],
    "car_vel": [
      0.028230347259670885,
      0.0
    ],
    "ball_in_frame": 1
  },
  "ball_trj": {
    "pos": [
      [
        1.783277721089002,
        1.6423376685955031,
        1.5038805908186148,
        1.3679064877583367,
        1.2344153594146694,
        1.103407205787612,
        0.9748820268771663,
        0.8488398226833302,
        0.7252805932061044,
        0.60420433844549
      ],
      [
        -1.4493693650153792,
        -1.512049734488367,
        -1.5736258488551884,
        -1.6340977081158443,
        -1.6934653122703343,
        -1.7517286613186585,
        -1.8088877552608162,
        -1.8649425940968083,
        -1.9198931778266348,
        -1.9737395064502947
      ]
    ],
    "vel": [
      [
        -0.6753623142960701,
        -0.6635681843921698,
        -0.6517740544882696,
        -0.6399799245843694,
        -0.6281857946804691,
        -0.6163916647765688,
        -0.6045975348726685,
        -0.5928034049687683,
        -0.581009275064868,
        -0.5692151451609677
      ],
      [
        -0.3003543608738351,
        -0.295109149119547,
        -0.28986393736525895,
        -0.2846187256109709,
        -0.27937351385668274,
        -0.2741283021023947,
        -0.26888309034810665,
        -0.26363787859381854,
        -0.25839266683953044,
        -0.25314745508524233
      ]
    ]
  }
}