{
  "0": {
    "img_file": "0.jpg",
    "car_pos": [
      0.0,
      0.0
    ],
    "car_vel": [
      0.0,
      0.0
    ],
    "ball_in_frame": 1
  },
  "1": {
    "img_file": "1.jpg",
    "car_pos": [
      0.0,
      0.0
    ],
    "car_vel": [
      0.0,
      0.0
    ],
    "ball_in_frame": 1
  },
  "2": {
    "img_file": "2.jpg",
    "car_pos": [
      0.0,
      0.0
    ],
    "car_vel": [
      0.0,
      0.0
    ],
    "ball_in_frame": 1
  },
  "3": {
    "img_file": "3.jpg",
    "car_pos": [
      0.0,
      0.0
    ],
    "car_vel": [
      0.0,
      0.0
    ],
    "ball_in_frame": 1
  },
  "4": {
    "img_file": "4.jpg",
    "car_pos": [
      0.0,
      0.0
    ],
    "car_vel": [
      0.0,
      0.0
    ],
    "ball_in_frame": 1
  },
  "5": {
    "img_file": "5.jpg",
    "car_pos": [
      0.0,
      0.0
    ],
    "car_vel": [
      0.0,
      0.0
    ],
    "ball_in_frame": 1
  },
  "6": {
    "img_file": "6.jpg",
    "car_pos": [
      0.0,
      0.0
    ],
    "car_vel": [
      0.0,
      0.0
    ],
    "ball_in_frame": 1
  },
  "7": {
    "img_file": "7.jpg",
    "car_pos": [
      0.0,
      0.0
    ],
    "car_vel": [
      0.0,
      0.0
    ],
    "ball_in_frame": 1
  },
  "8": {
    "img_file": "8.jpg",
    "car_pos": [
      0.0,
      0.0
    ],
    "car_vel": [
      0.0,
      0.0
    ],
    "ball_in_frame": 1
  },
  "9": {
    "img_file": "9.jpg",
    "car_pos": [
      0.0,
      0.0
    ],
    "car_vel": [
      0.0,
      0.0
    ],
    "ball_in_frame": 1
  },
  "ball_trj": {
    "pos": [
      [
        2.609925921906061,
        2.645237208690876,
        2.6795297112675187,
        2.712803429635989,
        2.745058363796288,
        2.7762945137484145,
        2.8065118794923687,
        2.8357104610281505,
        2.8638902583557604,
        2.891051271475198
      ],
      [
        1.6556616709388656,
        1.7429794416988673,
        1.8277779622688324,
        1.9100572326487604,
        1.9898172528386522,
        2.0670580228385074,
        2.141779542648325,
        2.2139818122681065,
        2.283664831697852,
        2.3508286009375596
      ]
    ],
    "vel": [
      [
        0.1701482247222797,
        0.16530899973346197,
        0.1604697747446443,
        0.1556305497558266,
        0.15079132476700888,
        0.14595209977819118,
        0.14111287478937348,
        0.13627364980055579,
        0.13143442481173806,
        0.1265951998229204
      ],
      [
        0.4207426303113449,
        0.40877619190867054,
        0.3968097535059963,
        0.384843315103322,
        0.3728768767006477,
        0.3609104382979733,
        0.3489439998952991,
        0.3369775614926248,
        0.32501112308995045,
        0.3130446846872762
      ]
    ]
  }
}