{
  "0": {
    "img_file": "0.jpg",
    "car_pos": [
      0.0,
      0.0
    ],
    "car_vel": [
      0.0,
      0.0
    ],
    "ball_in_frame": 1
  },
  "1": {
    "img_file": "1.jpg",
    "car_pos": [
      0.0,
      0.0
    ],
    "car_vel": [
      0.0,
      0.0
    ],
    "ball_in_frame": 1
  },
  "2": {
    "img_file": "2.jpg",
    "car_pos": [
      0.0,
      0.0
    ],
    "car_vel": [
      0.0,
      0.0
    ],
    "ball_in_frame": 1
  },
  "3": {
    "img_file": "3.jpg",
    "car_pos": [
      0.0,
      0.0
    ],
    "car_vel": [
      0.0,
      0.0
    ],
    "ball_in_frame": 1
  },
  "4": {
    "img_file": "4.jpg",
    "car_pos": [
      0.0,
      0.0
    ],
    "car_vel": [
      0.0,
      0.0
    ],
    "ball_in_frame": 1
  },
  "5": {
    "img_file": "5.jpg",
    "car_pos": [
      0.0,
      0.0
    ],
    "car_vel": [
      0.0,
      0.0
    ],
    "ball_in_frame": 1
  },
  "6": {
    "img_file": "6.jpg",
    "car_pos": [
      0.0,
      0.0
    ],
    "car_vel": [
      0.0,
      0.0
    ],
    "ball_in_frame": 1
  },
  "7": {
    "img_file": "7.jpg",
    "car_pos": [
      0.0,
      0.0
    ],
    "car_vel": [
      0.0,
      0.0
    ],
    "ball_in_frame": 1
  },
  "8": {
    "img_file": "8.jpg",
    "car_pos": [
      0.0,
      0.0
    ],
    "car_vel": [
      0.0,
      0.0
    ],
    "ball_in_frame": 1
  },
  "9": {
    "img_file": "9.jpg",
    "car_pos": [
      0.0,
      0.0
    ],
    "car_vel": [
      0.0,
      0.0
    ],
    "ball_in_frame": 1
  },
  "ball_trj": {
    "pos": [
      [
        2.9036691801028534,
        2.880964081246771,
        2.860826227156588,
        2.8432556178323027,
        2.8282522532739156,
        2.815816133481427,
        2.805947258454837,
        2.7986456281941448,
        2.7939112426993513,
        2.7917441019704565
      ],
      [
        0.8330496351969205,
        0.8409293567781838,
        0.8479181254455461,
        0.8540159411990075,
        0.8592228040385679,
        0.8635387139642274,
        0.866963670975986,
        0.869497675073844,
        0.8711407262578013,
        0.8718928245278581
      ]
    ],
    "vel": [
      [
        -0.11394642588539973,
        -0.10175201324738159,
        -0.08955760060936302,
        -0.07736318797134414,
        -0.06516877533332521,
        -0.05297436269530642,
        -0.04077995005728832,
        -0.028585537419271084,
        -0.01639112478125543,
        -0.004196712143241715
      ],
      [
        0.039544690681507205,
        0.03531266434048097,
        0.031080637999456026,
        0.02684861165843193,
        0.022616585317408046,
        0.01838455897638354,
        0.014152532635357415,
        0.009920506294328404,
        0.0056884799532951336,
        0.0014564536122559507
      ]
    ]
  }
}