{
  "0": {
    "img_file": "0.jpg",
    "car_pos": [
      0.0,
      0.0
    ],
    "car_vel": [
      0.3742188078358121,
      0.0
    ],
    "ball_in_frame": 1
  },
  "1": {
    "img_file": "1.jpg",
    "car_pos": [
      0.07878290691280254,
      0.0
    ],
    "car_vel": [
      0.3742188078358121,
      0.0
    ],
    "ball_in_frame": 1
  },
  "2": {
    "img_file": "2.jpg",
    "car_pos": [
      0.15756581382560508,
      0.0
    ],
    "car_vel": [
      0.3742188078358121,
      0.0
    ],
    "ball_in_frame": 1
  },
  "3": {
    "img_file": "3.jpg",
    "car_pos": [
      0.2363487207384076,
      0.0
    ],
    "car_vel": [
      0.3742188078358121,
      0.0
    ],
    "ball_in_frame": 1
  },
  "4": {
    "img_file": "4.jpg",
    "car_pos": [
      0.31513162765121017,
      0.0
    ],
    "car_vel": [
      0.3742188078358121,
      0.0
    ],
    "ball_in_frame": 1
  },
  "5": {
    "img_file": "5.jpg",
    "car_pos": [
      0.3939145345640127,
      0.0
    ],
    "car_vel": [
      0.3742188078358121,
      0.0
    ],
    "ball_in_frame": 1
  },
  "6": {
    "img_file": "6.jpg",
    "car_pos": [
      0.47269744147681525,
      0.0
    ],
    "car_vel": [
      0.3742188078358121,
      0.0
    ],
    "ball_in_frame": 1
  },
  "7": {
    "img_file": "7.jpg",
    "car_pos": [
      0.5514803483896178,
      0.0
    ],
    "car_vel": [
      0.3742188078358121,
      0.0
    ],
    "ball_in_frame": 1
  },
  "8": {
    "img_file": "8.jpg",
    "car_pos": [
      0.6302632553024203,
      0.0
    ],
    "car_vel": [
      0.3742188078358121,
      0.0
    ],
    "ball_in_frame": 1
  },
  "9": {
    "img_file": "9.jpg",
    "car_pos": [
      0.7090461622152228,
      0.0
    ],
    "car_vel": [
      0.3742188078358121,
      0.0
    ],
    "ball_in_frame": 1
  },
  "ball_trj": {
    "pos": [
      [
        1.9394737535518058,
        1.8630136865370281,
        1.7881161239509473,
        1.714781065793563,
        1.6430085120648754,
        1.5727984627648839,
        1.5041509178935897,
        1.4370658774509915,
        1.3715433414370901,
        1.3075833098518852
      ],
      [
        -0.2944707532595118,
        -0.40326704989328443,
        -0.5098400330779174,
        -0.6141897028134109,
        -0.716316059099765,
        -0.81621910193698,
        -0.9138988313250553,
        -1.0093552472639913,
        -1.1025883497537876,
        -1.1935981387944445
      ]
    ],
    "vel": [
      [
        -0.3668962663383473,
        -0.35947437030203844,
        -0.3520524742657296,
        -0.3446305782294207,
        -0.33720868219311184,
        -0.329786786156803,
        -0.3223648901204942,
        -0.3149429940841853,
        -0.3075210980478764,
        -0.3000992020115676
      ],
      [
        -0.5220627784521247,
        -0.5115020395687123,
        -0.5009413006852999,
        -0.4903805618018875,
        -0.4798198229184751,
        -0.46925908403506256,
        -0.4586983451516502,
        -0.4481376062682378,
        -0.4375768673848254,
        -0.427016128501413
      ]
    ]
  }
}