{
  "0": {
    "img_file": "0.jpg",
    "car_pos": [
      0.0,
      0.0
    ],
    "car_vel": [
      0.0,
      0.0
    ],
    "ball_in_frame": 1
  },
  "1": {
    "img_file": "1.jpg",
    "car_pos": [
      0.0,
      0.0
    ],
    "car_vel": [
      0.0,
      0.0
    ],
    "ball_in_frame": 1
  },
  "2": {
    "img_file": "2.jpg",
    "car_pos": [
      0.0,
      0.0
    ],
    "car_vel": [
      0.0,
      0.0
    ],
    "ball_in_frame": 1
  },
  "3": {
    "img_file": "3.jpg",
    "car_pos": [
      0.0,
      0.0
    ],
    "car_vel": [
      0.0,
      0.0
    ],
    "ball_in_frame": 1
  },
  "4": {
    "img_file": "4.jpg",
    "car_pos": [
      0.0,
      0.0
    ],
    "car_vel": [
      0.0,
      0.0
    ],
    "ball_in_frame": 1
  },
  "5": {
    "img_file": "5.jpg",
    "car_pos": [
      0.0,
      0.0
    ],
    "car_vel": [
      0.0,
      0.0
    ],
    "ball_in_frame": 1
  },
  "6": {
    "img_file": "6.jpg",
    "car_pos": [
      0.0,
      0.0
    ],
    "car_vel": [
      0.0,
      0.0
    ],
    "ball_in_frame": 1
  },
  "7": {
    "img_file": "7.jpg",
    "car_pos": [
      0.0,
      0.0
    ],
    "car_vel": [
      0.0,
      0.0
    ],
    "ball_in_frame": 1
  },
  "8": {
    "img_file": "8.jpg",
    "car_pos": [
      0.0,
      0.0
    ],
    "car_vel": [
      0.0,
      0.0
    ],
    "ball_in_frame": 1
  },
  "9": {
    "img_file": "9.jpg",
    "car_pos": [
      0.0,
      0.0
    ],
    "car_vel": [
      0.0,
      0.0
    ],
    "ball_in_frame": 1
  },
  "ball_trj": {
    "pos": [
      [
        4.347680057105416,
        4.459450111141548,
        4.569263953508691,
        4.677121584206844,
        4.783023003236009,
        4.886968210596184,
        4.988957206287369,
        5.088989990309565,
        5.187066562662771,
        5.283186923346988
      ],
      [
        -1.3399955830811816,
        -1.4477658802494435,
        -1.5536499699294024,
        -1.6576478521210578,
        -1.7597595268244106,
        -1.8599849940394602,
        -1.9583242537662062,
        -2.0547773060046497,
        -2.1493441507547892,
        -2.2420247880166246
      ]
    ],
    "vel": [
      [
        0.5355537593854762,
        0.526261753957777,
        0.5169697485300777,
        0.5076777431023785,
        0.49838573767467914,
        0.4890937322469799,
        0.47980172681928057,
        0.4705097213915813,
        0.46121771596388206,
        0.45192571053618286
      ],
      [
        -0.516388654333964,
        -0.5074291687645239,
        -0.49846968319508395,
        -0.48951019762564396,
        -0.4805507120562039,
        -0.47159122648676394,
        -0.46263174091732395,
        -0.4536722553478839,
        -0.44471276977844393,
        -0.435753284209004
      ]
    ]
  }
}