{
  "0": {
    "img_file": "0.jpg",
    "car_pos": [
      0.0,
      0.0
    ],
    "car_vel": [
      0.3946054342018719,
      0.0
    ],
    "ball_in_frame": 1
  },
  "1": {
    "img_file": "1.jpg",
    "car_pos": [
      0.08307482825302567,
      0.0
    ],
    "car_vel": [
      0.3946054342018719,
      0.0
    ],
    "ball_in_frame": 1
  },
  "2": {
    "img_file": "2.jpg",
    "car_pos": [
      0.16614965650605135,
      0.0
    ],
    "car_vel": [
      0.3946054342018719,
      0.0
    ],
    "ball_in_frame": 1
  },
  "3": {
    "img_file": "3.jpg",
    "car_pos": [
      0.24922448475907694,
      0.0
    ],
    "car_vel": [
      0.3946054342018719,
      0.0
    ],
    "ball_in_frame": 1
  },
  "4": {
    "img_file": "4.jpg",
    "car_pos": [
      0.3322993130121026,
      0.0
    ],
    "car_vel": [
      0.3946054342018719,
      0.0
    ],
    "ball_in_frame": 1
  },
  "5": {
    "img_file": "5.jpg",
    "car_pos": [
      0.4153741412651283,
      0.0
    ],
    "car_vel": [
      0.3946054342018719,
      0.0
    ],
    "ball_in_frame": 1
  },
  "6": {
    "img_file": "6.jpg",
    "car_pos": [
      0.498448969518154,
      0.0
    ],
    "car_vel": [
      0.3946054342018719,
      0.0
    ],
    "ball_in_frame": 1
  },
  "7": {
    "img_file": "7.jpg",
    "car_pos": [
      0.5815237977711796,
      0.0
    ],
    "car_vel": [
      0.3946054342018719,
      0.0
    ],
    "ball_in_frame": 1
  },
  "8": {
    "img_file": "8.jpg",
    "car_pos": [
      0.6645986260242053,
      0.0
    ],
    "car_vel": [
      0.3946054342018719,
      0.0
    ],
    "ball_in_frame": 1
  },
  "9": {
    "img_file": "9.jpg",
    "car_pos": [
      0.747673454277231,
      0.0
    ],
    "car_vel": [
      0.3946054342018719,
      0.0
    ],
    "ball_in_frame": 1
  },
  "ball_trj": {
    "pos": [
      [
        3.2902670151050906,
        3.281513633270501,
        3.2731550271849152,
        3.2651911968483347,
        3.2576221422607587,
        3.2504478634221874,
        3.24366836033262,
        3.237283632992058,
        3.2312936814005004,
        3.2256985055579475
      ],
      [
        -0.060363838344700715,
        -0.11997881173162983,
        -0.17690516188522576,
        -0.2311428888054885,
        -0.2826919924924184,
        -0.33155247294601475,
        -0.37772433016627815,
        -0.42120756415320826,
        -0.46200217490680573,
        -0.5001081624270699
      ]
    ],
    "vel": [
      [
        -0.042516156118187966,
        -0.04064097131041608,
        -0.038765786502644194,
        -0.03689060169487231,
        -0.035015416887100415,
        -0.03314023207932852,
        -0.03126504727155664,
        -0.029389862463784756,
        -0.02751467765601287,
        -0.025639492848240977
      ],
      [
        -0.2895566037670789,
        -0.2767856434087465,
        -0.26401468305041415,
        -0.25124372269208173,
        -0.23847276233374934,
        -0.22570180197541692,
        -0.21293084161708453,
        -0.20015988125875214,
        -0.18738892090041973,
        -0.17461796054208728
      ]
    ]
  }
}