{
  "0": {
    "img_file": "0.jpg",
    "car_pos": [
      0.0,
      0.0
    ],
    "car_vel": [
      0.6419104784293831,
      0.0
    ],
    "ball_in_frame": 1
  },
  "1": {
    "img_file": "1.jpg",
    "car_pos": [
      0.1351390480903964,
      0.0
    ],
    "car_vel": [
      0.6419104784293831,
      0.0
    ],
    "ball_in_frame": 1
  },
  "2": {
    "img_file": "2.jpg",
    "car_pos": [
      0.27027809618079285,
      0.0
    ],
    "car_vel": [
      0.6419104784293831,
      0.0
    ],
    "ball_in_frame": 1
  },
  "3": {
    "img_file": "3.jpg",
    "car_pos": [
      0.4054171442711893,
      0.0
    ],
    "car_vel": [
      0.6419104784293831,
      0.0
    ],
    "ball_in_frame": 1
  },
  "4": {
    "img_file": "4.jpg",
    "car_pos": [
      0.5405561923615857,
      0.0
    ],
    "car_vel": [
      0.6419104784293831,
      0.0
    ],
    "ball_in_frame": 1
  },
  "5": {
    "img_file": "5.jpg",
    "car_pos": [
      0.6756952404519821,
      0.0
    ],
    "car_vel": [
      0.6419104784293831,
      0.0
    ],
    "ball_in_frame": 1
  },
  "6": {
    "img_file": "6.jpg",
    "car_pos": [
      0.8108342885423786,
      0.0
    ],
    "car_vel": [
      0.6419104784293831,
      0.0
    ],
    "ball_in_frame": 1
  },
  "7": {
    "img_file": "7.jpg",
    "car_pos": [
      0.945973336632775,
      0.0
    ],
    "car_vel": [
      0.6419104784293831,
      0.0
    ],
    "ball_in_frame": 1
  },
  "8": {
    "img_file": "8.jpg",
    "car_pos": [
      1.0811123847231716,
      0.0
    ],
    "car_vel": [
      0.6419104784293831,
      0.0
    ],
    "ball_in_frame": 1
  },
  "9": {
    "img_file": "9.jpg",
    "car_pos": [
      1.216251432813568,
      0.0
    ],
    "car_vel": [
      0.6419104784293831,
      0.0
    ],
    "ball_in_frame": 1
  },
  "ball_trj": {
    "pos": [
      [
        2.918214243090744,
        2.870537169767707,
        2.8241981634561055,
        2.7791972241559395,
        2.735534351867208,
        2.6932095465899124,
        2.6522228083240513,
        2.612574137069626,
        2.5742635328266354,
        2.53729099559508
      ],
      [
        -1.8444206924596336,
        -1.9286954656568964,
        -2.010605049759027,
        -2.090149444766026,
        -2.167328650677894,
        -2.2421426674946305,
        -2.314591495216235,
        -2.3846751338427072,
        -2.4523935833740484,
        -2.517746843810258
      ]
    ],
    "vel": [
      [
        -0.229644007436583,
        -0.22328818913226584,
        -0.2169323708279487,
        -0.21057655252363155,
        -0.20422073421931441,
        -0.19786491591499725,
        -0.19150909761068013,
        -0.18515327930636297,
        -0.1787974610020458,
        -0.17244164269772863
      ],
      [
        -0.4059224967879351,
        -0.39468784858605965,
        -0.38345320038418423,
        -0.3722185521823088,
        -0.36098390398043334,
        -0.34974925577855787,
        -0.33851460757668245,
        -0.327279959374807,
        -0.31604531117293144,
        -0.304810662971056
      ]
    ]
  }
}