{
  "0": {
    "img_file": "0.jpg",
    "car_pos": [
      0.0,
      0.0
    ],
    "car_vel": [
      0.05629847639601593,
      0.0
    ],
    "ball_in_frame": 1
  },
  "1": {
    "img_file": "1.jpg",
    "car_pos": [
      0.011852310820213879,
      0.0
    ],
    "car_vel": [
      0.05629847639601593,
      0.0
    ],
    "ball_in_frame": 1
  },
  "2": {
    "img_file": "2.jpg",
    "car_pos": [
      0.023704621640427765,
      0.0
    ],
    "car_vel": [
      0.05629847639601593,
      0.0
    ],
    "ball_in_frame": 1
  },
  "3": {
    "img_file": "3.jpg",
    "car_pos": [
      0.03555693246064163,
      0.0
    ],
    "car_vel": [
      0.05629847639601593,
      0.0
    ],
    "ball_in_frame": 1
  },
  "4": {
    "img_file": "4.jpg",
    "car_pos": [
      0.04740924328085551,
      0.0
    ],
    "car_vel": [
      0.05629847639601593,
      0.0
    ],
    "ball_in_frame": 1
  },
  "5": {
    "img_file": "5.jpg",
    "car_pos": [
      0.05926155410106938,
      0.0
    ],
    "car_vel": [
      0.05629847639601593,
      0.0
    ],
    "ball_in_frame": 1
  },
  "6": {
    "img_file": "6.jpg",
    "car_pos": [
      0.07111386492128327,
      0.0
    ],
    "car_vel": [
      0.05629847639601593,
      0.0
    ],
    "ball_in_frame": 1
  },
  "7": {
    "img_file": "7.jpg",
    "car_pos": [
      0.08296617574149714,
      0.0
    ],
    "car_vel": [
      0.05629847639601593,
      0.0
    ],
    "ball_in_frame": 1
  },
  "8": {
    "img_file": "8.jpg",
    "car_pos": [
      0.09481848656171103,
      0.0
    ],
    "car_vel": [
      0.05629847639601593,
      0.0
    ],
    "ball_in_frame": 1
  },
  "9": {
    "img_file": "9.jpg",
    "car_pos": [
      0.10667079738192492,
      0.0
    ],
    "car_vel": [
      0.05629847639601593,
      0.0
    ],
    "ball_in_frame": 1
  },
  "ball_trj": {
    "pos": [
      [
        4.1355907407292065,
        4.170982250797672,
        4.203691162931604,
        4.233717477131003,
        4.261061193395868,
        4.285722311726199,
        4.307700832121997,
        4.326996754583261,
        4.343610079109991,
        4.357540805702189
      ],
      [
        0.9787281844186345,
        0.9844517429580244,
        0.9897414684598793,
        0.9945973609241994,
        0.9990194203509846,
        1.003007646740235,
        1.0065620400919502,
        1.0096826004061306,
        1.012369327682776,
        1.0146222219218868
      ]
    ],
    "vel": [
      [
        0.17448084291973,
        0.1617385027306952,
        0.14899616254166043,
        0.13625382235262568,
        0.1235114821635909,
        0.11076914197455609,
        0.09802680178552134,
        0.08528446159648653,
        0.07254212140745178,
        0.059799781218416975
      ],
      [
        0.028217256526247184,
        0.0261565495979564,
        0.024095842669665617,
        0.022035135741374844,
        0.01997442881308406,
        0.017913721884793277,
        0.015853014956502494,
        0.013792308028211714,
        0.01173160109992094,
        0.00967089417163016
      ]
    ]
  }
}