{
  "0": {
    "img_file": "0.jpg",
    "car_pos": [
      0.0,
      0.0
    ],
    "car_vel": [
      0.18348289840511878,
      0.0
    ],
    "ball_in_frame": 1
  },
  "1": {
    "img_file": "1.jpg",
    "car_pos": [
      0.038627978611603955,
      0.0
    ],
    "car_vel": [
      0.18348289840511878,
      0.0
    ],
    "ball_in_frame": 1
  },
  "2": {
    "img_file": "2.jpg",
    "car_pos": [
      0.07725595722320797,
      0.0
    ],
    "car_vel": [
      0.18348289840511878,
      0.0
    ],
    "ball_in_frame": 1
  },
  "3": {
    "img_file": "3.jpg",
    "car_pos": [
      0.11588393583481187,
      0.0
    ],
    "car_vel": [
      0.18348289840511878,
      0.0
    ],
    "ball_in_frame": 1
  },
  "4": {
    "img_file": "4.jpg",
    "car_pos": [
      0.15451191444641582,
      0.0
    ],
    "car_vel": [
      0.18348289840511878,
      0.0
    ],
    "ball_in_frame": 1
  },
  "5": {
    "img_file": "5.jpg",
    "car_pos": [
      0.19313989305801976,
      0.0
    ],
    "car_vel": [
      0.18348289840511878,
      0.0
    ],
    "ball_in_frame": 1
  },
  "6": {
    "img_file": "6.jpg",
    "car_pos": [
      0.2317678716696237,
      0.0
    ],
    "car_vel": [
      0.18348289840511878,
      0.0
    ],
    "ball_in_frame": 1
  },
  "7": {
    "img_file": "7.jpg",
    "car_pos": [
      0.2703958502812277,
      0.0
    ],
    "car_vel": [
      0.18348289840511878,
      0.0
    ],
    "ball_in_frame": 1
  },
  "8": {
    "img_file": "8.jpg",
    "car_pos": [
      0.30902382889283164,
      0.0
    ],
    "car_vel": [
      0.18348289840511878,
      0.0
    ],
    "ball_in_frame": 1
  },
  "9": {
    "img_file": "9.jpg",
    "car_pos": [
      0.34765180750443564,
      0.0
    ],
    "car_vel": [
      0.18348289840511878,
      0.0
    ],
    "ball_in_frame": 1
  },
  "ball_trj": {
    "pos": [
      [
        3.5518371374280893,
        3.5265931384413305,
        3.5019858722048323,
        3.4780153387185946,
        3.4546815379826175,
        3.431984469996901,
        3.409924134761445,
        3.3885005322762494,
        3.3677136625413144,
        3.347563525556641
      ],
      [
        -1.3967141570216595,
        -1.5014513951957968,
        -1.6035468320550037,
        -1.7030004675992805,
        -1.7998123018286272,
        -1.8939823347430442,
        -1.9855105663425303,
        -2.0743969966270868,
        -2.160641625596713,
        -2.244244453251409
      ]
    ],
    "vel": [
      [
        -0.12142123546897299,
        -0.11839675490523532,
        -0.11537227434149765,
        -0.11234779377775997,
        -0.1093233132140223,
        -0.10629883265028464,
        -0.10327435208654695,
        -0.10024987152280929,
        -0.09722539095907161,
        -0.09420091039533394
      ],
      [
        -0.50377615945011,
        -0.49122760320419195,
        -0.4786790469582739,
        -0.4661304907123558,
        -0.45358193446643774,
        -0.44103337822051963,
        -0.4284848219746016,
        -0.4159362657286835,
        -0.4033877094827654,
        -0.3908391532368475
      ]
    ]
  }
}