{
  "0": {
    "img_file": "0.jpg",
    "car_pos": [
      0.0,
      0.0
    ],
    "car_vel": [
      0.3115910635821528,
      0.0
    ],
    "ball_in_frame": 1
  },
  "1": {
    "img_file": "1.jpg",
    "car_pos": [
      0.06559811864887428,
      0.0
    ],
    "car_vel": [
      0.3115910635821528,
      0.0
    ],
    "ball_in_frame": 1
  },
  "2": {
    "img_file": "2.jpg",
    "car_pos": [
      0.13119623729774857,
      0.0
    ],
    "car_vel": [
      0.3115910635821528,
      0.0
    ],
    "ball_in_frame": 1
  },
  "3": {
    "img_file": "3.jpg",
    "car_pos": [
      0.19679435594662284,
      0.0
    ],
    "car_vel": [
      0.3115910635821528,
      0.0
    ],
    "ball_in_frame": 1
  },
  "4": {
    "img_file": "4.jpg",
    "car_pos": [
      0.2623924745954971,
      0.0
    ],
    "car_vel": [
      0.3115910635821528,
      0.0
    ],
    "ball_in_frame": 1
  },
  "5": {
    "img_file": "5.jpg",
    "car_pos": [
      0.3279905932443714,
      0.0
    ],
    "car_vel": [
      0.3115910635821528,
      0.0
    ],
    "ball_in_frame": 1
  },
  "6": {
    "img_file": "6.jpg",
    "car_pos": [
      0.3935887118932456,
      0.0
    ],
    "car_vel": [
      0.3115910635821528,
      0.0
    ],
    "ball_in_frame": 1
  },
  "7": {
    "img_file": "7.jpg",
    "car_pos": [
      0.4591868305421199,
      0.0
    ],
    "car_vel": [
      0.3115910635821528,
      0.0
    ],
    "ball_in_frame": 1
  },
  "8": {
    "img_file": "8.jpg",
    "car_pos": [
      0.5247849491909943,
      0.0
    ],
    "car_vel": [
      0.3115910635821528,
      0.0
    ],
    "ball_in_frame": 1
  },
  "9": {
    "img_file": "9.jpg",
    "car_pos": [
      0.5903830678398685,
      0.0
    ],
    "car_vel": [
      0.3115910635821528,
      0.0
    ],
    "ball_in_frame": 1
  },
  "ball_trj": {
    "pos": [
      [
        1.0267370458662548,
        0.8690597384229257,
        0.7140199565219825,
        0.5616177001634239,
        0.4118529693472499,
        0.2647257640734617,
        0.12023608434205801,
        -0.021616069846960073,
        -0.16083069849359344,
        -0.29740780159784164
      ],
      [
        0.9052252554067501,
        0.9443359308933182,
        0.9827923879178364,
        1.0205946264803045,
        1.0577426465807227,
        1.094236448219091,
        1.1300760313954092,
        1.1652613961096772,
        1.1997925423618954,
        1.2336694701520639
      ]
    ],
    "vel": [
      [
        -0.7552313335189761,
        -0.7427030871926469,
        -0.7301748408663176,
        -0.7176465945399884,
        -0.7051183482136592,
        -0.69259010188733,
        -0.6800618555610006,
        -0.6675336092346713,
        -0.6550053629083421,
        -0.6424771165820129
      ],
      [
        0.1873294774085672,
        0.18422193971382975,
        0.18111440201909226,
        0.1780068643243548,
        0.17489932662961735,
        0.1717917889348799,
        0.1686842512401424,
        0.16557671354540496,
        0.1624691758506675,
        0.15936163815593005
      ]
    ]
  }
}