{
  "0": {
    "img_file": "0.jpg",
    "car_pos": [
      0.0,
      0.0
    ],
    "car_vel": [
      0.0,
      0.0
    ],
    "ball_in_frame": 1
  },
  "1": {
    "img_file": "1.jpg",
    "car_pos": [
      0.0,
      0.0
    ],
    "car_vel": [
      0.0,
      0.0
    ],
    "ball_in_frame": 1
  },
  "2": {
    "img_file": "2.jpg",
    "car_pos": [
      0.0,
      0.0
    ],
    "car_vel": [
      0.0,
      0.0
    ],
    "ball_in_frame": 1
  },
  "3": {
    "img_file": "3.jpg",
    "car_pos": [
      0.0,
      0.0
    ],
    "car_vel": [
      0.0,
      0.0
    ],
    "ball_in_frame": 1
  },
  "4": {
    "img_file": "4.jpg",
    "car_pos": [
      0.0,
      0.0
    ],
    "car_vel": [
      0.0,
      0.0
    ],
    "ball_in_frame": 1
  },
  "5": {
    "img_file": "5.jpg",
    "car_pos": [
      0.0,
      0.0
    ],
    "car_vel": [
      0.0,
      0.0
    ],
    "ball_in_frame": 1
  },
  "6": {
    "img_file": "6.jpg",
    "car_pos": [
      0.0,
      0.0
    ],
    "car_vel": [
      0.0,
      0.0
    ],
    "ball_in_frame": 1
  },
  "7": {
    "img_file": "7.jpg",
    "car_pos": [
      0.0,
      0.0
    ],
    "car_vel": [
      0.0,
      0.0
    ],
    "ball_in_frame": 1
  },
  "8": {
    "img_file": "8.jpg",
    "car_pos": [
      0.0,
      0.0
    ],
    "car_vel": [
      0.0,
      0.0
    ],
    "ball_in_frame": 1
  },
  "9": {
    "img_file": "9.jpg",
    "car_pos": [
      0.0,
      0.0
    ],
    "car_vel": [
      0.0,
      0.0
    ],
    "ball_in_frame": 1
  },
  "ball_trj": {
    "pos": [
      [
        4.947247303605332,
        5.1181636210599395,
        5.286639404920356,
        5.452674655186581,
        5.616269371858615,
        5.777423554936458,
        5.936137204420111,
        6.09241032030957,
        6.246242902604841,
        6.397634951305919
      ],
      [
        -0.11280998089618499,
        -0.19650783375558534,
        -0.2790105554261849,
        -0.36031814590798283,
        -0.4404306052009801,
        -0.5193479333051763,
        -0.597070130220571,
        -0.6735971959471645,
        -0.7489291304849572,
        -0.8230659338339488
      ]
    ],
    "vel": [
      [
        0.8176487751955891,
        0.806056240623181,
        0.794463706050773,
        0.7828711714783649,
        0.7712786369059568,
        0.7596861023335487,
        0.7480935677611407,
        0.7365010331887326,
        0.7249084986163246,
        0.7133159640439164
      ],
      [
        -0.40040323765555474,
        -0.39472636450874937,
        -0.389049491361944,
        -0.3833726182151386,
        -0.37769574506833326,
        -0.3720188719215279,
        -0.3663419987747225,
        -0.36066512562791714,
        -0.35498825248111177,
        -0.34931137933430645
      ]
    ]
  }
}