{
  "0": {
    "img_file": "0.jpg",
    "car_pos": [
      0.0,
      0.0
    ],
    "car_vel": [
      0.0,
      0.0
    ],
    "ball_in_frame": 1
  },
  "1": {
    "img_file": "1.jpg",
    "car_pos": [
      0.0,
      0.0
    ],
    "car_vel": [
      0.0,
      0.0
    ],
    "ball_in_frame": 1
  },
  "2": {
    "img_file": "2.jpg",
    "car_pos": [
      0.0,
      0.0
    ],
    "car_vel": [
      0.0,
      0.0
    ],
    "ball_in_frame": 1
  },
  "3": {
    "img_file": "3.jpg",
    "car_pos": [
      0.0,
      0.0
    ],
    "car_vel": [
      0.0,
      0.0
    ],
    "ball_in_frame": 1
  },
  "4": {
    "img_file": "4.jpg",
    "car_pos": [
      0.0,
      0.0
    ],
    "car_vel": [
      0.0,
      0.0
    ],
    "ball_in_frame": 1
  },
  "5": {
    "img_file": "5.jpg",
    "car_pos": [
      0.0,
      0.0
    ],
    "car_vel": [
      0.0,
      0.0
    ],
    "ball_in_frame": 1
  },
  "6": {
    "img_file": "6.jpg",
    "car_pos": [
      0.0,
      0.0
    ],
    "car_vel": [
      0.0,
      0.0
    ],
    "ball_in_frame": 1
  },
  "7": {
    "img_file": "7.jpg",
    "car_pos": [
      0.0,
      0.0
    ],
    "car_vel": [
      0.0,
      0.0
    ],
    "ball_in_frame": 1
  },
  "8": {
    "img_file": "8.jpg",
    "car_pos": [
      0.0,
      0.0
    ],
    "car_vel": [
      0.0,
      0.0
    ],
    "ball_in_frame": 1
  },
  "9": {
    "img_file": "9.jpg",
    "car_pos": [
      0.0,
      0.0
    ],
    "car_vel": [
      0.0,
      0.0
    ],
    "ball_in_frame": 1
  },
  "ball_trj": {
    "pos": [
      [
        1.912525688924648,
        1.816450969175684,
        1.722170864461041,
        1.629685374780718,
        1.5389945001347152,
        1.4500982405230334,
        1.3629965959456716,
        1.2776895664026309,
        1.19417715189391,
        1.1124593524195099
      ],
      [
        -0.3956802175042098,
        -0.5049217923574746,
        -0.6121228036460803,
        -0.7172832513700275,
        -0.820403135529317,
        -0.9214824561239473,
        -1.0205212131539194,
        -1.1175194066192322,
        -1.2124770365198878,
        -1.3053941028558844
      ]
    ],
    "vel": [
      [
        -0.46061712951408945,
        -0.4520927081010672,
        -0.44356828668804504,
        -0.43504386527502287,
        -0.4265194438620006,
        -0.4179950224489784,
        -0.4094706010359562,
        -0.40094617962293405,
        -0.39242175820991176,
        -0.38389733679688964
      ],
      [
        -0.5237438190190701,
        -0.5140511420869421,
        -0.5043584651548142,
        -0.4946657882226863,
        -0.4849731112905583,
        -0.4752804343584305,
        -0.46558775742630254,
        -0.4558950804941746,
        -0.44620240356204655,
        -0.4365097266299187
      ]
    ]
  }
}