{
  "0": {
    "img_file": "0.jpg",
    "car_pos": [
      0.0,
      0.0
    ],
    "car_vel": [
      0.0,
      0.0
    ],
    "ball_in_frame": 1
  },
  "1": {
    "img_file": "1.jpg",
    "car_pos": [
      0.0,
      0.0
    ],
    "car_vel": [
      0.0,
      0.0
    ],
    "ball_in_frame": 1
  },
  "2": {
    "img_file": "2.jpg",
    "car_pos": [
      0.0,
      0.0
    ],
    "car_vel": [
      0.0,
      0.0
    ],
    "ball_in_frame": 1
  },
  "3": {
    "img_file": "3.jpg",
    "car_pos": [
      0.0,
      0.0
    ],
    "car_vel": [
      0.0,
      0.0
    ],
    "ball_in_frame": 1
  },
  "4": {
    "img_file": "4.jpg",
    "car_pos": [
      0.0,
      0.0
    ],
    "car_vel": [
      0.0,
      0.0
    ],
    "ball_in_frame": 1
  },
  "5": {
    "img_file": "5.jpg",
    "car_pos": [
      0.0,
      0.0
    ],
    "car_vel": [
      0.0,
      0.0
    ],
    "ball_in_frame": 1
  },
  "6": {
    "img_file": "6.jpg",
    "car_pos": [
      0.0,
      0.0
    ],
    "car_vel": [
      0.0,
      0.0
    ],
    "ball_in_frame": 1
  },
  "7": {
    "img_file": "7.jpg",
    "car_pos": [
      0.0,
      0.0
    ],
    "car_vel": [
      0.0,
      0.0
    ],
    "ball_in_frame": 1
  },
  "8": {
    "img_file": "8.jpg",
    "car_pos": [
      0.0,
      0.0
    ],
    "car_vel": [
      0.0,
      0.0
    ],
    "ball_in_frame": 1
  },
  "9": {
    "img_file": "9.jpg",
    "car_pos": [
      0.0,
      0.0
    ],
    "car_vel": [
      0.0,
      0.0
    ],
    "ball_in_frame": 1
  },
  "ball_trj": {
    "pos": [
      [
        2.492803589108605,
        2.446750166538734,
        2.401668783391702,
        2.357559439667508,
        2.314422135366152,
        2.2722568704876345,
        2.231063645031955,
        2.1908424589991147,
        2.151593312389112,
        2.113316205201947
      ],
      [
        -1.812047519447923,
        -1.932276799976898,
        -2.049968427625105,
        -2.165122402392544,
        -2.277738724279216,
        -2.38781739328512,
        -2.495358409410256,
        -2.600361772654624,
        -2.702827483018225,
        -2.8027555405010576
      ]
    ],
    "vel": [
      [
        -0.22106235083612683,
        -0.21644516357764487,
        -0.21182797631916297,
        -0.20721078906068105,
        -0.2025936018021991,
        -0.19797641454371717,
        -0.19335922728523525,
        -0.18874204002675335,
        -0.1841248527682714,
        -0.1795076655097895
      ],
      [
        -0.5771160081044532,
        -0.5650621569208062,
        -0.5530083057371591,
        -0.5409544545535121,
        -0.5289006033698651,
        -0.516846752186218,
        -0.504792901002571,
        -0.492739049818924,
        -0.4806851986352769,
        -0.4686313474516299
      ]
    ]
  }
}