{
  "0": {
    "img_file": "0.jpg",
    "car_pos": [
      0.0,
      0.0
    ],
    "car_vel": [
      0.0,
      0.0
    ],
    "ball_in_frame": 1
  },
  "1": {
    "img_file": "1.jpg",
    "car_pos": [
      0.0,
      0.0
    ],
    "car_vel": [
      0.0,
      0.0
    ],
    "ball_in_frame": 1
  },
  "2": {
    "img_file": "2.jpg",
    "car_pos": [
      0.0,
      0.0
    ],
    "car_vel": [
      0.0,
      0.0
    ],
    "ball_in_frame": 1
  },
  "3": {
    "img_file": "3.jpg",
    "car_pos": [
      0.0,
      0.0
    ],
    "car_vel": [
      0.0,
      0.0
    ],
    "ball_in_frame": 1
  },
  "4": {
    "img_file": "4.jpg",
    "car_pos": [
      0.0,
      0.0
    ],
    "car_vel": [
      0.0,
      0.0
    ],
    "ball_in_frame": 1
  },
  "5": {
    "img_file": "5.jpg",
    "car_pos": [
      0.0,
      0.0
    ],
    "car_vel": [
      0.0,
      0.0
    ],
    "ball_in_frame": 1
  },
  "6": {
    "img_file": "6.jpg",
    "car_pos": [
      0.0,
      0.0
    ],
    "car_vel": [
      0.0,
      0.0
    ],
    "ball_in_frame": 1
  },
  "7": {
    "img_file": "7.jpg",
    "car_pos": [
      0.0,
      0.0
    ],
    "car_vel": [
      0.0,
      0.0
    ],
    "ball_in_frame": 1
  },
  "8": {
    "img_file": "8.jpg",
    "car_pos": [
      0.0,
      0.0
    ],
    "car_vel": [
      0.0,
      0.0
    ],
    "ball_in_frame": 1
  },
  "9": {
    "img_file": "9.jpg",
    "car_pos": [
      0.0,
      0.0
    ],
    "car_vel": [
      0.0,
      0.0
    ],
    "ball_in_frame": 1
  },
  "ball_trj": {
    "pos": [
      [
        5.0845986433236305,
        5.264554437718193,
        5.44256400114176,
        5.618627333594333,
        5.792744435075912,
        5.964915305586497,
        6.135139945126086,
        6.303418353694681,
        6.469750531292282,
        6.634136477918884
      ],
      [
        -2.427487266639048,
        -2.602845128298139,
        -2.7763064858601174,
        -2.947871339324985,
        -3.117539688692741,
        -3.285311533963384,
        -3.4511868751369157,
        -3.615165712213336,
        -3.777248045192644,
        -3.9374338740748365
      ]
    ],
    "vel": [
      [
        0.8594123219302833,
        0.8501677248180588,
        0.8409231277058343,
        0.8316785305936099,
        0.8224339334813854,
        0.8131893363691609,
        0.8039447392569363,
        0.7947001421447119,
        0.7854555450324874,
        0.7762109479202631
      ],
      [
        -0.8374540401113221,
        -0.8284456456500405,
        -0.8194372511887591,
        -0.8104288567274776,
        -0.801420462266196,
        -0.7924120678049146,
        -0.783403673343633,
        -0.7743952788823516,
        -0.7653868844210701,
        -0.7563784899597886
      ]
    ]
  }
}