{
  "0": {
    "img_file": "0.jpg",
    "car_pos": [
      0.0,
      0.0
    ],
    "car_vel": [
      0.0,
      0.0
    ],
    "ball_in_frame": 1
  },
  "1": {
    "img_file": "1.jpg",
    "car_pos": [
      0.0,
      0.0
    ],
    "car_vel": [
      0.0,
      0.0
    ],
    "ball_in_frame": 1
  },
  "2": {
    "img_file": "2.jpg",
    "car_pos": [
      0.0,
      0.0
    ],
    "car_vel": [
      0.0,
      0.0
    ],
    "ball_in_frame": 1
  },
  "3": {
    "img_file": "3.jpg",
    "car_pos": [
      0.0,
      0.0
    ],
    "car_vel": [
      0.0,
      0.0
    ],
    "ball_in_frame": 1
  },
  "4": {
    "img_file": "4.jpg",
    "car_pos": [
      0.0,
      0.0
    ],
    "car_vel": [
      0.0,
      0.0
    ],
    "ball_in_frame": 1
  },
  "5": {
    "img_file": "5.jpg",
    "car_pos": [
      0.0,
      0.0
    ],
    "car_vel": [
      0.0,
      0.0
    ],
    "ball_in_frame": 1
  },
  "6": {
    "img_file": "6.jpg",
    "car_pos": [
      0.0,
      0.0
    ],
    "car_vel": [
      0.0,
      0.0
    ],
    "ball_in_frame": 1
  },
  "7": {
    "img_file": "7.jpg",
    "car_pos": [
      0.0,
      0.0
    ],
    "car_vel": [
      0.0,
      0.0
    ],
    "ball_in_frame": 1
  },
  "8": {
    "img_file": "8.jpg",
    "car_pos": [
      0.0,
      0.0
    ],
    "car_vel": [
      0.0,
      0.0
    ],
    "ball_in_frame": 1
  },
  "9": {
    "img_file": "9.jpg",
    "car_pos": [
      0.0,
      0.0
    ],
    "car_vel": [
      0.0,
      0.0
    ],
    "ball_in_frame": 1
  },
  "ball_trj": {
    "pos": [
      [
        4.424541440329396,
        4.486200794789244,
        4.545162921315334,
        4.6014278199076655,
        4.654995490566239,
        4.7058659332910535,
        4.754039148082111,
        4.7995151349394085,
        4.842293893862949,
        4.8823754248527305
      ],
      [
        0.10859649801083951,
        0.10103170891436418,
        0.09379783409103924,
        0.08689487354086471,
        0.08032282726384057,
        0.07408169525996683,
        0.0681714775292435,
        0.06259217407167061,
        0.05734378488724809,
        0.052426309975975985
      ]
    ],
    "vel": [
      [
        0.2992878500269551,
        0.2864760173416031,
        0.273664184656251,
        0.26085235197089895,
        0.2480405192855469,
        0.23522868660019478,
        0.22241685391484273,
        0.20960502122949068,
        0.19679318854413858,
        0.18398135585878647
      ],
      [
        -0.03671866960699005,
        -0.03514682680952564,
        -0.03357498401206123,
        -0.03200314121459681,
        -0.0304312984171324,
        -0.028859455619667976,
        -0.027287612822203565,
        -0.025715770024739154,
        -0.024143927227274736,
        -0.022572084429810322
      ]
    ]
  }
}