{
  "0": {
    "img_file": "0.jpg",
    "car_pos": [
      0.0,
      0.0
    ],
    "car_vel": [
      0.0,
      0.0
    ],
    "ball_in_frame": 1
  },
  "1": {
    "img_file": "1.jpg",
    "car_pos": [
      0.0,
      0.0
    ],
    "car_vel": [
      0.0,
      0.0
    ],
    "ball_in_frame": 1
  },
  "2": {
    "img_file": "2.jpg",
    "car_pos": [
      0.0,
      0.0
    ],
    "car_vel": [
      0.0,
      0.0
    ],
    "ball_in_frame": 1
  },
  "3": {
    "img_file": "3.jpg",
    "car_pos": [
      0.0,
      0.0
    ],
    "car_vel": [
      0.0,
      0.0
    ],
    "ball_in_frame": 1
  },
  "4": {
    "img_file": "4.jpg",
    "car_pos": [
      0.0,
      0.0
    ],
    "car_vel": [
      0.0,
      0.0
    ],
    "ball_in_frame": 1
  },
  "5": {
    "img_file": "5.jpg",
    "car_pos": [
      0.0,
      0.0
    ],
    "car_vel": [
      0.0,
      0.0
    ],
    "ball_in_frame": 1
  },
  "6": {
    "img_file": "6.jpg",
    "car_pos": [
      0.0,
      0.0
    ],
    "car_vel": [
      0.0,
      0.0
    ],
    "ball_in_frame": 1
  },
  "7": {
    "img_file": "7.jpg",
    "car_pos": [
      0.0,
      0.0
    ],
    "car_vel": [
      0.0,
      0.0
    ],
    "ball_in_frame": 1
  },
  "8": {
    "img_file": "8.jpg",
    "car_pos": [
      0.0,
      0.0
    ],
    "car_vel": [
      0.0,
      0.0
    ],
    "ball_in_frame": 1
  },
  "9": {
    "img_file": "9.jpg",
    "car_pos": [
      0.0,
      0.0
    ],
    "car_vel": [
      0.0,
      0.0
    ],
    "ball_in_frame": 1
  },
  "ball_trj": {
    "pos": [
      [
        2.9178593880718533,
        2.9641384655612075,
        3.0084359422450078,
        3.0507518181232545,
        3.0910860931959476,
        3.129438767463087,
        3.165809840924672,
        3.2001993135807036,
        3.2326071854311818,
        3.263033456476106
      ],
      [
        -0.2856637288576811,
        -0.3290915982316642,
        -0.3706599512625491,
        -0.41036878795033555,
        -0.4482181082950237,
        -0.4842079122966137,
        -0.5183381999551054,
        -0.5506089712704986,
        -0.5810202262427937,
        -0.6095719648719902
      ]
    ],
    "vel": [
      [
        0.22453191998762154,
        0.21511931616124133,
        0.20570671233486115,
        0.19629410850848095,
        0.18688150468210074,
        0.1774689008557205,
        0.16805629702934027,
        0.1586436932029601,
        0.14923108937657983,
        0.1398184855501996
      ],
      [
        -0.21069873084127796,
        -0.20186602821156102,
        -0.19303332558184402,
        -0.18420062295212705,
        -0.17536792032241008,
        -0.16653521769269308,
        -0.15770251506297614,
        -0.1488698124332592,
        -0.14003710980354217,
        -0.1312044071738252
      ]
    ]
  }
}