{
  "0": {
    "img_file": "0.jpg",
    "car_pos": [
      0.0,
      0.0
    ],
    "car_vel": [
      0.7160191107787897,
      0.0
    ],
    "ball_in_frame": 1
  },
  "1": {
    "img_file": "1.jpg",
    "car_pos": [
      0.15074086542711362,
      0.0
    ],
    "car_vel": [
      0.7160191107787897,
      0.0
    ],
    "ball_in_frame": 1
  },
  "2": {
    "img_file": "2.jpg",
    "car_pos": [
      0.3014817308542272,
      0.0
    ],
    "car_vel": [
      0.7160191107787897,
      0.0
    ],
    "ball_in_frame": 1
  },
  "3": {
    "img_file": "3.jpg",
    "car_pos": [
      0.4522225962813408,
      0.0
    ],
    "car_vel": [
      0.7160191107787897,
      0.0
    ],
    "ball_in_frame": 1
  },
  "4": {
    "img_file": "4.jpg",
    "car_pos": [
      0.6029634617084544,
      0.0
    ],
    "car_vel": [
      0.7160191107787897,
      0.0
    ],
    "ball_in_frame": 1
  },
  "5": {
    "img_file": "5.jpg",
    "car_pos": [
      0.753704327135568,
      0.0
    ],
    "car_vel": [
      0.7160191107787897,
      0.0
    ],
    "ball_in_frame": 1
  },
  "6": {
    "img_file": "6.jpg",
    "car_pos": [
      0.9044451925626817,
      0.0
    ],
    "car_vel": [
      0.7160191107787897,
      0.0
    ],
    "ball_in_frame": 1
  },
  "7": {
    "img_file": "7.jpg",
    "car_pos": [
      1.0551860579897954,
      0.0
    ],
    "car_vel": [
      0.7160191107787897,
      0.0
    ],
    "ball_in_frame": 1
  },
  "8": {
    "img_file": "8.jpg",
    "car_pos": [
      1.2059269234169092,
      0.0
    ],
    "car_vel": [
      0.7160191107787897,
      0.0
    ],
    "ball_in_frame": 1
  },
  "9": {
    "img_file": "9.jpg",
    "car_pos": [
      1.3566677888440226,
      0.0
    ],
    "car_vel": [
      0.7160191107787897,
      0.0
    ],
    "ball_in_frame": 1
  },
  "ball_trj": {
    "pos": [
      [
        2.9123838811932004,
        2.8199182993496783,
        2.7299063137496256,
        2.6423479243930426,
        2.557243131279928,
        2.474591934410283,
        2.394394333784108,
        2.3166503294014023,
        2.241359921262165,
        2.1685231093663973
      ],
      [
        0.38692012492455724,
        0.3429002120927812,
        0.30004837813542,
        0.25836462305247376,
        0.21784894684394185,
        0.1785013495098251,
        0.14032183105012308,
        0.1033103914648359,
        0.06746703075396343,
        0.032791748917506136
      ]
    ],
    "vel": [
      [
        -0.44503880483496827,
        -0.43338422267848903,
        -0.4217296405220099,
        -0.41007505836553065,
        -0.3984204762090514,
        -0.3867658940525722,
        -0.37511131189609304,
        -0.36345672973961385,
        -0.35180214758313455,
        -0.3401475654266554
      ],
      [
        -0.2118687732776712,
        -0.20632039862420082,
        -0.20077202397073046,
        -0.19522364931726008,
        -0.1896752746637897,
        -0.1841269000103193,
        -0.17857852535684893,
        -0.17303015070337857,
        -0.1674817760499082,
        -0.1619334013964378
      ]
    ]
  }
}