{
  "0": {
    "img_file": "0.jpg",
    "car_pos": [
      0.0,
      0.0
    ],
    "car_vel": [
      0.44657755161677526,
      0.0
    ],
    "ball_in_frame": 1
  },
  "1": {
    "img_file": "1.jpg",
    "car_pos": [
      0.09401632665616322,
      0.0
    ],
    "car_vel": [
      0.44657755161677526,
      0.0
    ],
    "ball_in_frame": 1
  },
  "2": {
    "img_file": "2.jpg",
    "car_pos": [
      0.18803265331232644,
      0.0
    ],
    "car_vel": [
      0.44657755161677526,
      0.0
    ],
    "ball_in_frame": 1
  },
  "3": {
    "img_file": "3.jpg",
    "car_pos": [
      0.28204897996848965,
      0.0
    ],
    "car_vel": [
      0.44657755161677526,
      0.0
    ],
    "ball_in_frame": 1
  },
  "4": {
    "img_file": "4.jpg",
    "car_pos": [
      0.3760653066246528,
      0.0
    ],
    "car_vel": [
      0.44657755161677526,
      0.0
    ],
    "ball_in_frame": 1
  },
  "5": {
    "img_file": "5.jpg",
    "car_pos": [
      0.47008163328081604,
      0.0
    ],
    "car_vel": [
      0.44657755161677526,
      0.0
    ],
    "ball_in_frame": 1
  },
  "6": {
    "img_file": "6.jpg",
    "car_pos": [
      0.5640979599369793,
      0.0
    ],
    "car_vel": [
      0.44657755161677526,
      0.0
    ],
    "ball_in_frame": 1
  },
  "7": {
    "img_file": "7.jpg",
    "car_pos": [
      0.6581142865931424,
      0.0
    ],
    "car_vel": [
      0.44657755161677526,
      0.0
    ],
    "ball_in_frame": 1
  },
  "8": {
    "img_file": "8.jpg",
    "car_pos": [
      0.7521306132493057,
      0.0
    ],
    "car_vel": [
      0.44657755161677526,
      0.0
    ],
    "ball_in_frame": 1
  },
  "9": {
    "img_file": "9.jpg",
    "car_pos": [
      0.8461469399054689,
      0.0
    ],
    "car_vel": [
      0.44657755161677526,
      0.0
    ],
    "ball_in_frame": 1
  },
  "ball_trj": {
    "pos": [
      [
        1.4626938920525419,
        1.3360969147544228,
        1.2119572777176624,
        1.0902749809422605,
        0.9710500244282172,
        0.854282408175532,
        0.7399721321842054,
        0.6281191964542376,
        0.5187236009856284,
        0.41178534577837667
      ],
      [
        1.0003985046290986,
        1.060168615077473,
        1.118778543806147,
        1.1762282908151203,
        1.232517856104393,
        1.287647239673965,
        1.3416164415238363,
        1.394425461654007,
        1.4460743000644771,
        1.4965629567552468
      ]
    ],
    "vel": [
      [
        -0.6071718252867906,
        -0.5954994590453377,
        -0.583827092803885,
        -0.5721547265624323,
        -0.5604823603209794,
        -0.5488099940795266,
        -0.537137627838074,
        -0.5254652615966211,
        -0.5137928953551683,
        -0.5021205291137155
      ],
      [
        0.28666345621406764,
        0.2811525930454896,
        0.2756417298769116,
        0.2701308667083336,
        0.26462000353975557,
        0.25910914037117755,
        0.25359827720259953,
        0.24808741403402151,
        0.2425765508654435,
        0.23706568769686548
      ]
    ]
  }
}