{
  "0": {
    "img_file": "0.jpg",
    "car_pos": [
      0.0,
      0.0
    ],
    "car_vel": [
      0.0,
      0.0
    ],
    "ball_in_frame": 1
  },
  "1": {
    "img_file": "1.jpg",
    "car_pos": [
      0.0,
      0.0
    ],
    "car_vel": [
      0.0,
      0.0
    ],
    "ball_in_frame": 1
  },
  "2": {
    "img_file": "2.jpg",
    "car_pos": [
      0.0,
      0.0
    ],
    "car_vel": [
      0.0,
      0.0
    ],
    "ball_in_frame": 1
  },
  "3": {
    "img_file": "3.jpg",
    "car_pos": [
      0.0,
      0.0
    ],
    "car_vel": [
      0.0,
      0.0
    ],
    "ball_in_frame": 1
  },
  "4": {
    "img_file": "4.jpg",
    "car_pos": [
      0.0,
      0.0
    ],
    "car_vel": [
      0.0,
      0.0
    ],
    "ball_in_frame": 1
  },
  "5": {
    "img_file": "5.jpg",
    "car_pos": [
      0.0,
      0.0
    ],
    "car_vel": [
      0.0,
      0.0
    ],
    "ball_in_frame": 1
  },
  "6": {
    "img_file": "6.jpg",
    "car_pos": [
      0.0,
      0.0
    ],
    "car_vel": [
      0.0,
      0.0
    ],
    "ball_in_frame": 1
  },
  "7": {
    "img_file": "7.jpg",
    "car_pos": [
      0.0,
      0.0
    ],
    "car_vel": [
      0.0,
      0.0
    ],
    "ball_in_frame": 1
  },
  "8": {
    "img_file": "8.jpg",
    "car_pos": [
      0.0,
      0.0
    ],
    "car_vel": [
      0.0,
      0.0
    ],
    "ball_in_frame": 1
  },
  "9": {
    "img_file": "9.jpg",
    "car_pos": [
      0.0,
      0.0
    ],
    "car_vel": [
      0.0,
      0.0
    ],
    "ball_in_frame": 1
  },
  "ball_trj": {
    "pos": [
      [
        2.9747122530664343,
        3.0008653633706195,
        3.025794732242974,
        3.0495003596834973,
        3.07198224569219,
        3.0932403902690515,
        3.113274793414082,
        3.132085455127282,
        3.149672375408651,
        3.166035554258189
      ],
      [
        -0.654246795070375,
        -0.7061006069707345,
        -0.7555281048578548,
        -0.8025292887317355,
        -0.8471041585923773,
        -0.8892527144397797,
        -0.9289749562739427,
        -0.9662708840948664,
        -1.0011404979025509,
        -1.0335837976969962
      ]
    ],
    "vel": [
      [
        0.1271336598454788,
        0.12132088804428187,
        0.11550811624308499,
        0.1096953444418881,
        0.10388257264069119,
        0.09806980083949429,
        0.09225702903829741,
        0.08644425723710052,
        0.08063148543590362,
        0.07481871363470669
      ],
      [
        -0.25206810230815013,
        -0.24054311074526358,
        -0.22901811918237702,
        -0.21749312761949047,
        -0.20596813605660386,
        -0.19444314449371733,
        -0.18291815293083075,
        -0.17139316136794422,
        -0.1598681698050576,
        -0.14834317824217103
      ]
    ]
  }
}