{
  "0": {
    "img_file": "0.jpg",
    "car_pos": [
      0.0,
      0.0
    ],
    "car_vel": [
      0.7666153927442237,
      0.0
    ],
    "ball_in_frame": 1
  },
  "1": {
    "img_file": "1.jpg",
    "car_pos": [
      0.16139271426194185,
      0.0
    ],
    "car_vel": [
      0.7666153927442237,
      0.0
    ],
    "ball_in_frame": 1
  },
  "2": {
    "img_file": "2.jpg",
    "car_pos": [
      0.32278542852388364,
      0.0
    ],
    "car_vel": [
      0.7666153927442237,
      0.0
    ],
    "ball_in_frame": 1
  },
  "3": {
    "img_file": "3.jpg",
    "car_pos": [
      0.4841781427858255,
      0.0
    ],
    "car_vel": [
      0.7666153927442237,
      0.0
    ],
    "ball_in_frame": 1
  },
  "4": {
    "img_file": "4.jpg",
    "car_pos": [
      0.6455708570477673,
      0.0
    ],
    "car_vel": [
      0.7666153927442237,
      0.0
    ],
    "ball_in_frame": 1
  },
  "5": {
    "img_file": "5.jpg",
    "car_pos": [
      0.8069635713097092,
      0.0
    ],
    "car_vel": [
      0.7666153927442237,
      0.0
    ],
    "ball_in_frame": 1
  },
  "6": {
    "img_file": "6.jpg",
    "car_pos": [
      0.968356285571651,
      0.0
    ],
    "car_vel": [
      0.7666153927442237,
      0.0
    ],
    "ball_in_frame": 1
  },
  "7": {
    "img_file": "7.jpg",
    "car_pos": [
      1.129748999833593,
      0.0
    ],
    "car_vel": [
      0.7666153927442237,
      0.0
    ],
    "ball_in_frame": 1
  },
  "8": {
    "img_file": "8.jpg",
    "car_pos": [
      1.2911417140955348,
      0.0
    ],
    "car_vel": [
      0.7666153927442237,
      0.0
    ],
    "ball_in_frame": 1
  },
  "9": {
    "img_file": "9.jpg",
    "car_pos": [
      1.4525344283574766,
      0.0
    ],
    "car_vel": [
      0.7666153927442237,
      0.0
    ],
    "ball_in_frame": 1
  },
  "ball_trj": {
    "pos": [
      [
        3.0124111125015895,
        3.0857308693335503,
        3.1572487822677537,
        3.2269648513042006,
        3.29487907644289,
        3.3609914576838227,
        3.4253019950269987,
        3.4878106884724174,
        3.548517538020079,
        3.6074225436699834
      ],
      [
        -1.4403482507669874,
        -1.5231222462493779,
        -1.6038620585170755,
        -1.6825676875700808,
        -1.7592391334083937,
        -1.833876396032014,
        -1.9064794754409415,
        -1.9770483716351768,
        -2.0455830846147203,
        -2.1120836143795705
      ]
    ],
    "vel": [
      [
        0.35254822420898513,
        0.34398946569463934,
        0.33543070718029355,
        0.3268719486659478,
        0.31831319015160203,
        0.30975443163725624,
        0.3011956731229105,
        0.2926369146085648,
        0.284078156094219,
        0.2755193975798732
      ],
      [
        -0.39800766367624846,
        -0.38834529340645907,
        -0.3786829231366696,
        -0.36902055286688024,
        -0.35935818259709085,
        -0.3496958123273014,
        -0.34003344205751207,
        -0.3303710717877226,
        -0.3207087015179332,
        -0.3110463312481438
      ]
    ]
  }
}