{
  "0": {
    "img_file": "0.jpg",
    "car_pos": [
      0.0,
      0.0
    ],
    "car_vel": [
      0.05836959333533276,
      0.0
    ],
    "ball_in_frame": 1
  },
  "1": {
    "img_file": "1.jpg",
    "car_pos": [
      0.01228833543901742,
      0.0
    ],
    "car_vel": [
      0.05836959333533276,
      0.0
    ],
    "ball_in_frame": 1
  },
  "2": {
    "img_file": "2.jpg",
    "car_pos": [
      0.02457667087803485,
      0.0
    ],
    "car_vel": [
      0.05836959333533276,
      0.0
    ],
    "ball_in_frame": 1
  },
  "3": {
    "img_file": "3.jpg",
    "car_pos": [
      0.036865006317052265,
      0.0
    ],
    "car_vel": [
      0.05836959333533276,
      0.0
    ],
    "ball_in_frame": 1
  },
  "4": {
    "img_file": "4.jpg",
    "car_pos": [
      0.04915334175606968,
      0.0
    ],
    "car_vel": [
      0.05836959333533276,
      0.0
    ],
    "ball_in_frame": 1
  },
  "5": {
    "img_file": "5.jpg",
    "car_pos": [
      0.0614416771950871,
      0.0
    ],
    "car_vel": [
      0.05836959333533276,
      0.0
    ],
    "ball_in_frame": 1
  },
  "6": {
    "img_file": "6.jpg",
    "car_pos": [
      0.07373001263410453,
      0.0
    ],
    "car_vel": [
      0.05836959333533276,
      0.0
    ],
    "ball_in_frame": 1
  },
  "7": {
    "img_file": "7.jpg",
    "car_pos": [
      0.08601834807312196,
      0.0
    ],
    "car_vel": [
      0.05836959333533276,
      0.0
    ],
    "ball_in_frame": 1
  },
  "8": {
    "img_file": "8.jpg",
    "car_pos": [
      0.09830668351213939,
      0.0
    ],
    "car_vel": [
      0.05836959333533276,
      0.0
    ],
    "ball_in_frame": 1
  },
  "9": {
    "img_file": "9.jpg",
    "car_pos": [
      0.11059501895115681,
      0.0
    ],
    "car_vel": [
      0.05836959333533276,
      0.0
    ],
    "ball_in_frame": 1
  },
  "ball_trj": {
    "pos": [
      [
        1.5082926408563688,
        1.3517899375473985,
        1.197995855876825,
        1.0469103958446484,
        0.8985335574508684,
        0.7528653406954846,
        0.609905745578498,
        0.46965477209990825,
        0.33211242025971455,
        0.1972786900579182
      ],
      [
        -0.8805128747604634,
        -0.8931600591383513,
        -0.9055883563242197,
        -0.917797766318069,
        -0.9297882891198989,
        -0.9415599247297093,
        -0.9531126731475005,
        -0.9644465343732722,
        -0.9755615084070246,
        -0.9864575952487575
      ]
    ],
    "vel": [
      [
        -0.7498208171087996,
        -0.7369548643264153,
        -0.724088911544031,
        -0.7112229587616468,
        -0.6983570059792624,
        -0.6854910531968781,
        -0.6726251004144939,
        -0.6597591476321095,
        -0.6468931948497252,
        -0.634027242067341
      ],
      [
        -0.06059398287601353,
        -0.05955426871392156,
        -0.05851455455182959,
        -0.05747484038973762,
        -0.056435126227645654,
        -0.05539541206555368,
        -0.05435569790346172,
        -0.05331598374136975,
        -0.05227626957927777,
        -0.0512365554171858
      ]
    ]
  }
}