{
  "0": {
    "img_file": "0.jpg",
    "car_pos": [
      0.0,
      0.0
    ],
    "car_vel": [
      0.5414905508140964,
      0.0
    ],
    "ball_in_frame": 1
  },
  "1": {
    "img_file": "1.jpg",
    "car_pos": [
      0.11399801069770452,
      0.0
    ],
    "car_vel": [
      0.5414905508140964,
      0.0
    ],
    "ball_in_frame": 1
  },
  "2": {
    "img_file": "2.jpg",
    "car_pos": [
      0.227996021395409,
      0.0
    ],
    "car_vel": [
      0.5414905508140964,
      0.0
    ],
    "ball_in_frame": 1
  },
  "3": {
    "img_file": "3.jpg",
    "car_pos": [
      0.3419940320931135,
      0.0
    ],
    "car_vel": [
      0.5414905508140964,
      0.0
    ],
    "ball_in_frame": 1
  },
  "4": {
    "img_file": "4.jpg",
    "car_pos": [
      0.455992042790818,
      0.0
    ],
    "car_vel": [
      0.5414905508140964,
      0.0
    ],
    "ball_in_frame": 1
  },
  "5": {
    "img_file": "5.jpg",
    "car_pos": [
      0.5699900534885225,
      0.0
    ],
    "car_vel": [
      0.5414905508140964,
      0.0
    ],
    "ball_in_frame": 1
  },
  "6": {
    "img_file": "6.jpg",
    "car_pos": [
      0.683988064186227,
      0.0
    ],
    "car_vel": [
      0.5414905508140964,
      0.0
    ],
    "ball_in_frame": 1
  },
  "7": {
    "img_file": "7.jpg",
    "car_pos": [
      0.7979860748839316,
      0.0
    ],
    "car_vel": [
      0.5414905508140964,
      0.0
    ],
    "ball_in_frame": 1
  },
  "8": {
    "img_file": "8.jpg",
    "car_pos": [
      0.9119840855816361,
      0.0
    ],
    "car_vel": [
      0.5414905508140964,
      0.0
    ],
    "ball_in_frame": 1
  },
  "9": {
    "img_file": "9.jpg",
    "car_pos": [
      1.0259820962793404,
      0.0
    ],
    "car_vel": [
      0.5414905508140964,
      0.0
    ],
    "ball_in_frame": 1
  },
  "ball_trj": {
    "pos": [
      [
        1.4100067869017336,
        1.2941985346039857,
        1.18008930240132,
        1.067679090293736,
        0.9569678982812337,
        0.8479557263638131,
        0.7406425745414749,
        0.6350284428142181,
        0.5311133311820431,
        0.42889723964494997
      ],
      [
        -0.8588840289097643,
        -1.003442854242936,
        -1.1458808605127908,
        -1.2861980477193284,
        -1.4243944158625492,
        -1.5604699649424536,
        -1.6944246949590402,
        -1.8262586059123098,
        -1.955971697802263,
        -2.083563970628899
      ]
    ],
    "vel": [
      [
        -0.5541243711401216,
        -0.5460540256884826,
        -0.5379836802368436,
        -0.5299133347852047,
        -0.5218429893335659,
        -0.5137726438819269,
        -0.5057022984302879,
        -0.49763195297864904,
        -0.48956160752701006,
        -0.4814912620753711
      ],
      [
        -0.6916913656079432,
        -0.6816174750571873,
        -0.6715435845064315,
        -0.6614696939556757,
        -0.6513958034049199,
        -0.6413219128541641,
        -0.6312480223034083,
        -0.6211741317526525,
        -0.6111002412018967,
        -0.6010263506511407
      ]
    ]
  }
}