{
  "0": {
    "img_file": "0.jpg",
    "car_pos": [
      0.0,
      0.0
    ],
    "car_vel": [
      0.3432273205335663,
      0.0
    ],
    "ball_in_frame": 1
  },
  "1": {
    "img_file": "1.jpg",
    "car_pos": [
      0.07225838327022449,
      0.0
    ],
    "car_vel": [
      0.3432273205335663,
      0.0
    ],
    "ball_in_frame": 1
  },
  "2": {
    "img_file": "2.jpg",
    "car_pos": [
      0.1445167665404491,
      0.0
    ],
    "car_vel": [
      0.3432273205335663,
      0.0
    ],
    "ball_in_frame": 1
  },
  "3": {
    "img_file": "3.jpg",
    "car_pos": [
      0.21677514981067347,
      0.0
    ],
    "car_vel": [
      0.3432273205335663,
      0.0
    ],
    "ball_in_frame": 1
  },
  "4": {
    "img_file": "4.jpg",
    "car_pos": [
      0.28903353308089796,
      0.0
    ],
    "car_vel": [
      0.3432273205335663,
      0.0
    ],
    "ball_in_frame": 1
  },
  "5": {
    "img_file": "5.jpg",
    "car_pos": [
      0.36129191635112246,
      0.0
    ],
    "car_vel": [
      0.3432273205335663,
      0.0
    ],
    "ball_in_frame": 1
  },
  "6": {
    "img_file": "6.jpg",
    "car_pos": [
      0.43355029962134695,
      0.0
    ],
    "car_vel": [
      0.3432273205335663,
      0.0
    ],
    "ball_in_frame": 1
  },
  "7": {
    "img_file": "7.jpg",
    "car_pos": [
      0.5058086828915714,
      0.0
    ],
    "car_vel": [
      0.3432273205335663,
      0.0
    ],
    "ball_in_frame": 1
  },
  "8": {
    "img_file": "8.jpg",
    "car_pos": [
      0.5780670661617959,
      0.0
    ],
    "car_vel": [
      0.3432273205335663,
      0.0
    ],
    "ball_in_frame": 1
  },
  "9": {
    "img_file": "9.jpg",
    "car_pos": [
      0.6503254494320204,
      0.0
    ],
    "car_vel": [
      0.3432273205335663,
      0.0
    ],
    "ball_in_frame": 1
  },
  "ball_trj": {
    "pos": [
      [
        1.0651118992620723,
        0.9641111960787703,
        0.8658176392826591,
        0.7702312288737392,
        0.6773519648520097,
        0.5871798472174707,
        0.4997148759701231,
        0.41495705110996584,
        0.3329063726369992,
        0.2535628405512236
      ],
      [
        -0.4014073830662209,
        -0.39258627171519916,
        -0.3840015947549518,
        -0.3756533521854788,
        -0.3675415440067802,
        -0.3596661702188559,
        -0.352027230821706,
        -0.34462472581533043,
        -0.3374586551997292,
        -0.3305290189749024
      ]
    ],
    "vel": [
      [
        -0.48618281279026176,
        -0.47332386745110555,
        -0.4604649221119494,
        -0.44760597677279323,
        -0.43474703143363713,
        -0.4218880860944809,
        -0.40902914075532476,
        -0.3961701954161685,
        -0.3833112500770123,
        -0.37045230473785606
      ],
      [
        0.042461810595442295,
        0.04133874723926408,
        0.04021568388308587,
        0.03909262052690766,
        0.037969557170729445,
        0.03684649381455123,
        0.03572343045837302,
        0.034600367102194815,
        0.033477303746016596,
        0.03235424038983839
      ]
    ]
  }
}