{
  "0": {
    "img_file": "0.jpg",
    "car_pos": [
      0.0,
      0.0
    ],
    "car_vel": [
      0.0,
      0.0
    ],
    "ball_in_frame": 1
  },
  "1": {
    "img_file": "1.jpg",
    "car_pos": [
      0.0,
      0.0
    ],
    "car_vel": [
      0.0,
      0.0
    ],
    "ball_in_frame": 1
  },
  "2": {
    "img_file": "2.jpg",
    "car_pos": [
      0.0,
      0.0
    ],
    "car_vel": [
      0.0,
      0.0
    ],
    "ball_in_frame": 1
  },
  "3": {
    "img_file": "3.jpg",
    "car_pos": [
      0.0,
      0.0
    ],
    "car_vel": [
      0.0,
      0.0
    ],
    "ball_in_frame": 1
  },
  "4": {
    "img_file": "4.jpg",
    "car_pos": [
      0.0,
      0.0
    ],
    "car_vel": [
      0.0,
      0.0
    ],
    "ball_in_frame": 1
  },
  "5": {
    "img_file": "5.jpg",
    "car_pos": [
      0.0,
      0.0
    ],
    "car_vel": [
      0.0,
      0.0
    ],
    "ball_in_frame": 1
  },
  "6": {
    "img_file": "6.jpg",
    "car_pos": [
      0.0,
      0.0
    ],
    "car_vel": [
      0.0,
      0.0
    ],
    "ball_in_frame": 1
  },
  "7": {
    "img_file": "7.jpg",
    "car_pos": [
      0.0,
      0.0
    ],
    "car_vel": [
      0.0,
      0.0
    ],
    "ball_in_frame": 1
  },
  "8": {
    "img_file": "8.jpg",
    "car_pos": [
      0.0,
      0.0
    ],
    "car_vel": [
      0.0,
      0.0
    ],
    "ball_in_frame": 1
  },
  "9": {
    "img_file": "9.jpg",
    "car_pos": [
      0.0,
      0.0
    ],
    "car_vel": [
      0.0,
      0.0
    ],
    "ball_in_frame": 1
  },
  "ball_trj": {
    "pos": [
      [
        4.22916807331548,
        4.315360032949085,
        4.400027284414469,
        4.483169827711634,
        4.564787662840578,
        4.644880789801302,
        4.723449208593808,
        4.800492919218092,
        4.876011921674157,
        4.950006215962002
      ],
      [
        -0.6529137952806163,
        -0.7800727757908557,
        -0.9049823546507483,
        -1.0276425318602933,
        -1.1480533074194914,
        -1.2662146813283426,
        -1.3821266535868466,
        -1.4957892241950037,
        -1.607202393152813,
        -1.716366160460276
      ]
    ],
    "vel": [
      [
        0.413032990159142,
        0.40579062636009733,
        0.39854826256105264,
        0.391305898762008,
        0.3840635349629633,
        0.3768211711639186,
        0.3695788073648739,
        0.3623364435658293,
        0.3550940797667846,
        0.3478517159677399
      ],
      [
        -0.6093474863432111,
        -0.5986628285040623,
        -0.5879781706649135,
        -0.5772935128257648,
        -0.566608854986616,
        -0.5559241971474671,
        -0.5452395393083184,
        -0.5345548814691695,
        -0.5238702236300208,
        -0.5131855657908719
      ]
    ]
  }
}