{
  "0": {
    "img_file": "0.jpg",
    "car_pos": [
      0.0,
      0.0
    ],
    "car_vel": [
      0.0,
      0.0
    ],
    "ball_in_frame": 1
  },
  "1": {
    "img_file": "1.jpg",
    "car_pos": [
      0.0,
      0.0
    ],
    "car_vel": [
      0.0,
      0.0
    ],
    "ball_in_frame": 1
  },
  "2": {
    "img_file": "2.jpg",
    "car_pos": [
      0.0,
      0.0
    ],
    "car_vel": [
      0.0,
      0.0
    ],
    "ball_in_frame": 1
  },
  "3": {
    "img_file": "3.jpg",
    "car_pos": [
      0.0,
      0.0
    ],
    "car_vel": [
      0.0,
      0.0
    ],
    "ball_in_frame": 1
  },
  "4": {
    "img_file": "4.jpg",
    "car_pos": [
      0.0,
      0.0
    ],
    "car_vel": [
      0.0,
      0.0
    ],
    "ball_in_frame": 1
  },
  "5": {
    "img_file": "5.jpg",
    "car_pos": [
      0.0,
      0.0
    ],
    "car_vel": [
      0.0,
      0.0
    ],
    "ball_in_frame": 1
  },
  "6": {
    "img_file": "6.jpg",
    "car_pos": [
      0.0,
      0.0
    ],
    "car_vel": [
      0.0,
      0.0
    ],
    "ball_in_frame": 1
  },
  "7": {
    "img_file": "7.jpg",
    "car_pos": [
      0.0,
      0.0
    ],
    "car_vel": [
      0.0,
      0.0
    ],
    "ball_in_frame": 1
  },
  "8": {
    "img_file": "8.jpg",
    "car_pos": [
      0.0,
      0.0
    ],
    "car_vel": [
      0.0,
      0.0
    ],
    "ball_in_frame": 1
  },
  "9": {
    "img_file": "9.jpg",
    "car_pos": [
      0.0,
      0.0
    ],
    "car_vel": [
      0.0,
      0.0
    ],
    "ball_in_frame": 1
  },
  "ball_trj": {
    "pos": [
      [
        3.0549571213714644,
        3.1353823284773057,
        3.2145688303504407,
        3.2925166269908703,
        3.369225718398595,
        3.444696104573614,
        3.5189277855159276,
        3.591920761225535,
        3.663675031702437,
        3.734190596946634
      ],
      [
        -0.9439633288005612,
        -1.1010024280736137,
        -1.2556228185735208,
        -1.4078245003002836,
        -1.557607473253901,
        -1.7049717374343736,
        -1.8499172928417016,
        -1.9924441394758832,
        -2.132552277336921,
        -2.2702417064248133
      ]
    ],
    "vel": [
      [
        0.3849616586804202,
        0.37907780882506864,
        0.3731939589697171,
        0.36731010911436557,
        0.361426259259014,
        0.3555424094036624,
        0.3496585595483109,
        0.3437747096929593,
        0.33789085983760775,
        0.3320070099822562
      ],
      [
        -0.7516801548832186,
        -0.7401912882107797,
        -0.7287024215383409,
        -0.7172135548659021,
        -0.7057246881934632,
        -0.6942358215210244,
        -0.6827469548485856,
        -0.6712580881761468,
        -0.659769221503708,
        -0.6482803548312692
      ]
    ]
  }
}