{
  "0": {
    "img_file": "0.jpg",
    "car_pos": [
      0.0,
      0.0
    ],
    "car_vel": [
      0.0,
      0.0
    ],
    "ball_in_frame": 1
  },
  "1": {
    "img_file": "1.jpg",
    "car_pos": [
      0.0,
      0.0
    ],
    "car_vel": [
      0.0,
      0.0
    ],
    "ball_in_frame": 1
  },
  "2": {
    "img_file": "2.jpg",
    "car_pos": [
      0.0,
      0.0
    ],
    "car_vel": [
      0.0,
      0.0
    ],
    "ball_in_frame": 1
  },
  "3": {
    "img_file": "3.jpg",
    "car_pos": [
      0.0,
      0.0
    ],
    "car_vel": [
      0.0,
      0.0
    ],
    "ball_in_frame": 1
  },
  "4": {
    "img_file": "4.jpg",
    "car_pos": [
      0.0,
      0.0
    ],
    "car_vel": [
      0.0,
      0.0
    ],
    "ball_in_frame": 1
  },
  "5": {
    "img_file": "5.jpg",
    "car_pos": [
      0.0,
      0.0
    ],
    "car_vel": [
      0.0,
      0.0
    ],
    "ball_in_frame": 1
  },
  "6": {
    "img_file": "6.jpg",
    "car_pos": [
      0.0,
      0.0
    ],
    "car_vel": [
      0.0,
      0.0
    ],
    "ball_in_frame": 1
  },
  "7": {
    "img_file": "7.jpg",
    "car_pos": [
      0.0,
      0.0
    ],
    "car_vel": [
      0.0,
      0.0
    ],
    "ball_in_frame": 1
  },
  "8": {
    "img_file": "8.jpg",
    "car_pos": [
      0.0,
      0.0
    ],
    "car_vel": [
      0.0,
      0.0
    ],
    "ball_in_frame": 1
  },
  "9": {
    "img_file": "9.jpg",
    "car_pos": [
      0.0,
      0.0
    ],
    "car_vel": [
      0.0,
      0.0
    ],
    "ball_in_frame": 1
  },
  "ball_trj": {
    "pos": [
      [
        2.7757577750498665,
        2.7602517899795673,
        2.746903952297001,
        2.7357142620021677,
        2.7266827190950673,
        2.7198093235757,
        2.7150940754440653,
        2.7125369747001637,
        2.7120309890037175,
        2.712030813351692
      ],
      [
        0.5192449497548342,
        0.5073802634109718,
        0.49716692277157065,
        0.4886049278366306,
        0.48169427860615177,
        0.47643497508013405,
        0.4728270172585775,
        0.47087040514148204,
        0.4704832409880537,
        0.47048310658471293
      ]
    ],
    "vel": [
      [
        -0.07877902912978743,
        -0.06852782903805583,
        -0.05827662894632428,
        -0.048025428854592725,
        -0.03777422876286115,
        -0.027523028671129574,
        -0.01727182857939801,
        -0.007020628487666457,
        1.3013651697542674e-05,
        6.916223361560367e-06
      ],
      [
        -0.060279206181441176,
        -0.052435314085250706,
        -0.0445914219890603,
        -0.03674752989286986,
        -0.028903637796679427,
        -0.02105974570048898,
        -0.013215853604298552,
        -0.005371961508108119,
        9.957632158137618e-06,
        5.292074027995066e-06
      ]
    ]
  }
}