{
  "0": {
    "img_file": "0.jpg",
    "car_pos": [
      0.0,
      0.0
    ],
    "car_vel": [
      0.3480096637580061,
      0.0
    ],
    "ball_in_frame": 1
  },
  "1": {
    "img_file": "1.jpg",
    "car_pos": [
      0.07326519237010655,
      0.0
    ],
    "car_vel": [
      0.3480096637580061,
      0.0
    ],
    "ball_in_frame": 1
  },
  "2": {
    "img_file": "2.jpg",
    "car_pos": [
      0.14653038474021315,
      0.0
    ],
    "car_vel": [
      0.3480096637580061,
      0.0
    ],
    "ball_in_frame": 1
  },
  "3": {
    "img_file": "3.jpg",
    "car_pos": [
      0.21979557711031963,
      0.0
    ],
    "car_vel": [
      0.3480096637580061,
      0.0
    ],
    "ball_in_frame": 1
  },
  "4": {
    "img_file": "4.jpg",
    "car_pos": [
      0.2930607694804262,
      0.0
    ],
    "car_vel": [
      0.3480096637580061,
      0.0
    ],
    "ball_in_frame": 1
  },
  "5": {
    "img_file": "5.jpg",
    "car_pos": [
      0.36632596185053273,
      0.0
    ],
    "car_vel": [
      0.3480096637580061,
      0.0
    ],
    "ball_in_frame": 1
  },
  "6": {
    "img_file": "6.jpg",
    "car_pos": [
      0.43959115422063927,
      0.0
    ],
    "car_vel": [
      0.3480096637580061,
      0.0
    ],
    "ball_in_frame": 1
  },
  "7": {
    "img_file": "7.jpg",
    "car_pos": [
      0.5128563465907459,
      0.0
    ],
    "car_vel": [
      0.3480096637580061,
      0.0
    ],
    "ball_in_frame": 1
  },
  "8": {
    "img_file": "8.jpg",
    "car_pos": [
      0.5861215389608524,
      0.0
    ],
    "car_vel": [
      0.3480096637580061,
      0.0
    ],
    "ball_in_frame": 1
  },
  "9": {
    "img_file": "9.jpg",
    "car_pos": [
      0.6593867313309589,
      0.0
    ],
    "car_vel": [
      0.3480096637580061,
      0.0
    ],
    "ball_in_frame": 1
  },
  "ball_trj": {
    "pos": [
      [
        3.3528230580496627,
        3.461141597971484,
        3.5678319643535703,
        3.6728941571959215,
        3.7763281764985384,
        3.8781340222614205,
        3.9783116944845673,
        4.0768611931679795,
        4.173782518311657,
        4.2690756699156
      ],
      [
        -1.4497788036895038,
        -1.594521811859674,
        -1.7370891376754254,
        -1.8774807811367584,
        -2.0156967422436725,
        -2.151737020996168,
        -2.2856016173942457,
        -2.4172905314379043,
        -2.546803763127142,
        -2.6741413124619635
      ]
    ],
    "vel": [
      [
        0.5183799767855205,
        0.5106461524717802,
        0.5029123281580399,
        0.4951785038442995,
        0.48744467953055914,
        0.47971085521681883,
        0.47197703090307846,
        0.46424320658933815,
        0.4565093822755979,
        0.4487755579618576
      ],
      [
        -0.6926965344000503,
        -0.682362043216562,
        -0.6720275520330738,
        -0.6616930608495857,
        -0.6513585696660975,
        -0.6410240784826093,
        -0.6306895872991212,
        -0.620355096115633,
        -0.6100206049321447,
        -0.5996861137486565
      ]
    ]
  }
}