{
  "0": {
    "img_file": "0.jpg",
    "car_pos": [
      0.0,
      0.0
    ],
    "car_vel": [
      0.0,
      0.0
    ],
    "ball_in_frame": 1
  },
  "1": {
    "img_file": "1.jpg",
    "car_pos": [
      0.0,
      0.0
    ],
    "car_vel": [
      0.0,
      0.0
    ],
    "ball_in_frame": 1
  },
  "2": {
    "img_file": "2.jpg",
    "car_pos": [
      0.0,
      0.0
    ],
    "car_vel": [
      0.0,
      0.0
    ],
    "ball_in_frame": 1
  },
  "3": {
    "img_file": "3.jpg",
    "car_pos": [
      0.0,
      0.0
    ],
    "car_vel": [
      0.0,
      0.0
    ],
    "ball_in_frame": 1
  },
  "4": {
    "img_file": "4.jpg",
    "car_pos": [
      0.0,
      0.0
    ],
    "car_vel": [
      0.0,
      0.0
    ],
    "ball_in_frame": 1
  },
  "5": {
    "img_file": "5.jpg",
    "car_pos": [
      0.0,
      0.0
    ],
    "car_vel": [
      0.0,
      0.0
    ],
    "ball_in_frame": 1
  },
  "6": {
    "img_file": "6.jpg",
    "car_pos": [
      0.0,
      0.0
    ],
    "car_vel": [
      0.0,
      0.0
    ],
    "ball_in_frame": 1
  },
  "7": {
    "img_file": "7.jpg",
    "car_pos": [
      0.0,
      0.0
    ],
    "car_vel": [
      0.0,
      0.0
    ],
    "ball_in_frame": 1
  },
  "8": {
    "img_file": "8.jpg",
    "car_pos": [
      0.0,
      0.0
    ],
    "car_vel": [
      0.0,
      0.0
    ],
    "ball_in_frame": 1
  },
  "9": {
    "img_file": "9.jpg",
    "car_pos": [
      0.0,
      0.0
    ],
    "car_vel": [
      0.0,
      0.0
    ],
    "ball_in_frame": 1
  },
  "ball_trj": {
    "pos": [
      [
        2.8774559545926808,
        2.925645817625174,
        2.972839048281256,
        3.019035646560926,
        3.0642356124641843,
        3.108438945991031,
        3.151645647141466,
        3.1938557159154897,
        3.235069152313102,
        3.275285956334302
      ],
      [
        -1.956981391875734,
        -2.0792216252458537,
        -2.1989337631492023,
        -2.3161178055857796,
        -2.4307737525555866,
        -2.5429016040586214,
        -2.6525013600948855,
        -2.7595730206643783,
        -2.8641165857671003,
        -2.96613205540305
      ]
    ],
    "vel": [
      [
        0.23126885129832037,
        0.22653484751036526,
        0.22180084372241016,
        0.21706683993445508,
        0.21233283614649998,
        0.20759883235854487,
        0.2028648285705898,
        0.1981308247826347,
        0.19339682099467956,
        0.18866281720672445
      ],
      [
        -0.5866453352416502,
        -0.5746368817744869,
        -0.5626284283073238,
        -0.5506199748401606,
        -0.5386115213729974,
        -0.5266030679058342,
        -0.514594614438671,
        -0.5025861609715079,
        -0.4905777075043447,
        -0.4785692540371815
      ]
    ]
  }
}