{
  "0": {
    "img_file": "0.jpg",
    "car_pos": [
      0.0,
      0.0
    ],
    "car_vel": [
      0.8535612698706173,
      0.0
    ],
    "ball_in_frame": 1
  },
  "1": {
    "img_file": "1.jpg",
    "car_pos": [
      0.17969710944644574,
      0.0
    ],
    "car_vel": [
      0.8535612698706173,
      0.0
    ],
    "ball_in_frame": 1
  },
  "2": {
    "img_file": "2.jpg",
    "car_pos": [
      0.3593942188928914,
      0.0
    ],
    "car_vel": [
      0.8535612698706173,
      0.0
    ],
    "ball_in_frame": 1
  },
  "3": {
    "img_file": "3.jpg",
    "car_pos": [
      0.5390913283393372,
      0.0
    ],
    "car_vel": [
      0.8535612698706173,
      0.0
    ],
    "ball_in_frame": 1
  },
  "4": {
    "img_file": "4.jpg",
    "car_pos": [
      0.7187884377857829,
      0.0
    ],
    "car_vel": [
      0.8535612698706173,
      0.0
    ],
    "ball_in_frame": 1
  },
  "5": {
    "img_file": "5.jpg",
    "car_pos": [
      0.8984855472322286,
      0.0
    ],
    "car_vel": [
      0.8535612698706173,
      0.0
    ],
    "ball_in_frame": 1
  },
  "6": {
    "img_file": "6.jpg",
    "car_pos": [
      1.0781826566786745,
      0.0
    ],
    "car_vel": [
      0.8535612698706173,
      0.0
    ],
    "ball_in_frame": 1
  },
  "7": {
    "img_file": "7.jpg",
    "car_pos": [
      1.25787976612512,
      0.0
    ],
    "car_vel": [
      0.8535612698706173,
      0.0
    ],
    "ball_in_frame": 1
  },
  "8": {
    "img_file": "8.jpg",
    "car_pos": [
      1.437576875571566,
      0.0
    ],
    "car_vel": [
      0.8535612698706173,
      0.0
    ],
    "ball_in_frame": 1
  },
  "9": {
    "img_file": "9.jpg",
    "car_pos": [
      1.6172739850180118,
      0.0
    ],
    "car_vel": [
      0.8535612698706173,
      0.0
    ],
    "ball_in_frame": 1
  },
  "ball_trj": {
    "pos": [
      [
        2.943626635884412,
        2.8770394682758633,
        2.812998664618352,
        2.7515042249118764,
        2.692556149156438,
        2.6361544373520363,
        2.582299089498671,
        2.530990105596343,
        2.4822274856450512,
        2.436011229644796
      ],
      [
        0.7250584057975502,
        0.7498742826291915,
        0.7737411739964121,
        0.7966590798992119,
        0.8186280003375912,
        0.8396479353115498,
        0.8597188848210876,
        0.8788408488662047,
        0.8970138274469011,
        0.9142378205631767
      ]
    ],
    "vel": [
      [
        -0.32233666052431686,
        -0.31024143175689267,
        -0.2981462029894685,
        -0.2860509742220443,
        -0.2739557454546201,
        -0.2618605166871959,
        -0.24976528791977168,
        -0.23767005915234748,
        -0.22557483038492326,
        -0.21347960161749907
      ],
      [
        0.12012925542829513,
        0.11562157447229679,
        0.11111389351629844,
        0.1066062125603001,
        0.10209853160430174,
        0.09759085064830342,
        0.09308316969230507,
        0.08857548873630675,
        0.0840678077803084,
        0.07956012682431005
      ]
    ]
  }
}