{
  "0": {
    "img_file": "0.jpg",
    "car_pos": [
      0.0,
      0.0
    ],
    "car_vel": [
      0.3250048048349209,
      0.0
    ],
    "ball_in_frame": 1
  },
  "1": {
    "img_file": "1.jpg",
    "car_pos": [
      0.06842206417577285,
      0.0
    ],
    "car_vel": [
      0.3250048048349209,
      0.0
    ],
    "ball_in_frame": 1
  },
  "2": {
    "img_file": "2.jpg",
    "car_pos": [
      0.13684412835154575,
      0.0
    ],
    "car_vel": [
      0.3250048048349209,
      0.0
    ],
    "ball_in_frame": 1
  },
  "3": {
    "img_file": "3.jpg",
    "car_pos": [
      0.20526619252731843,
      0.0
    ],
    "car_vel": [
      0.3250048048349209,
      0.0
    ],
    "ball_in_frame": 1
  },
  "4": {
    "img_file": "4.jpg",
    "car_pos": [
      0.27368825670309127,
      0.0
    ],
    "car_vel": [
      0.3250048048349209,
      0.0
    ],
    "ball_in_frame": 1
  },
  "5": {
    "img_file": "5.jpg",
    "car_pos": [
      0.34211032087886406,
      0.0
    ],
    "car_vel": [
      0.3250048048349209,
      0.0
    ],
    "ball_in_frame": 1
  },
  "6": {
    "img_file": "6.jpg",
    "car_pos": [
      0.4105323850546369,
      0.0
    ],
    "car_vel": [
      0.3250048048349209,
      0.0
    ],
    "ball_in_frame": 1
  },
  "7": {
    "img_file": "7.jpg",
    "car_pos": [
      0.47895444923040975,
      0.0
    ],
    "car_vel": [
      0.3250048048349209,
      0.0
    ],
    "ball_in_frame": 1
  },
  "8": {
    "img_file": "8.jpg",
    "car_pos": [
      0.5473765134061827,
      0.0
    ],
    "car_vel": [
      0.3250048048349209,
      0.0
    ],
    "ball_in_frame": 1
  },
  "9": {
    "img_file": "9.jpg",
    "car_pos": [
      0.6157985775819554,
      0.0
    ],
    "car_vel": [
      0.3250048048349209,
      0.0
    ],
    "ball_in_frame": 1
  },
  "ball_trj": {
    "pos": [
      [
        3.0945673587619704,
        3.049319036006202,
        3.0050453869049276,
        2.961746411458146,
        2.9194221096658577,
        2.8780724815280627,
        2.837697527044761,
        2.7982972462159523,
        2.7598716390416373,
        2.7224207055218166
      ],
      [
        -1.0809564037265074,
        -1.1987176749100819,
        -1.3139423038149625,
        -1.4266302904411488,
        -1.536781634788642,
        -1.6443963368574406,
        -1.7494743966475452,
        -1.852015814158956,
        -1.952020589391673,
        -2.0494887223456946
      ]
    ],
    "vel": [
      [
        -0.21724438301931998,
        -0.2126146831604768,
        -0.20798498330163365,
        -0.20335528344279052,
        -0.19872558358394735,
        -0.1940958837251042,
        -0.18946618386626107,
        -0.1848364840074179,
        -0.18020678414857474,
        -0.17557708428973165
      ],
      [
        -0.5653905635338763,
        -0.55334151271008,
        -0.5412924618862838,
        -0.5292434110624876,
        -0.5171943602386915,
        -0.5051453094148952,
        -0.49309625859109907,
        -0.48104720776730286,
        -0.46899815694350666,
        -0.4569491061197104
      ]
    ]
  }
}